000A:
1010101010101010
0000000000000001
1000000000000000
0000000000000001
1000000000000000
0010000011111001
1010000010000000
0010000011111001
1010000010000000
0011111010000001
1000000000000000
0000000000000001
1000000000000000
0000000000000001
1000000000000000
0101010101010101

0020:
00000000
00000000
00000000
00000000
00000000
00000000
00000000
00000000
00000000
00000000
00000000
00000000
00000000
00000000
00000000
00000000

0021:
00000000
00000000
00000000
00000000
00001000
00001000
00001000
00001000
00001000
00001000
00001000
00000000
00001000
00001000
00000000
00000000

0022:
00000000
00000000
00100010
00100010
00100010
00100010
00000000
00000000
00000000
00000000
00000000
00000000
00000000
00000000
00000000
00000000

0023:
00000000
00000000
00000000
00000000
00010010
00010010
00010010
01111110
00100100
00100100
01111110
01001000
01001000
01001000
00000000
00000000

0024:
00000000
00000000
00000000
00000000
00001000
00111110
01001001
01001000
00111000
00001110
00001001
01001001
00111110
00001000
00000000
00000000

0025:
00000000
00000000
00000000
00000000
00110001
01001010
01001010
00110100
00001000
00001000
00010110
00101001
00101001
01000110
00000000
00000000

0026:
00000000
00000000
00000000
00000000
00011100
00100010
00100010
00010100
00011000
00101001
01000101
01000010
01000110
00111001
00000000
00000000

0027:
00000000
00000000
00001000
00001000
00001000
00001000
00000000
00000000
00000000
00000000
00000000
00000000
00000000
00000000
00000000
00000000

0028:
00000000
00000000
00000000
00000100
00001000
00001000
00010000
00010000
00010000
00010000
00010000
00010000
00001000
00001000
00000100
00000000

0029:
00000000
00000000
00000000
00100000
00010000
00010000
00001000
00001000
00001000
00001000
00001000
00001000
00010000
00010000
00100000
00000000

002A:
00000000
00000000
00000000
00000000
00000000
00000000
00001000
01001001
00101010
00011100
00101010
01001001
00001000
00000000
00000000
00000000

002B:
00000000
00000000
00000000
00000000
00000000
00000000
00001000
00001000
00001000
01111111
00001000
00001000
00001000
00000000
00000000
00000000

002C:
00000000
00000000
00000000
00000000
00000000
00000000
00000000
00000000
00000000
00000000
00000000
00000000
00011000
00001000
00001000
00010000

002D:
00000000
00000000
00000000
00000000
00000000
00000000
00000000
00000000
00000000
00111100
00000000
00000000
00000000
00000000
00000000
00000000

002E:
00000000
00000000
00000000
00000000
00000000
00000000
00000000
00000000
00000000
00000000
00000000
00000000
00011000
00011000
00000000
00000000

002F:
00000000
00000000
00000000
00000000
00000010
00000010
00000100
00001000
00001000
00010000
00010000
00100000
01000000
01000000
00000000
00000000

0030:
00000000
00000000
00000000
00000000
00011000
00100100
01000010
01000110
01001010
01010010
01100010
01000010
00100100
00011000
00000000
00000000

0031:
00000000
00000000
00000000
00000000
00001000
00011000
00101000
00001000
00001000
00001000
00001000
00001000
00001000
00111110
00000000
00000000

0032:
00000000
00000000
00000000
00000000
00111100
01000010
01000010
00000010
00001100
00010000
00100000
01000000
01000000
01111110
00000000
00000000

0033:
00000000
00000000
00000000
00000000
00111100
01000010
01000010
00000010
00011100
00000010
00000010
01000010
01000010
00111100
00000000
00000000

0034:
00000000
00000000
00000000
00000000
00000100
00001100
00010100
00100100
01000100
01000100
01111110
00000100
00000100
00000100
00000000
00000000

0035:
00000000
00000000
00000000
00000000
01111110
01000000
01000000
01000000
01111100
00000010
00000010
00000010
01000010
00111100
00000000
00000000

0036:
00000000
00000000
00000000
00000000
00011100
00100000
01000000
01000000
01111100
01000010
01000010
01000010
01000010
00111100
00000000
00000000

0037:
00000000
00000000
00000000
00000000
01111110
00000010
00000010
00000100
00000100
00000100
00001000
00001000
00001000
00001000
00000000
00000000

0038:
00000000
00000000
00000000
00000000
00111100
01000010
01000010
01000010
00111100
01000010
01000010
01000010
01000010
00111100
00000000
00000000

0039:
00000000
00000000
00000000
00000000
00111100
01000010
01000010
01000010
00111110
00000010
00000010
00000010
00000100
00111000
00000000
00000000

003A:
00000000
00000000
00000000
00000000
00000000
00000000
00011000
00011000
00000000
00000000
00000000
00011000
00011000
00000000
00000000
00000000

003B:
00000000
00000000
00000000
00000000
00000000
00000000
00011000
00011000
00000000
00000000
00000000
00011000
00001000
00001000
00010000
00000000

003C:
00000000
00000000
00000000
00000000
00000000
00000010
00000100
00001000
00010000
00100000
00010000
00001000
00000100
00000010
00000000
00000000

003D:
00000000
00000000
00000000
00000000
00000000
00000000
00000000
01111110
00000000
00000000
00000000
01111110
00000000
00000000
00000000
00000000

003E:
00000000
00000000
00000000
00000000
00000000
01000000
00100000
00010000
00001000
00000100
00001000
00010000
00100000
01000000
00000000
00000000

003F:
00000000
00000000
00000000
00000000
00111100
01000010
01000010
00000010
00000100
00001000
00001000
00000000
00001000
00001000
00000000
00000000

0040:
00000000
00000000
00000000
00000000
00011100
00100010
01001010
01010110
01010010
01010010
01010010
01001110
00100000
00011110
00000000
00000000

0041:
00000000
00000000
00000000
00000000
00011000
00100100
00100100
01000010
01000010
01111110
01000010
01000010
01000010
01000010
00000000
00000000

0042:
00000000
00000000
00000000
00000000
01111100
01000010
01000010
01000010
01111100
01000010
01000010
01000010
01000010
01111100
00000000
00000000

0043:
00000000
00000000
00000000
00000000
00111100
01000010
01000010
01000000
01000000
01000000
01000000
01000010
01000010
00111100
00000000
00000000

0044:
00000000
00000000
00000000
00000000
01111000
01000100
01000010
01000010
01000010
01000010
01000010
01000010
01000100
01111000
00000000
00000000

0045:
00000000
00000000
00000000
00000000
01111110
01000000
01000000
01000000
01111100
01000000
01000000
01000000
01000000
01111110
00000000
00000000

0046:
00000000
00000000
00000000
00000000
01111110
01000000
01000000
01000000
01111100
01000000
01000000
01000000
01000000
01000000
00000000
00000000

0047:
00000000
00000000
00000000
00000000
00111100
01000010
01000010
01000000
01000000
01001110
01000010
01000010
01000110
00111010
00000000
00000000

0048:
00000000
00000000
00000000
00000000
01000010
01000010
01000010
01000010
01111110
01000010
01000010
01000010
01000010
01000010
00000000
00000000

0049:
00000000
00000000
00000000
00000000
00111110
00001000
00001000
00001000
00001000
00001000
00001000
00001000
00001000
00111110
00000000
00000000

004A:
00000000
00000000
00000000
00000000
00011111
00000100
00000100
00000100
00000100
00000100
00000100
01000100
01000100
00111000
00000000
00000000

004B:
00000000
00000000
00000000
00000000
01000010
01000100
01001000
01010000
01100000
01100000
01010000
01001000
01000100
01000010
00000000
00000000

004C:
00000000
00000000
00000000
00000000
01000000
01000000
01000000
01000000
01000000
01000000
01000000
01000000
01000000
01111110
00000000
00000000

004D:
00000000
00000000
00000000
00000000
01000010
01000010
01100110
01100110
01011010
01011010
01000010
01000010
01000010
01000010
00000000
00000000

004E:
00000000
00000000
00000000
00000000
01000010
01100010
01100010
01010010
01010010
01001010
01001010
01000110
01000110
01000010
00000000
00000000

004F:
00000000
00000000
00000000
00000000
00111100
01000010
01000010
01000010
01000010
01000010
01000010
01000010
01000010
00111100
00000000
00000000

0050:
00000000
00000000
00000000
00000000
01111100
01000010
01000010
01000010
01111100
01000000
01000000
01000000
01000000
01000000
00000000
00000000

0051:
00000000
00000000
00000000
00000000
00111100
01000010
01000010
01000010
01000010
01000010
01000010
01011010
01100110
00111100
00000011
00000000

0052:
00000000
00000000
00000000
00000000
01111100
01000010
01000010
01000010
01111100
01001000
01000100
01000100
01000010
01000010
00000000
00000000

0053:
00000000
00000000
00000000
00000000
00111100
01000010
01000010
01000000
00110000
00001100
00000010
01000010
01000010
00111100
00000000
00000000

0054:
00000000
00000000
00000000
00000000
01111111
00001000
00001000
00001000
00001000
00001000
00001000
00001000
00001000
00001000
00000000
00000000

0055:
00000000
00000000
00000000
00000000
01000010
01000010
01000010
01000010
01000010
01000010
01000010
01000010
01000010
00111100
00000000
00000000

0056:
00000000
00000000
00000000
00000000
01000001
01000001
01000001
00100010
00100010
00100010
00010100
00010100
00001000
00001000
00000000
00000000

0057:
00000000
00000000
00000000
00000000
01000010
01000010
01000010
01000010
01011010
01011010
01100110
01100110
01000010
01000010
00000000
00000000

0058:
00000000
00000000
00000000
00000000
01000010
01000010
00100100
00100100
00011000
00011000
00100100
00100100
01000010
01000010
00000000
00000000

0059:
00000000
00000000
00000000
00000000
01000001
01000001
00100010
00100010
00010100
00001000
00001000
00001000
00001000
00001000
00000000
00000000

005A:
00000000
00000000
00000000
00000000
01111110
00000010
00000010
00000100
00001000
00010000
00100000
01000000
01000000
01111110
00000000
00000000

005B:
00000000
00000000
00000000
00001110
00001000
00001000
00001000
00001000
00001000
00001000
00001000
00001000
00001000
00001000
00001110
00000000

005C:
00000000
00000000
00000000
00000000
01000000
01000000
00100000
00010000
00010000
00001000
00001000
00000100
00000010
00000010
00000000
00000000

005D:
00000000
00000000
00000000
01110000
00010000
00010000
00010000
00010000
00010000
00010000
00010000
00010000
00010000
00010000
01110000
00000000

005E:
00000000
00000000
00011000
00100100
01000010
00000000
00000000
00000000
00000000
00000000
00000000
00000000
00000000
00000000
00000000
00000000

005F:
00000000
00000000
00000000
00000000
00000000
00000000
00000000
00000000
00000000
00000000
00000000
00000000
00000000
00000000
01111111
00000000

0060:
00000000
00100000
00010000
00001000
00000000
00000000
00000000
00000000
00000000
00000000
00000000
00000000
00000000
00000000
00000000
00000000

0061:
00000000
00000000
00000000
00000000
00000000
00000000
00111100
01000010
00000010
00111110
01000010
01000010
01000110
00111010
00000000
00000000

0062:
00000000
00000000
00000000
01000000
01000000
01000000
01011100
01100010
01000010
01000010
01000010
01000010
01100010
01011100
00000000
00000000

0063:
00000000
00000000
00000000
00000000
00000000
00000000
00111100
01000010
01000000
01000000
01000000
01000000
01000010
00111100
00000000
00000000

0064:
00000000
00000000
00000000
00000010
00000010
00000010
00111010
01000110
01000010
01000010
01000010
01000010
01000110
00111010
00000000
00000000

0065:
00000000
00000000
00000000
00000000
00000000
00000000
00111100
01000010
01000010
01111110
01000000
01000000
01000010
00111100
00000000
00000000

0066:
00000000
00000000
00000000
00001100
00010000
00010000
00010000
01111100
00010000
00010000
00010000
00010000
00010000
00010000
00000000
00000000

0067:
00000000
00000000
00000000
00000000
00000000
00000010
00111010
01000100
01000100
01000100
00111000
00100000
00111100
01000010
01000010
00111100

0068:
00000000
00000000
00000000
01000000
01000000
01000000
01011100
01100010
01000010
01000010
01000010
01000010
01000010
01000010
00000000
00000000

0069:
00000000
00000000
00000000
00001000
00001000
00000000
00011000
00001000
00001000
00001000
00001000
00001000
00001000
00111110
00000000
00000000

006A:
00000000
00000000
00000000
00000100
00000100
00000000
00001100
00000100
00000100
00000100
00000100
00000100
00000100
00000100
01001000
00110000

006B:
00000000
00000000
00000000
01000000
01000000
01000000
01000100
01001000
01010000
01100000
01010000
01001000
01000100
01000010
00000000
00000000

006C:
00000000
00000000
00000000
00011000
00001000
00001000
00001000
00001000
00001000
00001000
00001000
00001000
00001000
00111110
00000000
00000000

006D:
00000000
00000000
00000000
00000000
00000000
00000000
01110110
01001001
01001001
01001001
01001001
01001001
01001001
01001001
00000000
00000000

006E:
00000000
00000000
00000000
00000000
00000000
00000000
01011100
01100010
01000010
01000010
01000010
01000010
01000010
01000010
00000000
00000000

006F:
00000000
00000000
00000000
00000000
00000000
00000000
00111100
01000010
01000010
01000010
01000010
01000010
01000010
00111100
00000000
00000000

0070:
00000000
00000000
00000000
00000000
00000000
00000000
01011100
01100010
01000010
01000010
01000010
01000010
01100010
01011100
01000000
01000000

0071:
00000000
00000000
00000000
00000000
00000000
00000000
00111010
01000110
01000010
01000010
01000010
01000010
01000110
00111010
00000010
00000010

0072:
00000000
00000000
00000000
00000000
00000000
00000000
01011100
01100010
01000010
01000000
01000000
01000000
01000000
01000000
00000000
00000000

0073:
00000000
00000000
00000000
00000000
00000000
00000000
00111100
01000010
01000000
00110000
00001100
00000010
01000010
00111100
00000000
00000000

0074:
00000000
00000000
00000000
00000000
00010000
00010000
00010000
01111100
00010000
00010000
00010000
00010000
00010000
00001100
00000000
00000000

0075:
00000000
00000000
00000000
00000000
00000000
00000000
01000010
01000010
01000010
01000010
01000010
01000010
01000110
00111010
00000000
00000000

0076:
00000000
00000000
00000000
00000000
00000000
00000000
01000010
01000010
01000010
00100100
00100100
00100100
00011000
00011000
00000000
00000000

0077:
00000000
00000000
00000000
00000000
00000000
00000000
01000001
01001001
01001001
01001001
01001001
01001001
01001001
00110110
00000000
00000000

0078:
00000000
00000000
00000000
00000000
00000000
00000000
01000010
01000010
00100100
00011000
00011000
00100100
01000010
01000010
00000000
00000000

0079:
00000000
00000000
00000000
00000000
00000000
00000000
01000010
01000010
01000010
01000010
01000010
00100110
00011010
00000010
00000010
00111100

007A:
00000000
00000000
00000000
00000000
00000000
00000000
01111110
00000010
00000100
00001000
00010000
00100000
01000000
01111110
00000000
00000000

007B:
00000000
00000000
00000000
00001100
00010000
00010000
00001000
00001000
00010000
00100000
00010000
00001000
00001000
00010000
00010000
00001100

007C:
00000000
00000000
00001000
00001000
00001000
00001000
00001000
00001000
00001000
00001000
00001000
00001000
00001000
00001000
00001000
00001000

007D:
00000000
00000000
00000000
00110000
00001000
00001000
00010000
00010000
00001000
00000100
00001000
00010000
00010000
00001000
00001000
00110000

007E:
00000000
00000000
00000000
00110001
01001001
01000110
00000000
00000000
00000000
00000000
00000000
00000000
00000000
00000000
00000000
00000000

00A0:
00000000
00000000
00000000
00000000
00000000
00000000
00000000
00000000
00000000
00000000
00000000
00000000
00000000
00000000
00000000
00000000

00A1:
00000000
00000000
00000000
00000000
00001000
00001000
00000000
00001000
00001000
00001000
00001000
00001000
00001000
00001000
00000000
00000000

00A2:
00000000
00000000
00000000
00000000
00001000
00001000
00111110
01001001
01001000
01001000
01001001
00111110
00001000
00001000
00000000
00000000

00A3:
00000000
00000000
00000000
00000000
00001110
00010000
00010000
00010000
01111100
00010000
00010000
00010000
00111110
01100001
00000000
00000000

00A4:
00000000
00000000
00000000
00000000
00000000
01000010
00111100
00100100
01000010
01000010
00100100
00111100
01000010
00000000
00000000
00000000

00A5:
00000000
00000000
00000000
00000000
01000001
00100010
00010100
00001000
01111111
00001000
01111111
00001000
00001000
00001000
00000000
00000000

00A6:
00000000
00000000
00000000
00000000
00001000
00001000
00001000
00001000
00000000
00000000
00001000
00001000
00001000
00001000
00000000
00000000

00A7:
00000000
00000000
00000000
00000000
00111100
01000010
01000000
00111100
01000010
01000010
00111100
00000010
01000010
00111100
00000000
00000000

00A8:
00100100
00100100
00000000
00000000
00000000
00000000
00000000
00000000
00000000
00000000
00000000
00000000
00000000
00000000
00000000
00000000

00A9:
00000000
00000000
00000000
00000000
00111100
01000010
10011001
10100101
10100001
10100001
10100101
10011001
01000010
00111100
00000000
00000000

00AA:
00000000
00000000
00011100
00000010
00011110
00100010
00011110
00000000
00111110
00000000
00000000
00000000
00000000
00000000
00000000
00000000

00AB:
00000000
00000000
00000000
00000000
00000000
00010010
00010010
00100100
00100100
01001000
00100100
00100100
00010010
00010010
00000000
00000000

00AC:
00000000
00000000
00000000
00000000
00000000
00000000
00000000
00000000
00000000
00000000
01111110
00000010
00000010
00000010
00000000
00000000

00AD:
1010101010101010
0000000000000001
1000000000000000
0011101001100011
1100001001010100
0011001111001001
1000101001001000
0111001001001001
1000000000000000
0000000000000001
1000000000000000
0000001111000001
1000000000000000
0000000000000001
1000000000000000
0101010101010101

00AE:
00000000
00000000
00000000
00000000
00111100
01000010
10111001
10100101
10100101
10111001
10101001
10100101
01000010
00111100
00000000
00000000

00AF:
00000000
00000000
01111110
00000000
00000000
00000000
00000000
00000000
00000000
00000000
00000000
00000000
00000000
00000000
00000000
00000000

00B0:
00000000
00000000
00000000
00000000
00011000
00100100
00100100
00011000
00000000
00000000
00000000
00000000
00000000
00000000
00000000
00000000

00B1:
00000000
00000000
00000000
00000000
00001000
00001000
00001000
01111111
00001000
00001000
00001000
00000000
01111111
00000000
00000000
00000000

00B2:
00000000
00000000
00000000
00111000
01000100
00000100
00011000
00100000
01000000
01111100
00000000
00000000
00000000
00000000
00000000
00000000

00B3:
00000000
00000000
00000000
00111000
01000100
00000100
00111000
00000100
01000100
00111000
00000000
00000000
00000000
00000000
00000000
00000000

00B4:
00000000
00000100
00001000
00010000
00000000
00000000
00000000
00000000
00000000
00000000
00000000
00000000
00000000
00000000
00000000
00000000

00B5:
00000000
00000000
00000000
00000000
00000000
00000000
01000010
01000010
01000010
01000010
01000010
01000010
01100110
01011001
01000000
10000000

00B6:
00000000
00000000
00000000
00000000
00111111
01111010
01111010
01111010
00111010
00001010
00001010
00001010
00001010
00001010
00001010
00000000

00B7:
00000000
00000000
00000000
00000000
00000000
00000000
00000000
00000000
00011000
00011000
00000000
00000000
00000000
00000000
00000000
00000000

00B8:
00000000
00000000
00000000
00000000
00000000
00000000
00000000
00000000
00000000
00000000
00000000
00000000
00000000
00000000
00001000
00110000

00B9:
00000000
00000000
00000000
00010000
00110000
01010000
00010000
00010000
00010000
01111100
00000000
00000000
00000000
00000000
00000000
00000000

00BA:
00000000
00000000
00011100
00100010
00100010
00100010
00011100
00000000
00111110
00000000
00000000
00000000
00000000
00000000
00000000
00000000

00BB:
00000000
00000000
00000000
00000000
00000000
01001000
01001000
00100100
00100100
00010010
00100100
00100100
01001000
01001000
00000000
00000000

00BC:
00000000
00000000
00000000
00000000
00100010
01100010
00100100
00101000
00101000
00010010
00010110
00101010
01001110
01000010
00000000
00000000

00BD:
00000000
00000000
00000000
00000000
00100010
01100010
00100100
00101000
00101000
00010100
00011010
00100010
01000100
01001110
00000000
00000000

00BE:
00000000
00000000
00000000
00000000
01100010
00010010
00100100
00011000
01101000
00010010
00010110
00101010
01001110
01000010
00000000
00000000

00BF:
00000000
00000000
00000000
00000000
00010000
00010000
00000000
00010000
00010000
00100000
01000000
01000010
01000010
00111100
00000000
00000000

00C0:
00110000
00001100
00000000
00000000
00011000
00100100
00100100
01000010
01000010
01111110
01000010
01000010
01000010
01000010
00000000
00000000

00C1:
00001100
00110000
00000000
00000000
00011000
00100100
00100100
01000010
01000010
01111110
01000010
01000010
01000010
01000010
00000000
00000000

00C2:
00011000
00100100
00000000
00000000
00011000
00100100
00100100
01000010
01000010
01111110
01000010
01000010
01000010
01000010
00000000
00000000

00C3:
00110010
01001100
00000000
00000000
00011000
00100100
00100100
01000010
01000010
01111110
01000010
01000010
01000010
01000010
00000000
00000000

00C4:
00100100
00100100
00000000
00000000
00011000
00100100
00100100
01000010
01000010
01111110
01000010
01000010
01000010
01000010
00000000
00000000

00C5:
00011000
00100100
00011000
00000000
00011000
00100100
00100100
01000010
01000010
01111110
01000010
01000010
01000010
01000010
00000000
00000000

00C6:
00000000
00000000
00000000
00000000
00011111
00101000
01001000
01001000
01111111
01001000
01001000
01001000
01001000
01001111
00000000
00000000

00C7:
00000000
00000000
00000000
00000000
00111100
01000010
01000010
01000000
01000000
01000000
01000000
01000010
01000010
00111100
00001000
00110000

00C8:
00110000
00001100
00000000
00000000
01111110
01000000
01000000
01000000
01111100
01000000
01000000
01000000
01000000
01111110
00000000
00000000

00C9:
00001100
00110000
00000000
00000000
01111110
01000000
01000000
01000000
01111100
01000000
01000000
01000000
01000000
01111110
00000000
00000000

00CA:
00011000
00100100
00000000
00000000
01111110
01000000
01000000
01000000
01111100
01000000
01000000
01000000
01000000
01111110
00000000
00000000

00CB:
00100100
00100100
00000000
00000000
01111110
01000000
01000000
01000000
01111100
01000000
01000000
01000000
01000000
01111110
00000000
00000000

00CC:
00011000
00000110
00000000
00000000
00111110
00001000
00001000
00001000
00001000
00001000
00001000
00001000
00001000
00111110
00000000
00000000

00CD:
00001100
00110000
00000000
00000000
00111110
00001000
00001000
00001000
00001000
00001000
00001000
00001000
00001000
00111110
00000000
00000000

00CE:
00011000
00100100
00000000
00000000
00111110
00001000
00001000
00001000
00001000
00001000
00001000
00001000
00001000
00111110
00000000
00000000

00CF:
00100100
00100100
00000000
00000000
00111110
00001000
00001000
00001000
00001000
00001000
00001000
00001000
00001000
00111110
00000000
00000000

00D0:
00000000
00000000
00000000
00000000
01111000
01000100
01000010
01000010
11110010
01000010
01000010
01000010
01000100
01111000
00000000
00000000

00D1:
00110010
01001100
00000000
00000000
01000010
01100010
01100010
01010010
01010010
01001010
01001010
01000110
01000110
01000010
00000000
00000000

00D2:
00110000
00001100
00000000
00000000
00111100
01000010
01000010
01000010
01000010
01000010
01000010
01000010
01000010
00111100
00000000
00000000

00D3:
00001100
00110000
00000000
00000000
00111100
01000010
01000010
01000010
01000010
01000010
01000010
01000010
01000010
00111100
00000000
00000000

00D4:
00011000
00100100
00000000
00000000
00111100
01000010
01000010
01000010
01000010
01000010
01000010
01000010
01000010
00111100
00000000
00000000

00D5:
00110010
01001100
00000000
00000000
00111100
01000010
01000010
01000010
01000010
01000010
01000010
01000010
01000010
00111100
00000000
00000000

00D6:
00100100
00100100
00000000
00000000
00111100
01000010
01000010
01000010
01000010
01000010
01000010
01000010
01000010
00111100
00000000
00000000

00D7:
00000000
00000000
00000000
00000000
00000000
00000000
00000000
01000010
00100100
00011000
00100100
01000010
00000000
00000000
00000000
00000000

00D8:
00000000
00000000
00000000
00000010
00111010
01000100
01000110
01001010
01001010
01010010
01010010
01100010
00100010
01011100
01000000
00000000

00D9:
00110000
00001100
00000000
00000000
01000010
01000010
01000010
01000010
01000010
01000010
01000010
01000010
01000010
00111100
00000000
00000000

00DA:
00001100
00110000
00000000
00000000
01000010
01000010
01000010
01000010
01000010
01000010
01000010
01000010
01000010
00111100
00000000
00000000

00DB:
00011000
00100100
00000000
00000000
01000010
01000010
01000010
01000010
01000010
01000010
01000010
01000010
01000010
00111100
00000000
00000000

00DC:
00100100
00100100
00000000
00000000
01000010
01000010
01000010
01000010
01000010
01000010
01000010
01000010
01000010
00111100
00000000
00000000

00DD:
00001100
00110000
00000000
00000000
01000001
01000001
00100010
00100010
00010100
00001000
00001000
00001000
00001000
00001000
00000000
00000000

00DE:
00000000
00000000
00000000
01000000
01000000
01111000
01000100
01000010
01000010
01000100
01111000
01000000
01000000
01000000
00000000
00000000

00DF:
00000000
00000000
00000000
00000000
00111000
01000100
01000100
01001000
01011000
01000100
01000010
01000010
01010010
01001100
00000000
00000000

00E0:
00000000
00000000
00110000
00001100
00000000
00000000
00111100
01000010
00000010
00111110
01000010
01000010
01000110
00111010
00000000
00000000

00E1:
00000000
00000000
00001100
00110000
00000000
00000000
00111100
01000010
00000010
00111110
01000010
01000010
01000110
00111010
00000000
00000000

00E2:
00000000
00000000
00011000
00100100
00000000
00000000
00111100
01000010
00000010
00111110
01000010
01000010
01000110
00111010
00000000
00000000

00E3:
00000000
00000000
00110010
01001100
00000000
00000000
00111100
01000010
00000010
00111110
01000010
01000010
01000110
00111010
00000000
00000000

00E4:
00000000
00000000
00100100
00100100
00000000
00000000
00111100
01000010
00000010
00111110
01000010
01000010
01000110
00111010
00000000
00000000

00E5:
00000000
00011000
00100100
00011000
00000000
00000000
00111100
01000010
00000010
00111110
01000010
01000010
01000110
00111010
00000000
00000000

00E6:
00000000
00000000
00000000
00000000
00000000
00000000
00111110
01001001
00001001
00111111
01001000
01001000
01001001
00111110
00000000
00000000

00E7:
00000000
00000000
00000000
00000000
00000000
00000000
00111100
01000010
01000000
01000000
01000000
01000000
01000010
00111100
00001000
00110000

00E8:
00000000
00000000
00110000
00001100
00000000
00000000
00111100
01000010
01000010
01111110
01000000
01000000
01000010
00111100
00000000
00000000

00E9:
00000000
00000000
00001100
00110000
00000000
00000000
00111100
01000010
01000010
01111110
01000000
01000000
01000010
00111100
00000000
00000000

00EA:
00000000
00000000
00011000
00100100
00000000
00000000
00111100
01000010
01000010
01111110
01000000
01000000
01000010
00111100
00000000
00000000

00EB:
00000000
00000000
00100100
00100100
00000000
00000000
00111100
01000010
01000010
01111110
01000000
01000000
01000010
00111100
00000000
00000000

00EC:
00000000
00000000
00110000
00001100
00000000
00000000
00011000
00001000
00001000
00001000
00001000
00001000
00001000
00111110
00000000
00000000

00ED:
00000000
00000000
00001100
00110000
00000000
00000000
00011000
00001000
00001000
00001000
00001000
00001000
00001000
00111110
00000000
00000000

00EE:
00000000
00000000
00011000
00100100
00000000
00000000
00011000
00001000
00001000
00001000
00001000
00001000
00001000
00111110
00000000
00000000

00EF:
00000000
00000000
00100100
00100100
00000000
00000000
00011000
00001000
00001000
00001000
00001000
00001000
00001000
00111110
00000000
00000000

00F0:
00000000
00000000
00110010
00001100
00010100
00100010
00000010
00111110
01000010
01000010
01000010
01000010
01000010
00111100
00000000
00000000

00F1:
00000000
00000000
00110010
01001100
00000000
00000000
01011100
01100010
01000010
01000010
01000010
01000010
01000010
01000010
00000000
00000000

00F2:
00000000
00000000
00110000
00001100
00000000
00000000
00111100
01000010
01000010
01000010
01000010
01000010
01000010
00111100
00000000
00000000

00F3:
00000000
00000000
00001100
00110000
00000000
00000000
00111100
01000010
01000010
01000010
01000010
01000010
01000010
00111100
00000000
00000000

00F4:
00000000
00000000
00011000
00100100
00000000
00000000
00111100
01000010
01000010
01000010
01000010
01000010
01000010
00111100
00000000
00000000

00F5:
00000000
00000000
00110010
01001100
00000000
00000000
00111100
01000010
01000010
01000010
01000010
01000010
01000010
00111100
00000000
00000000

00F6:
00000000
00000000
00100100
00100100
00000000
00000000
00111100
01000010
01000010
01000010
01000010
01000010
01000010
00111100
00000000
00000000

00F7:
00000000
00000000
00000000
00000000
00000000
00000000
00011000
00000000
00000000
01111110
00000000
00000000
00011000
00000000
00000000
00000000

00F8:
00000000
00000000
00000000
00000000
00000000
00000010
00111100
01000110
01001010
01001010
01010010
01010010
01100010
00111100
01000000
00000000

00F9:
00000000
00000000
00110000
00001100
00000000
00000000
01000010
01000010
01000010
01000010
01000010
01000010
01000110
00111010
00000000
00000000

00FA:
00000000
00000000
00001100
00110000
00000000
00000000
01000010
01000010
01000010
01000010
01000010
01000010
01000110
00111010
00000000
00000000

00FB:
00000000
00000000
00011000
00100100
00000000
00000000
01000010
01000010
01000010
01000010
01000010
01000010
01000110
00111010
00000000
00000000

00FC:
00000000
00000000
00100100
00100100
00000000
00000000
01000010
01000010
01000010
01000010
01000010
01000010
01000110
00111010
00000000
00000000

00FD:
00000000
00000000
00001100
00110000
00000000
00000000
01000010
01000010
01000010
01000010
01000010
00100110
00011010
00000010
00000010
00111100

00FE:
00000000
00000000
00000000
01000000
01000000
01000000
01011100
01100010
01000010
01000010
01000010
01000010
01100010
01011100
01000000
01000000

00FF:
00000000
00000000
00100100
00100100
00000000
00000000
01000010
01000010
01000010
01000010
01000010
00100110
00011010
00000010
00000010
00111100

0192:
00000000
00000000
00000000
00001100
00010000
00010000
00010000
01111100
00010000
00010000
00010000
00010000
00010000
00010000
01100000
00000000

01A9:
00000000
00000000
00000000
00000000
01111110
01000000
00100000
00010000
00001000
00001000
00010000
00100000
01000000
01111110
00000000
00000000

01C3:
00000000
00000000
00000000
00000000
00001000
00001000
00001000
00001000
00001000
00001000
00001000
00000000
00001000
00001000
00000000
00000000

0259:
00000000
00000000
00000000
00000000
00000000
00000000
00111100
01000010
00000010
00000010
01111110
01000010
01000010
00111100
00000000
00000000

0370:
00000000
00000000
00000000
00000000
01000000
01000000
01000000
01000000
01111100
01000000
01000000
01000000
01000000
01000000
00000000
00000000

0371:
00000000
00000000
00000000
00000000
00000000
00000000
01100000
00010000
00010000
00011110
00010000
00010000
00010000
00010000
00000000
00000000

0372:
00000000
00000000
00000000
00000000
01111111
01001001
01001001
01001001
00001000
00001000
00001000
00001000
00001000
00001000
00000000
00000000

0373:
00000000
00000000
00000000
00000000
01111100
01010100
01010100
01010100
00010000
00010000
00010000
00010000
00010000
00010000
00000000
00000000

0374:
00000000
00000000
00000000
00000000
00001100
00011000
00010000
00100000
00000000
00000000
00000000
00000000
00000000
00000000
00000000
00000000

0375:
00000000
00000000
00000000
00000000
00000000
00000000
00000000
00000000
00000000
00000000
00000000
00000000
00000100
00001000
00011000
00110000

0376:
00000000
00000000
00000000
00000000
01000010
01000110
01000110
01001010
01001010
01010010
01010010
01100010
01100010
01000010
00000000
00000000

0377:
00000000
00000000
00000000
00000000
00000000
00000000
01000100
01001100
01001100
01010100
01010100
01100100
01100100
01000100
00000000
00000000

0378:
0000000000000000
0111111111111110
0111001110001110
0110110111110110
0110110111000110
0110110111110110
0111001110001110
0111111111111110
0111111111111110
0110000111001110
0111110110110110
0111101111001110
0111011110110110
0111011111001110
0111111111111110
0000000000000000

0379:
0000000000000000
0111111111111110
0111001110001110
0110110111110110
0110110111000110
0110110111110110
0111001110001110
0111111111111110
0111111111111110
0110000111001110
0111110110110110
0111101111000110
0111011111110110
0111011111001110
0111111111111110
0000000000000000

037A:
00000000
00000000
00000000
00000000
00000000
00000000
00000000
00000000
00000000
00000000
00000000
00000000
00100000
00100000
00100000
00011000

037B:
00000000
00000000
00000000
00000000
00000000
00000000
00111100
01000010
00000010
00000010
00000010
00000010
01000010
00111100
00000000
00000000

037C:
00000000
00000000
00000000
00000000
00000000
00000000
00111100
01000010
01000000
01011000
01011000
01000000
01000010
00111100
00000000
00000000

037D:
00000000
00000000
00000000
00000000
00000000
00000000
00111100
01000010
00000010
00011010
00011010
00000010
01000010
00111100
00000000
00000000

037E:
00000000
00000000
00000000
00000000
00000000
00000000
00011000
00011000
00000000
00000000
00000000
00011000
00001000
00001000
00010000
00000000

037F:
00000000
00000000
00000000
00000000
00011111
00000100
00000100
00000100
00000100
00000100
00000100
01000100
01000100
00111000
00000000
00000000

0380:
0000000000000000
0111111111111110
0111001110001110
0110110111110110
0110110111000110
0110110111110110
0111001110001110
0111111111111110
0111111111111110
0111001111001110
0110110110110110
0111001110110110
0110110110110110
0111001111001110
0111111111111110
0000000000000000

0381:
0000000000000000
0111111111111110
0111001110001110
0110110111110110
0110110111000110
0110110111110110
0111001110001110
0111111111111110
0111111111111110
0111001111101110
0110110111001110
0111001111101110
0110110111101110
0111001111000110
0111111111111110
0000000000000000

0382:
0000000000000000
0111111111111110
0111001110001110
0110110111110110
0110110111000110
0110110111110110
0111001110001110
0111111111111110
0111111111111110
0111001110000110
0110110111110110
0111001110000110
0110110110111110
0111001110000110
0111111111111110
0000000000000000

0383:
0000000000000000
0111111111111110
0111001110001110
0110110111110110
0110110111000110
0110110111110110
0111001110001110
0111111111111110
0111111111111110
0111001110001110
0110110111110110
0111001111000110
0110110111110110
0111001110001110
0111111111111110
0000000000000000

0384:
00000000
00000100
00001000
00010000
00000000
00000000
00000000
00000000
00000000
00000000
00000000
00000000
00000000
00000000
00000000
00000000

0385:
00000100
00001000
01010100
01000100
00000000
00000000
00000000
00000000
00000000
00000000
00000000
00000000
00000000
00000000
00000000
00000000

0386:
00000000
00000000
00100000
01000000
10011000
00100100
00100100
01000010
01000010
01111110
01000010
01000010
01000010
01000010
00000000
00000000

0387:
00000000
00000000
00000000
00000000
00000000
00000000
00000000
00000000
00011000
00011000
00000000
00000000
00000000
00000000
00000000
00000000

0388:
00000000
00000000
00100000
01000000
10111111
00100000
00100000
00100000
00111110
00100000
00100000
00100000
00100000
00111111
00000000
00000000

0389:
00000000
00000000
00100000
01000000
10100001
00100001
00100001
00100001
00111111
00100001
00100001
00100001
00100001
00100001
00000000
00000000

038A:
00000000
00000000
00100000
01000000
10111110
00001000
00001000
00001000
00001000
00001000
00001000
00001000
00001000
00111110
00000000
00000000

038B:
0000000000000000
0111111111111110
0111001110001110
0110110111110110
0110110111000110
0110110111110110
0111001110001110
0111111111111110
0111111111111110
0111001110001110
0110110110110110
0111001110001110
0110110110110110
0111001110001110
0111111111111110
0000000000000000

038C:
00000000
00000000
00100000
01000000
10111100
01000010
01000010
01000010
01000010
01000010
01000010
01000010
01000010
00111100
00000000
00000000

038D:
0000000000000000
0111111111111110
0111001110001110
0110110111110110
0110110111000110
0110110111110110
0111001110001110
0111111111111110
0111111111111110
0111001110001110
0110110110110110
0111001110110110
0110110110110110
0111001110001110
0111111111111110
0000000000000000

038E:
00000000
00000000
00100000
01000000
11000001
01000001
00100010
00100010
00010100
00001000
00001000
00001000
00001000
00001000
00000000
00000000

038F:
00000000
00000000
00100000
01000000
10111110
01000001
01000001
01000001
01000001
01000001
00100010
00010100
00010100
01110111
00000000
00000000

0390:
00000100
00001000
00010000
01000100
01000100
00000000
00110000
00010000
00010000
00010000
00010000
00010000
00010000
00001100
00000000
00000000

0391:
00000000
00000000
00000000
00000000
00011000
00100100
00100100
01000010
01000010
01111110
01000010
01000010
01000010
01000010
00000000
00000000

0392:
00000000
00000000
00000000
00000000
01111100
01000010
01000010
01000010
01111100
01000010
01000010
01000010
01000010
01111100
00000000
00000000

0393:
00000000
00000000
00000000
00000000
01111110
01000010
01000000
01000000
01000000
01000000
01000000
01000000
01000000
01000000
00000000
00000000

0394:
00000000
00000000
00000000
00000000
00001000
00001000
00010100
00010100
00100010
00100010
00100010
01000001
01000001
01111111
00000000
00000000

0395:
00000000
00000000
00000000
00000000
01111110
01000000
01000000
01000000
01111100
01000000
01000000
01000000
01000000
01111110
00000000
00000000

0396:
00000000
00000000
00000000
00000000
01111110
00000010
00000010
00000100
00001000
00010000
00100000
01000000
01000000
01111110
00000000
00000000

0397:
00000000
00000000
00000000
00000000
01000010
01000010
01000010
01000010
01111110
01000010
01000010
01000010
01000010
01000010
00000000
00000000

0398:
00000000
00000000
00000000
00000000
00111100
01000010
01000010
01000010
01011010
01011010
01000010
01000010
01000010
00111100
00000000
00000000

0399:
00000000
00000000
00000000
00000000
00111110
00001000
00001000
00001000
00001000
00001000
00001000
00001000
00001000
00111110
00000000
00000000

039A:
00000000
00000000
00000000
00000000
01000010
01000100
01001000
01010000
01100000
01100000
01010000
01001000
01000100
01000010
00000000
00000000

039B:
00000000
00000000
00000000
00000000
00001000
00001000
00010100
00010100
00100010
00100010
00100010
01000001
01000001
01000001
00000000
00000000

039C:
00000000
00000000
00000000
00000000
01000010
01000010
01100110
01100110
01011010
01011010
01000010
01000010
01000010
01000010
00000000
00000000

039D:
00000000
00000000
00000000
00000000
01000010
01100010
01100010
01010010
01010010
01001010
01001010
01000110
01000110
01000010
00000000
00000000

039E:
00000000
00000000
00000000
00000000
01111110
00000000
00000000
00000000
00111100
00000000
00000000
00000000
00000000
01111110
00000000
00000000

039F:
00000000
00000000
00000000
00000000
00111100
01000010
01000010
01000010
01000010
01000010
01000010
01000010
01000010
00111100
00000000
00000000

03A0:
00000000
00000000
00000000
00000000
01111111
00100010
00100010
00100010
00100010
00100010
00100010
00100010
00100010
00100010
00000000
00000000

03A1:
00000000
00000000
00000000
00000000
01111100
01000010
01000010
01000010
01111100
01000000
01000000
01000000
01000000
01000000
00000000
00000000

03A2:
0000000000000000
0111111111111110
0111001110001110
0110110111110110
0110110111000110
0110110111110110
0111001110001110
0111111111111110
0111111111111110
0110000110000110
0110110111110110
0110000110000110
0110110110111110
0110110110000110
0111111111111110
0000000000000000

03A3:
00000000
00000000
00000000
00000000
01111110
01000000
00100000
00010000
00001000
00001000
00010000
00100000
01000000
01111110
00000000
00000000

03A4:
00000000
00000000
00000000
00000000
01111111
00001000
00001000
00001000
00001000
00001000
00001000
00001000
00001000
00001000
00000000
00000000

03A5:
00000000
00000000
00000000
00000000
01000001
01000001
00100010
00100010
00010100
00001000
00001000
00001000
00001000
00001000
00000000
00000000

03A6:
00000000
00000000
00000000
00000000
01111111
00001000
00111110
01001001
01001001
01001001
01001001
00111110
00001000
01111111
00000000
00000000

03A7:
00000000
00000000
00000000
00000000
01000010
01000010
00100100
00100100
00011000
00011000
00100100
00100100
01000010
01000010
00000000
00000000

03A8:
00000000
00000000
00000000
00000000
01001001
01001001
01001001
01001001
01001001
00111110
00001000
00001000
00001000
00001000
00000000
00000000

03A9:
00000000
00000000
00000000
00000000
00111110
01000001
01000001
01000001
01000001
01000001
00100010
00010100
00010100
01110111
00000000
00000000

03AA:
00100100
00100100
00000000
00000000
00111110
00001000
00001000
00001000
00001000
00001000
00001000
00001000
00001000
00111110
00000000
00000000

03AB:
00100100
00100100
00000000
00000000
01000001
01000001
00100010
00100010
00010100
00001000
00001000
00001000
00001000
00001000
00000000
00000000

03AC:
00000000
00000100
00001000
00010000
00000000
00000000
00110010
01001010
01000100
01000100
01000100
01000100
01001010
00110010
00000000
00000000

03AD:
00000000
00000100
00001000
00010000
00000000
00000000
00111110
01000000
01000000
00111100
01000000
01000000
01000000
00111110
00000000
00000000

03AE:
00000000
00000100
00001000
00010000
00000000
00000000
01011100
01100010
01000010
01000010
01000010
01000010
01000010
01000010
00000010
00000010

03AF:
00000000
00000100
00001000
00010000
00000000
00000000
00110000
00010000
00010000
00010000
00010000
00010000
00010000
00001100
00000000
00000000

03B0:
00000100
00001000
00010000
01000100
01000100
00000000
01000010
01000010
01000010
01000010
01000010
01000010
01000010
00111100
00000000
00000000

03B1:
00000000
00000000
00000000
00000000
00000000
00000000
00110010
01001010
01000100
01000100
01000100
01000100
01001010
00110010
00000000
00000000

03B2:
00000000
00000000
00000000
00000000
00111000
01000100
01000100
01000100
01111100
01000010
01000010
01000010
01100010
01011100
01000000
01000000

03B3:
00000000
00000000
00000000
00000000
00000000
00000000
01000010
00100010
00100010
00010100
00010100
00010100
00001000
00001000
00001000
00001000

03B4:
00000000
00000000
00000000
00000000
00011100
00100000
00100000
00100000
00011000
00100100
01000010
01000010
01000010
00111100
00000000
00000000

03B5:
00000000
00000000
00000000
00000000
00000000
00000000
00111100
01000010
01000000
00111100
01000000
01000000
01000010
00111100
00000000
00000000

03B6:
00000000
00000000
00000000
00000000
01111111
00000110
00011000
00100000
00100000
01000000
01000000
01000000
00100000
00011100
00000010
00011100

03B7:
00000000
00000000
00000000
00000000
00000000
00000000
01011100
01100010
01000010
01000010
01000010
01000010
01000010
01000010
00000010
00000010

03B8:
00000000
00000000
00000000
00000000
00011000
00100100
01000010
01000010
01111110
01000010
01000010
01000010
00100100
00011000
00000000
00000000

03B9:
00000000
00000000
00000000
00000000
00000000
00000000
00110000
00010000
00010000
00010000
00010000
00010000
00010000
00001100
00000000
00000000

03BA:
00000000
00000000
00000000
00000000
00000000
00000000
00100010
00100100
00101000
00110000
00110000
00101000
00100100
00100010
00000000
00000000

03BB:
00000000
00000000
00000000
00000000
00100000
00100000
00010000
00010000
00001000
00011000
00100100
00100100
01000010
01000010
00000000
00000000

03BC:
00000000
00000000
00000000
00000000
00000000
00000000
01000010
01000010
01000010
01000010
01000010
01000010
01100110
01011001
01000000
01000000

03BD:
00000000
00000000
00000000
00000000
00000000
00000000
01000010
01000010
01000010
01000100
01000100
01001000
01010000
01100000
00000000
00000000

03BE:
00000000
00000000
00000000
00000000
01111110
00110000
01000000
01000000
00111000
01000000
01000000
01000000
00100000
00011100
00000010
00011100

03BF:
00000000
00000000
00000000
00000000
00000000
00000000
00111100
01000010
01000010
01000010
01000010
01000010
01000010
00111100
00000000
00000000

03C0:
00000000
00000000
00000000
00000000
00000000
00000000
01111110
00100100
00100100
00100100
00100100
00100100
00100100
00100100
00000000
00000000

03C1:
00000000
00000000
00000000
00000000
00000000
00000000
00111100
01000010
01000010
01000010
01000010
01000010
01100010
01011100
01000000
01000000

03C2:
00000000
00000000
00000000
00000000
00000000
00000000
00011110
00100000
01000000
01000000
01000000
01000000
00100000
00011100
00000010
00011100

03C3:
00000000
00000000
00000000
00000000
00000000
00000000
00111111
01001000
01000100
01000100
01000100
01000100
01000100
00111000
00000000
00000000

03C4:
00000000
00000000
00000000
00000000
00000000
00000000
01111110
00010000
00010000
00010000
00010000
00010000
00010000
00001100
00000000
00000000

03C5:
00000000
00000000
00000000
00000000
00000000
00000000
01000010
01000010
01000010
01000010
01000010
01000010
01000010
00111100
00000000
00000000

03C6:
00000000
00000000
00000000
00000000
00000000
00000000
00100110
01001001
01001001
01001001
01001001
01001001
01001001
00111110
00001000
00001000

03C7:
00000000
00000000
00000000
00000000
00000000
00000000
11000001
00100001
00010010
00010100
00011000
00101000
01001000
01000100
10000100
10000011

03C8:
00000000
00000000
00000000
00000000
00000000
00000000
01001001
01001001
01001001
01001001
01001001
01001001
01001001
00111110
00001000
00001000

03C9:
00000000
00000000
00000000
00000000
00000000
00000000
00100010
01000001
01000001
01001001
01001001
01001001
01001001
00110110
00000000
00000000

03CA:
00000000
00000000
00100100
00100100
00000000
00000000
00110000
00010000
00010000
00010000
00010000
00010000
00010000
00001100
00000000
00000000

03CB:
00000000
00000000
00100100
00100100
00000000
00000000
01000010
01000010
01000010
01000010
01000010
01000010
01000010
00111100
00000000
00000000

03CC:
00000000
00000100
00001000
00010000
00000000
00000000
00111100
01000010
01000010
01000010
01000010
01000010
01000010
00111100
00000000
00000000

03CD:
00000000
00000100
00001000
00010000
00000000
00000000
01000010
01000010
01000010
01000010
01000010
01000010
01000010
00111100
00000000
00000000

03CE:
00000000
00000100
00001000
00010000
00000000
00000000
00100010
01000001
01000001
01001001
01001001
01001001
01001001
00110110
00000000
00000000

03CF:
00000000
00000000
00000000
00000000
01000010
01000100
01001000
01010000
01100000
01100000
01010000
01001000
01000100
01000010
00000100
00001000

03D0:
00000000
00000000
00000000
00000000
00011100
00100010
01000010
01000100
01111000
01000100
01000010
01000010
01000100
00111000
00000000
00000000

03D1:
00000000
00000000
00000000
00000000
00001100
00010010
00010010
00010010
00001111
00100010
01100010
00100010
00100010
00011100
00000000
00000000

03D2:
00000000
00000000
00000000
00000000
00110110
01010101
00010100
00010100
00001000
00001000
00001000
00001000
00001000
00011100
00000000
00000000

03D3:
00000000
00000000
00100000
01000000
10110110
01010101
00010100
00010100
00001000
00001000
00001000
00001000
00001000
00011100
00000000
00000000

03D4:
00000000
00110110
00110110
00000000
00110110
01010101
00010100
00010100
00001000
00001000
00001000
00001000
00001000
00011100
00000000
00000000

03D5:
00000000
00000000
00000000
00000000
00001000
00001000
00111110
01001001
01001001
01001001
01001001
01001001
01001001
00111110
00001000
00001000

03D6:
00000000
00000000
00000000
00000000
00000000
00000000
01111111
00100010
01000001
01000001
01001001
01001001
01001001
00110110
00000000
00000000

03D7:
00000000
00000000
00000000
00000000
00000000
00000000
10000010
01000100
00101100
00101100
00110100
00110100
00100010
01000001
00000010
00001100

03D8:
00000000
00000000
00000000
00000000
00111100
01000010
01000010
01000010
01000010
01000010
01000010
01000010
01000010
00111100
00011000
00111100

03D9:
00000000
00000000
00000000
00000000
00000000
00000000
00111100
01000010
01000010
01000010
01000010
01000010
01000010
00111100
00011000
00011000

03DA:
00000000
00000000
00000000
00000000
00011100
00100010
01000001
01000000
01000000
01000000
01000000
01000000
00100000
00011100
00000010
00011100

03DB:
00000000
00000000
00000000
00000000
00000001
00000010
00011100
00100000
01000000
01000000
01000000
01000000
00100000
00011100
00000010
00011100

03DC:
00000000
00000000
00000000
00000000
01111110
01000010
01000000
01000000
01111000
01000000
01000000
01000000
01000000
01000000
00000000
00000000

03DD:
00000000
00000000
00000000
00000000
00000000
00000000
00111100
00100010
00100000
00100000
00111000
00100000
00100000
00100000
00100000
00100000

03DE:
00000000
00000000
00000000
00000000
01100000
00100000
00100000
00100000
00100000
00111110
00000100
00000100
00001000
00001000
00000000
00000000

03DF:
00000000
00000000
00000000
00000000
00000000
00000000
00100000
00010000
00010000
00100010
00111100
01000100
00001000
00001000
00001000
00000110

03E0:
00000000
00000000
00000000
00000000
01111000
10000100
00001100
00010010
00100010
00000110
00001010
00010010
00000010
00000100
00000000
00000000

03E1:
00000000
00000000
00000000
00000000
00000000
00000000
00110000
00001000
00001100
00010100
00100010
00000110
00001010
00010010
00000010
00000100

03E2:
00000000
00000000
00000000
00000000
01000100
10010010
10010010
10010010
10010010
10010010
10010010
10010010
10010010
01101110
00000010
00011100

03E3:
00000000
00000000
00000000
00000000
00000000
00000000
01000100
10010010
10010010
10010010
10010010
10010010
10010010
01101110
00000010
00011100

03E4:
00000000
00000000
00000000
00000000
00100010
01000010
01000010
01000010
01000010
01000110
00111010
00000010
00000010
00000010
00000010
00000010

03E5:
00000000
00000000
00000000
00000000
00000000
00000000
00010010
00100010
00100010
00100010
00100010
00011110
00000010
00000010
00000010
00000010

03E6:
00000000
00000000
00000000
00000000
01000000
01000000
01000000
01011100
01100010
01000001
01000001
01000001
01000001
01000001
00000010
00011100

03E7:
00000000
00000000
00000000
00000000
00000000
00000000
01000000
01000000
01000000
01011100
01100010
01000001
01000001
01000001
00000010
00011100

03E8:
00000000
00000000
00000000
00000000
00111100
01000010
01000010
00000010
00000100
00001000
00010000
00100000
01000000
01000000
01000011
00111100

03E9:
00000000
00000000
00000000
00000000
00000000
00000000
00111100
01000010
01000010
00000100
00001000
00010000
00100000
01000000
01000011
00111100

03EA:
00000000
00000000
00000000
00000000
11000011
10100101
00100100
00011000
00011000
00100100
00100100
01000010
01000010
01111110
10000001
00000000

03EB:
00000000
00000000
00000000
00000000
00000000
00000000
00100100
01011010
00011000
00011000
00011000
00100100
01000010
01111110
00000000
00000000

03EC:
00000000
00000000
00000000
00000000
00111110
01000001
01000000
01011100
01100010
01000010
01000010
01000010
01000010
00111100
00000000
00000000

03ED:
00000000
00000000
00000000
00000000
00000000
00000000
00111110
01000001
01000000
01011100
01100010
01000010
01000010
00111100
00000000
00000000

03EE:
00000000
00000000
00000000
00000000
00010000
00010000
11111110
10010010
00010000
00010000
00010000
00010000
00010000
00010000
00010000
00010000

03EF:
00000000
00000000
00000000
00000000
00000000
00000000
00010000
00010000
11111110
10010010
00010000
00010000
00010000
00010000
00010000
00010000

03F0:
00000000
00000000
00000000
00000000
00000000
00000000
10000010
01000100
00101100
00101100
00110100
00110100
00100010
01000001
00000000
00000000

03F1:
00000000
00000000
00000000
00000000
00000000
00000000
00111100
01000010
01000010
01000010
01111100
01000000
01000000
00111100
00000010
00000000

03F2:
00000000
00000000
00000000
00000000
00000000
00000000
00111100
01000010
01000000
01000000
01000000
01000000
01000010
00111100
00000000
00000000

03F3:
00000000
00000000
00000000
00000100
00000100
00000000
00001100
00000100
00000100
00000100
00000100
00000100
00000100
00000100
01001000
00110000

03F4:
00000000
00000000
00000000
00000000
00111100
01000010
01000010
01000010
01111110
01000010
01000010
01000010
01000010
00111100
00000000
00000000

03F5:
00000000
00000000
00000000
00000000
00000000
00000000
00011100
00100000
01000000
01111000
01000000
01000000
00100000
00011100
00000000
00000000

03F6:
00000000
00000000
00000000
00000000
00000000
00000000
01110000
00001000
00000100
00111100
00000100
00000100
00001000
01110000
00000000
00000000

03F7:
00000000
00000000
00000000
00000000
01000000
01111000
01000100
01000010
01000010
01000010
01000010
01000010
01000100
01111000
01000000
01000000

03F8:
00000000
00000000
00000000
00000000
01000000
01000000
01011100
01100010
01000010
01000010
01000010
01000010
01100010
01011100
01000000
01000000

03F9:
00000000
00000000
00000000
00000000
00111100
01000010
01000010
01000000
01000000
01000000
01000000
01000010
01000010
00111100
00000000
00000000

03FA:
00000000
00000000
00000000
00000000
01000010
01000010
01100110
01100110
01011010
01011010
01000010
01000010
01000010
01000010
00000000
00000000

03FB:
00000000
00000000
00000000
00000000
00000000
00000000
01000100
01101100
01101100
01010100
01000100
01000100
01000100
01000011
01000000
01000000

03FC:
00000000
00000000
00000000
00000000
00000000
00000000
00111100
01000010
01000010
01000010
01000010
01100010
01011100
01000000
11111000
01000000

03FD:
00000000
00000000
00000000
00000000
00111100
01000010
01000010
00000010
00000010
00000010
00000010
01000010
01000010
00111100
00000000
00000000

03FE:
00000000
00000000
00000000
00000000
00111100
01000010
01000010
01000000
01011000
01011000
01000000
01000010
01000010
00111100
00000000
00000000

03FF:
00000000
00000000
00000000
00000000
00111100
01000010
01000010
00000010
00011010
00011010
00000010
01000010
01000010
00111100
00000000
00000000

0400:
00000000
00110000
00001100
00000000
01111110
01000000
01000000
01000000
01111100
01000000
01000000
01000000
01000000
01111110
00000000
00000000

0401:
00100100
00100100
00000000
00000000
01111110
01000000
01000000
01000000
01111100
01000000
01000000
01000000
01000000
01111110
00000000
00000000

0402:
00000000
00000000
00000000
00000000
01111110
00010000
00010000
00010000
00011110
00010001
00010001
00010001
00010001
00010110
00000000
00000000

0403:
00001100
00110000
00000000
00000000
01111110
01000000
01000000
01000000
01000000
01000000
01000000
01000000
01000000
01000000
00000000
00000000

0404:
00000000
00000000
00000000
00000000
00011100
00100010
01000000
01000000
01111100
01000000
01000000
01000000
00100010
00011100
00000000
00000000

0405:
00000000
00000000
00000000
00000000
00111100
01000010
01000010
01000000
00110000
00001100
00000010
01000010
01000010
00111100
00000000
00000000

0406:
00000000
00000000
00000000
00000000
00111110
00001000
00001000
00001000
00001000
00001000
00001000
00001000
00001000
00111110
00000000
00000000

0407:
00100100
00100100
00000000
00000000
00111110
00001000
00001000
00001000
00001000
00001000
00001000
00001000
00001000
00111110
00000000
00000000

0408:
00000000
00000000
00000000
00000000
00001110
00000100
00000100
00000100
00000100
00000100
00000100
01000100
01000100
00111000
00000000
00000000

0409:
00000000
00000000
00000000
00000000
01111000
01001000
01001000
01001000
01001110
01001001
01001001
01001001
01001001
10001110
00000000
00000000

040A:
00000000
00000000
00000000
00000000
01001000
01001000
01001000
01001000
01111110
01001001
01001001
01001001
01001001
01001110
00000000
00000000

040B:
00000000
00000000
00000000
00000000
01111110
00010000
00010000
00010000
00011110
00010001
00010001
00010001
00010001
00010001
00000000
00000000

040C:
00001100
00110000
00000000
00000000
01000110
01001000
01001000
01010000
01010000
01100000
01010000
01001000
01000100
01000010
00000000
00000000

040D:
00000000
00110000
00001100
00000000
01000010
01000110
01000110
01001010
01001010
01010010
01010010
01100010
01100010
01000010
00000000
00000000

040E:
01000010
01000010
00111100
00000000
01000001
01000001
00100010
00100010
00010100
00010100
00001000
00001000
00010000
00110000
00000000
00000000

040F:
00000000
00000000
00000000
00000000
01000001
01000001
01000001
01000001
01000001
01000001
01000001
01000001
01000001
01111111
00001000
00001000

0410:
00000000
00000000
00000000
00000000
00011000
00100100
00100100
01000010
01000010
01111110
01000010
01000010
01000010
01000010
00000000
00000000

0411:
00000000
00000000
00000000
00000000
01111100
01000000
01000000
01000000
01111100
01000010
01000010
01000010
01000010
01111100
00000000
00000000

0412:
00000000
00000000
00000000
00000000
01111100
01000010
01000010
01000010
01111100
01000010
01000010
01000010
01000010
01111100
00000000
00000000

0413:
00000000
00000000
00000000
00000000
01111110
01000000
01000000
01000000
01000000
01000000
01000000
01000000
01000000
01000000
00000000
00000000

0414:
00000000
00000000
00000000
00000000
00001110
00010010
00010010
00010010
00100010
00100010
00100010
01000010
01000010
11111111
10000001
10000001

0415:
00000000
00000000
00000000
00000000
01111110
01000000
01000000
01000000
01111100
01000000
01000000
01000000
01000000
01111110
00000000
00000000

0416:
00000000
00000000
00000000
00000000
01001001
01001001
00101010
00101010
00011100
00011100
00101010
00101010
01001001
01001001
00000000
00000000

0417:
00000000
00000000
00000000
00000000
00111100
01000010
00000010
00000010
00111100
00000100
00000010
00000010
01000010
00111100
00000000
00000000

0418:
00000000
00000000
00000000
00000000
01000010
01000110
01000110
01001010
01001010
01010010
01010010
01100010
01100010
01000010
00000000
00000000

0419:
00000000
00100100
00011000
00000000
01000010
01000110
01000110
01001010
01001010
01010010
01010010
01100010
01100010
01000010
00000000
00000000

041A:
00000000
00000000
00000000
00000000
01000110
01001000
01001000
01010000
01010000
01100000
01010000
01001000
01000100
01000010
00000000
00000000

041B:
00000000
00000000
00000000
00000000
00011110
00010010
00010010
00010010
00010010
00010010
00010010
00100010
00100010
01000010
00000000
00000000

041C:
00000000
00000000
00000000
00000000
01000010
01000010
01100110
01100110
01011010
01011010
01000010
01000010
01000010
01000010
00000000
00000000

041D:
00000000
00000000
00000000
00000000
01000010
01000010
01000010
01000010
01111110
01000010
01000010
01000010
01000010
01000010
00000000
00000000

041E:
00000000
00000000
00000000
00000000
00111100
01000010
01000010
01000010
01000010
01000010
01000010
01000010
01000010
00111100
00000000
00000000

041F:
00000000
00000000
00000000
00000000
01111110
01000010
01000010
01000010
01000010
01000010
01000010
01000010
01000010
01000010
00000000
00000000

0420:
00000000
00000000
00000000
00000000
01111100
01000010
01000010
01000010
01111100
01000000
01000000
01000000
01000000
01000000
00000000
00000000

0421:
00000000
00000000
00000000
00000000
00111100
01000010
01000010
01000000
01000000
01000000
01000000
01000010
01000010
00111100
00000000
00000000

0422:
00000000
00000000
00000000
00000000
01111111
00001000
00001000
00001000
00001000
00001000
00001000
00001000
00001000
00001000
00000000
00000000

0423:
00000000
00000000
00000000
00000000
01000001
01000001
00100010
00100010
00010100
00010100
00001000
00001000
00010000
00110000
00000000
00000000

0424:
00000000
00000000
00000000
00001000
00111110
01001001
01001001
01001001
01001001
01001001
00111110
00001000
00001000
00001000
00000000
00000000

0425:
00000000
00000000
00000000
00000000
01000010
01000010
00100100
00100100
00011000
00011000
00100100
00100100
01000010
01000010
00000000
00000000

0426:
00000000
00000000
00000000
00000000
01000010
01000010
01000010
01000010
01000010
01000010
01000010
01000010
01000010
01111111
00000001
00000001

0427:
00000000
00000000
00000000
00000000
01000010
01000010
01000010
01000010
01000010
01000110
00111010
00000010
00000010
00000010
00000000
00000000

0428:
00000000
00000000
00000000
00000000
01001001
01001001
01001001
01001001
01001001
01001001
01001001
01001001
01001001
01111111
00000000
00000000

0429:
00000000
00000000
00000000
00000000
10010010
10010010
10010010
10010010
10010010
10010010
10010010
10010010
10010010
11111111
00000001
00000001

042A:
00000000
00000000
00000000
00000000
01110000
00010000
00010000
00010000
00011110
00010001
00010001
00010001
00010001
00011110
00000000
00000000

042B:
00000000
00000000
00000000
00000000
01000010
01000010
01000010
01000010
01110010
01001010
01001010
01001010
01001010
01110010
00000000
00000000

042C:
00000000
00000000
00000000
00000000
01000000
01000000
01000000
01000000
01111100
01000010
01000010
01000010
01000010
01111100
00000000
00000000

042D:
00000000
00000000
00000000
00000000
00111000
01000100
00000010
00000010
00111110
00000010
00000010
00000010
01000100
00111000
00000000
00000000

042E:
00000000
00000000
00000000
00000000
01001100
01010010
01010010
01010010
01110010
01010010
01010010
01010010
01010010
01001100
00000000
00000000

042F:
00000000
00000000
00000000
00000000
00111110
01000010
01000010
01000010
00111110
00010010
00100010
00100010
01000010
01000010
00000000
00000000

0430:
00000000
00000000
00000000
00000000
00000000
00000000
00111100
01000010
00000010
00111110
01000010
01000010
01000110
00111010
00000000
00000000

0431:
00000000
00000000
00000010
00011100
00100000
01000000
01111100
01000010
01000010
01000010
01000010
01000010
01000010
00111100
00000000
00000000

0432:
00000000
00000000
00000000
00000000
00000000
00000000
01111100
01000010
01000010
01111100
01000010
01000010
01000010
01111100
00000000
00000000

0433:
00000000
00000000
00000000
00000000
00000000
00000000
01111110
01000000
01000000
01000000
01000000
01000000
01000000
01000000
00000000
00000000

0434:
00000000
00000000
00000000
00000000
00000000
00000000
00011110
00010010
00100010
00100010
01000010
01000010
01000010
01111111
01000001
00000000

0435:
00000000
00000000
00000000
00000000
00000000
00000000
00111100
01000010
01000010
01111110
01000000
01000000
01000010
00111100
00000000
00000000

0436:
00000000
00000000
00000000
00000000
00000000
00000000
01001001
01001001
00101010
00011100
00011100
00101010
01001001
01001001
00000000
00000000

0437:
00000000
00000000
00000000
00000000
00000000
00000000
00111100
01000010
00000010
00111100
00000100
00000010
01000010
00111100
00000000
00000000

0438:
00000000
00000000
00000000
00000000
00000000
00000000
01000110
01000110
01001010
01001010
01010010
01010010
01100010
01100010
00000000
00000000

0439:
00000000
00000000
00100100
00011000
00000000
00000000
01000110
01000110
01001010
01001010
01010010
01010010
01100010
01100010
00000000
00000000

043A:
00000000
00000000
00000000
00000000
00000000
00000000
01000110
01001000
01010000
01100000
01010000
01001000
01000100
01000010
00000000
00000000

043B:
00000000
00000000
00000000
00000000
00000000
00000000
00011110
00010010
00010010
00010010
00010010
00100010
00100010
01000010
00000000
00000000

043C:
00000000
00000000
00000000
00000000
00000000
00000000
01000010
01100110
01100110
01011010
01011010
01000010
01000010
01000010
00000000
00000000

043D:
00000000
00000000
00000000
00000000
00000000
00000000
01000010
01000010
01000010
01111110
01000010
01000010
01000010
01000010
00000000
00000000

043E:
00000000
00000000
00000000
00000000
00000000
00000000
00111100
01000010
01000010
01000010
01000010
01000010
01000010
00111100
00000000
00000000

043F:
00000000
00000000
00000000
00000000
00000000
00000000
01111110
01000010
01000010
01000010
01000010
01000010
01000010
01000010
00000000
00000000

0440:
00000000
00000000
00000000
00000000
00000000
00000000
01011100
01100010
01000010
01000010
01000010
01000010
01100010
01011100
01000000
01000000

0441:
00000000
00000000
00000000
00000000
00000000
00000000
00111100
01000010
01000000
01000000
01000000
01000000
01000010
00111100
00000000
00000000

0442:
00000000
00000000
00000000
00000000
00000000
00000000
01111111
00001000
00001000
00001000
00001000
00001000
00001000
00001000
00000000
00000000

0443:
00000000
00000000
00000000
00000000
00000000
00000000
01000010
01000010
00100100
00100100
00011000
00011000
00010000
00010000
00100000
01100000

0444:
00000000
00000000
00000000
00001000
00001000
00001000
00111110
01001001
01001001
01001001
01001001
01001001
01001001
00111110
00001000
00001000

0445:
00000000
00000000
00000000
00000000
00000000
00000000
01000010
01000010
00100100
00011000
00011000
00100100
01000010
01000010
00000000
00000000

0446:
00000000
00000000
00000000
00000000
00000000
00000000
01000010
01000010
01000010
01000010
01000010
01000010
01000010
01111111
00000001
00000001

0447:
00000000
00000000
00000000
00000000
00000000
00000000
01000010
01000010
01000010
01000010
01000110
00111010
00000010
00000010
00000000
00000000

0448:
00000000
00000000
00000000
00000000
00000000
00000000
01001001
01001001
01001001
01001001
01001001
01001001
01001001
01111111
00000000
00000000

0449:
00000000
00000000
00000000
00000000
00000000
00000000
10010010
10010010
10010010
10010010
10010010
10010010
10010010
11111111
00000001
00000001

044A:
00000000
00000000
00000000
00000000
00000000
00000000
01110000
00010000
00010000
00011110
00010001
00010001
00010001
00011110
00000000
00000000

044B:
00000000
00000000
00000000
00000000
00000000
00000000
01000010
01000010
01000010
01110010
01001010
01001010
01001010
01110010
00000000
00000000

044C:
00000000
00000000
00000000
00000000
00000000
00000000
01000000
01000000
01000000
01111100
01000010
01000010
01000010
01111100
00000000
00000000

044D:
00000000
00000000
00000000
00000000
00000000
00000000
00111000
01000100
00000010
00111110
00000010
00000010
01000100
00111000
00000000
00000000

044E:
00000000
00000000
00000000
00000000
00000000
00000000
01001100
01010010
01010010
01110010
01010010
01010010
01010010
01001100
00000000
00000000

044F:
00000000
00000000
00000000
00000000
00000000
00000000
00111110
01000010
01000010
01000010
00111110
00010010
00100010
01000010
00000000
00000000

0450:
00000000
00000000
00110000
00001100
00000000
00000000
00111100
01000010
01000010
01111110
01000000
01000000
01000010
00111100
00000000
00000000

0451:
00000000
00000000
00100100
00100100
00000000
00000000
00111100
01000010
01000010
01111110
01000000
01000000
01000010
00111100
00000000
00000000

0452:
00000000
00000000
00000000
01000000
11110000
01000000
01011100
01100010
01000010
01000010
01000010
01000010
01000010
01000010
00000010
00001100

0453:
00000000
00000000
00001100
00110000
00000000
00000000
01111110
01000000
01000000
01000000
01000000
01000000
01000000
01000000
00000000
00000000

0454:
00000000
00000000
00000000
00000000
00000000
00000000
00011100
00100010
01000000
01111100
01000000
01000000
00100010
00011100
00000000
00000000

0455:
00000000
00000000
00000000
00000000
00000000
00000000
00111100
01000010
01000000
00110000
00001100
00000010
01000010
00111100
00000000
00000000

0456:
00000000
00000000
00000000
00001000
00001000
00000000
00011000
00001000
00001000
00001000
00001000
00001000
00001000
00111110
00000000
00000000

0457:
00000000
00000000
00000000
00100100
00100100
00000000
00011000
00001000
00001000
00001000
00001000
00001000
00001000
00111110
00000000
00000000

0458:
00000000
00000000
00000000
00000100
00000100
00000000
00001100
00000100
00000100
00000100
00000100
00000100
00000100
00000100
01001000
00110000

0459:
00000000
00000000
00000000
00000000
00000000
00000000
01111000
01001000
01001000
01001110
01001001
01001001
01001001
10001110
00000000
00000000

045A:
00000000
00000000
00000000
00000000
00000000
00000000
01001000
01001000
01001000
01111110
01001001
01001001
01001001
01001110
00000000
00000000

045B:
00000000
00000000
00000000
01000000
11110000
01000000
01011100
01100010
01000010
01000010
01000010
01000010
01000010
01000010
00000000
00000000

045C:
00000000
00000000
00001100
00110000
00000000
00000000
01000110
01001000
01010000
01100000
01010000
01001000
01000100
01000010
00000000
00000000

045D:
00000000
00000000
00110000
00001100
00000000
00000000
01000110
01000110
01001010
01001010
01010010
01010010
01100010
01100010
00000000
00000000

045E:
00000000
01000010
01000010
00111100
00000000
00000000
01000010
01000010
00100100
00100100
00011000
00011000
00010000
00010000
00100000
01100000

045F:
00000000
00000000
00000000
00000000
00000000
00000000
00100010
00100010
00100010
00100010
00100010
00100010
00100010
00111110
00001000
00001000

0460:
00000000
00000000
00000000
00000000
01001001
01001001
01001001
01001001
01001001
01001001
01001001
01001001
01011010
00100100
00000000
00000000

0461:
00000000
00000000
00000000
00000000
00000000
00000000
00000000
01001001
01001001
01001001
01001001
01001001
01011010
00100100
00000000
00000000

0462:
00000000
00000000
00000000
00000000
00010000
01111100
00010000
00010000
00011110
00010001
00010001
00010001
00010001
00011110
00000000
00000000

0463:
00000000
00000000
00000000
00000000
00100000
00100000
01111000
00100000
00100000
00111100
00100010
00100010
00100010
00111100
00000000
00000000

0464:
00000000
00000000
00000000
00000000
01000110
01001001
01010000
01010000
01111110
01010000
01010000
01010000
01001001
01000110
00000000
00000000

0465:
00000000
00000000
00000000
00000000
00000000
00000000
01000110
01001001
01010000
01111110
01010000
01010000
01001001
01000110
00000000
00000000

0466:
00000000
00000000
00000000
00000000
00001000
00001000
00010100
00010100
00100010
00110110
00101010
01001001
01001001
01001001
00000000
00000000

0467:
00000000
00000000
00000000
00000000
00000000
00000000
00001000
00010100
00010100
00100010
00110110
01001001
01001001
01001001
00000000
00000000

0468:
00000000
00000000
00000000
00000000
01001000
01001000
01010100
01010100
01010010
01110110
01101010
01001001
01001001
01001001
00000000
00000000

0469:
00000000
00000000
00000000
00000000
00000000
00000000
01001000
01010100
01010100
01010010
01110110
01001001
01001001
01001001
00000000
00000000

046A:
00000000
00000000
00000000
00000000
00111110
00100010
00100010
00010100
00001000
00011100
00101010
01001001
01001001
01001001
00000000
00000000

046B:
00000000
00000000
00000000
00000000
00000000
00000000
00111110
00100010
00010100
00001000
00111110
01001001
01001001
01001001
00000000
00000000

046C:
00000000
00000000
00000000
00000000
01011111
01010001
01010001
01001010
01110100
01001110
01010101
01010101
01010101
01010101
00000000
00000000

046D:
00000000
00000000
00000000
00000000
00000000
00000000
01011111
01010001
01001010
01110100
01001110
01010101
01010101
01010101
00000000
00000000

046E:
00000000
00000000
00100100
00011000
00111100
01000010
00000010
00000010
00111100
00000100
00000010
00000010
00000010
00111100
01000000
01000000

046F:
00000000
00000000
00000000
00100100
00011000
00000000
00111100
01000010
00000010
00111100
00000100
00000010
00000010
00111100
01000000
01000000

0470:
00000000
00000000
00000000
00000000
01001001
01001001
01001001
01001001
01001001
00111110
00001000
00001000
00001000
00001000
00000000
00000000

0471:
00000000
00000000
00000000
00000000
00000000
00000000
00000000
00000000
01001001
01001001
01001001
01001001
01001001
00111110
00001000
00001000

0472:
00000000
00000000
00000000
00000000
00111100
01000010
01000010
01000010
01111110
01000010
01000010
01000010
01000010
00111100
00000000
00000000

0473:
00000000
00000000
00000000
00000000
00000000
00000000
00111100
01000010
01000010
01111110
01000010
01000010
01000010
00111100
00000000
00000000

0474:
00000000
00000000
00000000
00000000
01000011
01000100
01000100
01000100
00101000
00101000
00101000
00010000
00010000
00010000
00000000
00000000

0475:
00000000
00000000
00000000
00000000
00000000
00000000
01000110
01001000
01001000
00101000
00101000
00101000
00010000
00010000
00000000
00000000

0476:
01100110
00010001
00000000
00000000
01000011
01000100
01000100
01000100
00101000
00101000
00101000
00010000
00010000
00010000
00000000
00000000

0477:
00000000
00000000
01100110
00010001
00000000
00000000
01000110
01001000
01001000
00101000
00101000
00101000
00010000
00010000
00000000
00000000

0478:
00000000
00000000
00000000
00000000
00100000
01010000
01011001
01011001
01011001
01010101
01010110
01010100
01010100
00100100
00001000
00001000

0479:
00000000
00000000
00000000
00000000
00000000
00000000
00101001
01011001
01011001
01010101
01010110
01010100
01010100
00100100
00001000
00001000

047A:
00000000
00000000
00000000
00001000
00111110
01001001
01000001
01000001
01000001
01000001
01000001
01000001
01001001
00111110
00001000
00000000

047B:
00000000
00000000
00000000
00000000
00000000
00001000
00111110
01001001
01000001
01000001
01000001
01000001
01001001
00111110
00001000
00000000

047C:
00111100
01000011
00011000
00000100
00001000
00000000
00110110
01000001
01000001
01001001
01001001
01001001
01001001
00110110
00000000
00000000

047D:
00000000
00000000
00000000
00111100
01000011
00011000
00000100
00001000
00000000
00110110
01000001
01001001
01001001
00110110
00000000
00000000

047E:
00000000
01111111
00001000
00000000
01001001
01001001
01001001
01001001
01001001
01001001
01001001
01001001
01011010
00100100
00000000
00000000

047F:
00000000
00000000
00000000
00000000
01111111
00001000
00000000
01001001
01001001
01001001
01001001
01001001
01011010
00100100
00000000
00000000

0480:
00000000
00000000
00000000
00000000
00111100
01000010
01000010
01000000
01000000
01000000
01000000
01000000
00111100
00000100
00000100
00000100

0481:
00000000
00000000
00000000
00000000
00000000
00000000
00111100
01000010
01000010
01000000
01000000
01000000
00111100
00000100
00000100
00000100

0482:
00000000
00000000
00000000
00000000
00000000
00000000
00010010
00001100
01000100
00101010
00010001
00011000
00100100
00000000
00000000
00000000

048A:
00000000
00100100
00011000
00000000
01000010
01000110
01000110
01001010
01001010
01010010
01010010
01100010
01100010
01000011
00000010
00000100

048B:
00000000
00000000
00100100
00011000
00000000
00000000
01000110
01000110
01001010
01001010
01010010
01010010
01100010
01100011
00000010
00000100

048C:
00000000
00000000
00000000
00000000
00100000
01110000
00100000
00100000
00100000
00111100
00100010
00100010
00100110
00111100
00000000
00000000

048D:
00000000
00000000
00000000
00000000
00000000
00000000
00000000
00100000
01110000
00100000
00111100
00100010
00100010
00111100
00000000
00000000

048E:
00000000
00000000
00000000
00000000
01111100
01000010
01001010
01000100
01111010
01000000
01000000
01000000
01000000
01000000
00000000
00000000

048F:
00000000
00000000
00000000
00000000
00000000
00000000
01011100
01100010
01000010
01000010
01000010
01001010
01100100
01011010
01000000
01000000

0490:
00000000
00000000
00000010
00000010
01111110
01000000
01000000
01000000
01000000
01000000
01000000
01000000
01000000
01000000
00000000
00000000

0491:
00000000
00000000
00000000
00000000
00000010
00000010
01111110
01000000
01000000
01000000
01000000
01000000
01000000
01000000
00000000
00000000

0492:
00000000
00000000
00000000
00000000
00011111
00010000
00010000
00010000
00010000
01111100
00010000
00010000
00010000
00010000
00000000
00000000

0493:
00000000
00000000
00000000
00000000
00000000
00000000
00011111
00010000
00010000
00010000
01111100
00010000
00010000
00010000
00000000
00000000

0494:
00000000
00000000
00000000
00000000
01111110
01000000
01000000
01000000
01000000
01111100
01000010
01000010
01000010
01000010
00001100
00000000

0495:
00000000
00000000
00000000
00000000
00000000
00000000
01111110
01000000
01000000
01000000
01111100
01000010
01000010
01000010
00001100
00000000

0496:
00000000
00000000
00000000
00000000
01001001
01001001
00101010
00101010
00011100
00011100
00101010
00101010
01001001
01001001
00000001
00000001

0497:
00000000
00000000
00000000
00000000
00000000
00000000
01001001
01001001
00101010
00011100
00011100
00101010
01001001
01001001
00000001
00000001

0498:
00000000
00000000
00000000
00000000
00111100
01000010
00000010
00000010
00111100
00000100
00000010
00000010
01000010
00111100
00001000
00110000

0499:
00000000
00000000
00000000
00000000
00000000
00000000
00111100
01000010
00000010
00111100
00000100
00000010
01000010
00111100
00001000
00110000

049A:
00000000
00000000
00000000
00000000
01000110
01001000
01001000
01010000
01010000
01100000
01010000
01001000
01000100
01000010
00000010
00000010

049B:
00000000
00000000
00000000
00000000
00000000
00000000
01000110
01001000
01010000
01100000
01010000
01001000
01000100
01000010
00000010
00000010

049C:
00000000
00000000
00000000
00000000
01000011
01000100
01010100
01010100
01111000
01010100
01010100
01010100
01000010
01000001
00000000
00000000

049D:
00000000
00000000
00000000
00000000
00000000
00000000
01000011
01010100
01010100
01111000
01010100
01010100
01000010
01000001
00000000
00000000

049E:
00000000
00000000
00000000
00000000
00100011
01110100
00100100
00101000
00101000
00110000
00101000
00100100
00100010
00100001
00000000
00000000

049F:
00000000
00000000
00000000
00000000
00000000
00000000
00100011
01110100
00101000
00110000
00101000
00100100
00100010
00100001
00000000
00000000

04A0:
00000000
00000000
00000000
00000000
11100011
00100100
00100100
00101000
00101000
00110000
00101000
00100100
00100010
00100001
00000000
00000000

04A1:
00000000
00000000
00000000
00000000
00000000
00000000
11100011
00100100
00101000
00110000
00101000
00100100
00100010
00100001
00000000
00000000

04A2:
00000000
00000000
00000000
00000000
01000010
01000010
01000010
01000010
01111110
01000010
01000010
01000010
01000010
01000011
00000001
00000001

04A3:
00000000
00000000
00000000
00000000
00000000
00000000
01000010
01000010
01000010
01111110
01000010
01000010
01000010
01000011
00000001
00000001

04A4:
00000000
00000000
00000000
00000000
01000111
01000100
01000100
01000100
01111100
01000100
01000100
01000100
01000100
01000100
00000000
00000000

04A5:
00000000
00000000
00000000
00000000
00000000
00000000
01000111
01000100
01000100
01111100
01000100
01000100
01000100
01000100
00000000
00000000

04A6:
00000000
00000000
00000000
00000000
01111000
01001000
01001000
01001000
01001000
01001110
01001001
01001001
01001001
01001001
00000001
00000110

04A7:
00000000
00000000
00000000
00000000
00000000
00000000
01111000
01001000
01001000
01001000
01001110
01001001
01001001
01001001
00000001
00000110

04A8:
00000000
00000000
00000000
00100000
01001100
01010010
01010010
01010010
01010010
01010010
01010010
01010010
00101100
00011000
00000110
00000000

04A9:
00000000
00000000
00000000
00000000
00000000
00000000
00100000
01001100
01010010
01010010
01010010
01010010
00101100
00011000
00000110
00000000

04AA:
00000000
00000000
00000000
00000000
00111100
01000010
01000010
01000000
01000000
01000000
01000000
01000010
01000010
00111100
00001000
00110000

04AB:
00000000
00000000
00000000
00000000
00000000
00000000
00111100
01000010
01000010
01000000
01000000
01000010
01000010
00111100
00001000
00110000

04AC:
00000000
00000000
00000000
00000000
01111111
00001000
00001000
00001000
00001000
00001000
00001000
00001000
00001000
00001100
00000100
00000100

04AD:
00000000
00000000
00000000
00000000
00000000
00000000
01111111
00001000
00001000
00001000
00001000
00001000
00001000
00001100
00000100
00000100

04AE:
00000000
00000000
00000000
00000000
01000001
01000001
00100010
00100010
00010100
00001000
00001000
00001000
00001000
00001000
00000000
00000000

04AF:
00000000
00000000
00000000
00000000
00000000
00000000
00100010
00100010
00100010
00010100
00010100
00001000
00001000
00001000
00001000
00001000

04B0:
00000000
00000000
00000000
00000000
01000001
01000001
00100010
00100010
00010100
00001000
00001000
00111110
00001000
00001000
00000000
00000000

04B1:
00000000
00000000
00000000
00000000
00000000
00000000
00100010
00100010
00100010
00010100
00010100
00001000
00111110
00001000
00001000
00001000

04B2:
00000000
00000000
00000000
00000000
01000010
01000010
00100100
00100100
00011000
00011000
00100100
00100100
01000010
01000011
00000001
00000001

04B3:
00000000
00000000
00000000
00000000
00000000
00000000
01000010
01000010
00100100
00011000
00011000
00100100
01000010
01000011
00000001
00000001

04B4:
00000000
00000000
00000000
00000000
11111010
00100010
00100010
00100010
00100010
00100010
00100010
00100010
00100010
00111111
00000001
00000001

04B5:
00000000
00000000
00000000
00000000
00000000
00000000
11111010
00100010
00100010
00100010
00100010
00100010
00100010
00111111
00000001
00000001

04B6:
00000000
00000000
00000000
00000000
01000010
01000010
01000010
01000010
01000010
01000110
00111010
00000010
00000010
00000011
00000001
00000001

04B7:
00000000
00000000
00000000
00000000
00000000
00000000
01000010
01000010
01000010
01000010
01000110
00111010
00000010
00000011
00000001
00000001

04B8:
00000000
00000000
00000000
00000000
01000010
01000010
01000010
01000010
01010010
01010110
00111010
00010010
00010010
00000010
00000000
00000000

04B9:
00000000
00000000
00000000
00000000
00000000
00000000
01000010
01000010
01000010
01010010
01010110
00111010
00010010
00000010
00000000
00000000

04BA:
00000000
00000000
00000000
00000000
01000000
01000000
01000000
01011100
01100010
01000010
01000010
01000010
01000010
01000010
00000000
00000000

04BB:
00000000
00000000
00000000
00000000
00000000
00000000
01000000
01000000
01011100
01100010
01000010
01000010
01000010
01000010
00000000
00000000

04BC:
00000000
00000000
00000000
00000000
01001100
01010010
01010010
01010010
00111110
00010000
00010000
00010010
00010010
00001100
00000000
00000000

04BD:
00000000
00000000
00000000
00000000
00000000
00000000
01001100
01010010
01010010
00111110
00010000
00010000
00010010
00001100
00000000
00000000

04BE:
00000000
00000000
00000000
00000000
01001100
01010010
01010010
01010010
00111110
00010000
00010000
00010010
00010010
00001100
00001000
00001000

04BF:
00000000
00000000
00000000
00000000
00000000
00000000
01001100
01010010
01010010
00111110
00010000
00010000
00010010
00001100
00001000
00001000

04C0:
00000000
00000000
00000000
00000000
00111110
00001000
00001000
00001000
00001000
00001000
00001000
00001000
00001000
00111110
00000000
00000000

04C1:
01000001
01000001
00111110
00000000
01001001
01001001
00101010
00101010
00011100
00011100
00101010
00101010
01001001
01001001
00000000
00000000

04C2:
00000000
00100010
00100010
00011100
00000000
00000000
01001001
01001001
00101010
00011100
00011100
00101010
01001001
01001001
00000000
00000000

04C3:
00000000
00000000
00000000
00000000
01000110
01001000
01001000
01010000
01100000
01111100
01000010
01000010
01000010
01000010
00000010
00001100

04C4:
00000000
00000000
00000000
00000000
00000000
00000000
01000110
01001000
01010000
01100000
01111100
01000010
01000010
01000010
00000010
00001100

04C5:
00000000
00000000
00000000
00000000
00011110
00010010
00010010
00010010
00010010
00010010
00010010
00100010
00100010
01000011
00000010
00000100

04C6:
00000000
00000000
00000000
00000000
00000000
00000000
00011110
00010010
00010010
00010010
00010010
00100010
00100010
01000011
00000010
00000100

04C7:
00000000
00000000
00000000
00000000
01000010
01000010
01000010
01000010
01111110
01000010
01000010
01000010
01000010
01000010
00000010
00001100

04C8:
00000000
00000000
00000000
00000000
00000000
00000000
01000010
01000010
01000010
01111110
01000010
01000010
01000010
01000010
00000010
00001100

04C9:
00000000
00000000
00000000
00000000
01000010
01000010
01000010
01000010
01111110
01000010
01000010
01000010
01000010
01000011
00000010
00000100

04CA:
00000000
00000000
00000000
00000000
00000000
00000000
01000010
01000010
01000010
01111110
01000010
01000010
01000010
01000011
00000010
00000100

04CB:
00000000
00000000
00000000
00000000
01000010
01000010
01000010
01000010
01000010
01000110
00111010
00000010
00000010
00000110
00000100
00000100

04CC:
00000000
00000000
00000000
00000000
00000000
00000000
01000010
01000010
01000010
01000010
01000110
00111010
00000010
00000110
00000100
00000100

04CD:
00000000
00000000
00000000
00000000
01000010
01000010
01100110
01100110
01011010
01011010
01000010
01000010
01000010
01000011
00000010
00000100

04CE:
00000000
00000000
00000000
00000000
00000000
00000000
01000010
01100110
01100110
01011010
01011010
01000010
01000010
01000011
00000010
00000100

04CF:
00000000
00000000
00000000
00000000
00011100
00001000
00001000
00001000
00001000
00001000
00001000
00001000
00001000
00011100
00000000
00000000

04D0:
01000010
01000010
00111100
00000000
00011000
00100100
00100100
01000010
01000010
01111110
01000010
01000010
01000010
01000010
00000000
00000000

04D1:
00000000
01000010
01000010
00111100
00000000
00000000
00111100
01000010
00000010
00111110
01000010
01000010
01000110
00111010
00000000
00000000

04D2:
00100100
00100100
00000000
00000000
00011000
00100100
00100100
01000010
01000010
01111110
01000010
01000010
01000010
01000010
00000000
00000000

04D3:
00000000
00000000
00100100
00100100
00000000
00000000
00111100
01000010
00000010
00111110
01000010
01000010
01000110
00111010
00000000
00000000

04D4:
00000000
00000000
00000000
00000000
00011111
00101000
01001000
01001000
01111111
01001000
01001000
01001000
01001000
01001111
00000000
00000000

04D5:
00000000
00000000
00000000
00000000
00000000
00000000
00111110
01001001
00001001
00111111
01001000
01001000
01001001
00111110
00000000
00000000

04D6:
01000010
01000010
00111100
00000000
01111110
01000000
01000000
01000000
01111100
01000000
01000000
01000000
01000000
01111110
00000000
00000000

04D7:
00000000
00000000
01000010
01000010
00111100
00000000
00111100
01000010
01000010
01111110
01000000
01000000
01000010
00111100
00000000
00000000

04D8:
00000000
00000000
00000000
00000000
00011000
00100100
01000010
00000010
00000010
01111110
01000010
01000010
00100100
00011000
00000000
00000000

04D9:
00000000
00000000
00000000
00000000
00000000
00000000
00111100
01000010
00000010
00000010
01111110
01000010
01000010
00111100
00000000
00000000

04DA:
00100100
00100100
00000000
00000000
00011000
00100100
01000010
00000010
00000010
01111110
01000010
01000010
00100100
00011000
00000000
00000000

04DB:
00000000
00000000
00100100
00100100
00000000
00000000
00111100
01000010
00000010
00000010
01111110
01000010
01000010
00111100
00000000
00000000

04DC:
00100100
00100100
00000000
00000000
01001001
01001001
00101010
00101010
00011100
00011100
00101010
00101010
01001001
01001001
00000000
00000000

04DD:
00000000
00000000
00100100
00100100
00000000
00000000
01001001
01001001
00101010
00011100
00011100
00101010
01001001
01001001
00000000
00000000

04DE:
00100100
00100100
00000000
00000000
00111100
01000010
00000010
00000010
00111100
00000100
00000010
00000010
01000010
00111100
00000000
00000000

04DF:
00000000
00000000
00100100
00100100
00000000
00000000
00111100
01000010
00000010
00111100
00000100
00000010
01000010
00111100
00000000
00000000

04E0:
00000000
00000000
00000000
00000000
01111110
00000100
00001000
00010000
00011100
00000010
00000010
00000010
01000110
00111100
00000000
00000000

04E1:
00000000
00000000
00000000
00000000
00000000
00000000
00111110
00000100
00001000
00010000
00011100
00000010
00000010
00000010
01000010
00111100

04E2:
00000000
00111100
00000000
00000000
01000010
01000110
01000110
01001010
01001010
01010010
01010010
01100010
01100010
01000010
00000000
00000000

04E3:
00000000
00000000
00000000
00111100
00000000
00000000
01000110
01000110
01001010
01001010
01010010
01010010
01100010
01100010
00000000
00000000

04E4:
00100100
00100100
00000000
00000000
01000010
01000110
01000110
01001010
01001010
01010010
01010010
01100010
01100010
01000010
00000000
00000000

04E5:
00000000
00000000
00100100
00100100
00000000
00000000
01000110
01000110
01001010
01001010
01010010
01010010
01100010
01100010
00000000
00000000

04E6:
00100100
00100100
00000000
00000000
00111100
01000010
01000010
01000010
01000010
01000010
01000010
01000010
01000010
00111100
00000000
00000000

04E7:
00000000
00000000
00100100
00100100
00000000
00000000
00111100
01000010
01000010
01000010
01000010
01000010
01000010
00111100
00000000
00000000

04E8:
00000000
00000000
00000000
00000000
00111100
01000010
01000010
01000010
01111110
01000010
01000010
01000010
01000010
00111100
00000000
00000000

04E9:
00000000
00000000
00000000
00000000
00000000
00000000
00111100
01000010
01000010
01111110
01000010
01000010
01000010
00111100
00000000
00000000

04EA:
00100100
00100100
00000000
00000000
00111100
01000010
01000010
01000010
01111110
01000010
01000010
01000010
01000010
00111100
00000000
00000000

04EB:
00000000
00000000
00100100
00100100
00000000
00000000
00111100
01000010
01000010
01111110
01000010
01000010
01000010
00111100
00000000
00000000

04EC:
00000000
00000000
00100100
00000000
00111100
01000010
00000010
00000010
00111110
00000010
00000010
00000010
01000010
00111100
00000000
00000000

04ED:
00000000
00000000
00000000
00000000
00100100
00000000
00111100
01000010
00000010
00011110
00000010
00000010
01000010
00111100
00000000
00000000

04EE:
00000000
00111110
00000000
00000000
01000001
01000001
00100010
00100010
00010100
00010100
00001000
00001000
00010000
00110000
00000000
00000000

04EF:
00000000
00000000
00000000
00111100
00000000
00000000
01000010
01000010
00100100
00100100
00011000
00011000
00010000
00010000
00100000
01100000

04F0:
00100100
00100100
00000000
00000000
01000001
01000001
00100010
00100010
00010100
00010100
00001000
00001000
00010000
00110000
00000000
00000000

04F1:
00000000
00000000
00100100
00100100
00000000
00000000
01000010
01000010
00100100
00100100
00011000
00011000
00010000
00010000
00100000
01100000

04F2:
00110011
01000100
00000000
00000000
01000001
01000001
00100010
00100010
00010100
00010100
00001000
00001000
00010000
00110000
00000000
00000000

04F3:
00000000
00000000
00110011
01000100
00000000
00000000
01000010
01000010
00100100
00100100
00011000
00011000
00010000
00010000
00100000
01100000

04F4:
00100100
00100100
00000000
00000000
01000010
01000010
01000010
01000010
01000010
01000110
00111010
00000010
00000010
00000010
00000000
00000000

04F5:
00000000
00000000
00100100
00100100
00000000
00000000
01000010
01000010
01000010
01000010
01000110
00111010
00000010
00000010
00000000
00000000

04F6:
00000000
00000000
00000000
00000000
01111110
01000000
01000000
01000000
01000000
01000000
01000000
01000000
01000000
01100000
00100000
00100000

04F7:
00000000
00000000
00000000
00000000
00000000
00000000
01111110
01000000
01000000
01000000
01000000
01000000
01000000
01100000
00100000
00100000

04F8:
00100100
00100100
00000000
00000000
01000010
01000010
01000010
01000010
01110010
01001010
01001010
01001010
01001010
01110010
00000000
00000000

04F9:
00000000
00000000
00100100
00100100
00000000
00000000
01000010
01000010
01000010
01110010
01001010
01001010
01001010
01110010
00000000
00000000

04FA:
00000000
00000000
00000000
00000000
00011111
00010000
00010000
00010000
00010000
01111100
00010000
00010000
00010000
00011000
00001000
00011000

04FB:
00000000
00000000
00000000
00000000
00000000
00000000
00011111
00010000
00010000
01111100
00010000
00010000
00010000
00011000
00001000
00011000

04FC:
00000000
00000000
00000000
00000000
01000010
01000010
00100100
00100100
00011000
00011000
00100100
00100100
01000010
01000010
00000010
00000100

04FD:
00000000
00000000
00000000
00000000
00000000
00000000
01000010
01000010
00100100
00011000
00011000
00100100
01000010
01000010
00000010
00000100

04FE:
00000000
00000000
00000000
00000000
01000010
01000010
00100100
00100100
00011000
01111110
00100100
00100100
01000010
01000010
00000000
00000000

04FF:
00000000
00000000
00000000
00000000
00000000
00000000
01000010
01000010
00100100
00011000
01111110
00100100
01000010
01000010
00000000
00000000

0500:
00000000
00000000
00000000
00000010
00000010
00000010
00111110
01000010
01000010
01000010
01000010
01000010
01000110
00111010
00000000
00000000

0501:
00000000
00000000
00000000
00000010
00000010
00000010
00000010
00111010
01000110
01000010
01000010
01000010
01000110
00111010
00000000
00000000

0502:
00000000
00000000
00000000
00000100
00000100
00000100
00111100
01000100
01000100
01000101
01000101
01000101
01001101
00110110
00000000
00000000

0503:
00000000
00000000
00000000
00000100
00000100
00000100
00000100
00110100
01001100
01000100
01000100
01000101
01001101
00110110
00000000
00000000

0504:
00000000
00000000
00000000
00000000
00111000
01000100
01000100
00000100
00011000
00000101
00000101
00000101
00000101
00000010
00000000
00000000

0505:
00000000
00000000
00000000
00000000
00000000
00000000
00111000
01000100
01000100
00000100
00011000
00000101
00000101
00000010
00000000
00000000

0506:
00000000
00000000
00000000
00000000
00111000
01000100
01000100
00000100
00011000
00000100
00000100
00000100
00000100
00000011
00000001
00000001

0507:
00000000
00000000
00000000
00000000
00000000
00000000
00111000
01000100
01000100
00000100
00011000
00000100
00000100
00000011
00000001
00000001

0508:
00000000
00000000
00000000
00000000
00111100
00100100
00100100
00100100
00100100
00100101
00100101
01000101
01000101
10000010
00000000
00000000

0509:
00000000
00000000
00000000
00000000
00000000
00000000
00111100
00100100
00100100
00100100
00100100
01000101
01000101
10000010
00000000
00000000

050A:
00000000
00000000
00000000
00000000
01000100
01000100
01000100
01000100
01111100
01000101
01000101
01000101
01000101
01000110
00000000
00000000

050B:
00000000
00000000
00000000
00000000
00000000
00000000
01000100
01000100
01000100
01111100
01000100
01000101
01000101
01000110
00000000
00000000

050C:
00000000
00000000
00000000
00000000
00111100
01000010
01000010
01000000
01000000
01001110
01000010
01000010
01000100
00111000
00000000
00000000

050D:
00000000
00000000
00000000
00000000
00000000
00000000
00111100
01000010
01000000
01000000
01001110
01000010
01000010
00111100
00000000
00000000

050E:
00000000
00000000
00000000
00000000
01111111
00001000
00001000
00001000
00001000
00001001
00001001
00001001
00001001
00001110
00000000
00000000

050F:
00000000
00000000
00000000
00000000
00000000
00000000
01111111
00001000
00001000
00001000
00001001
00001001
00001001
00001110
00000000
00000000

0510:
00000000
00000000
00000000
00000000
00111100
01000010
01000000
01000000
00111100
00100000
01000000
01000000
01000010
00111100
00000000
00000000

0511:
00000000
00000000
00000000
00000000
00000000
00000000
00111100
01000010
01000000
00111100
00100000
01000000
01000010
00111100
00000000
00000000

0512:
00000000
00000000
00000000
00000000
00011110
00010010
00010010
00010010
00010010
00010010
00010010
00100010
00100010
01000010
00001010
00001100

0513:
00000000
00000000
00000000
00000000
00000000
00000000
00011110
00010010
00010010
00010010
00010010
00100010
00100010
01000010
00001010
00001100

0514:
00000000
00000000
00000000
00000000
01110001
01010001
01001010
01001010
01000100
01000100
01001010
01001010
01010001
10010001
00000000
00000000

0515:
00000000
00000000
00000000
00000000
00000000
00000000
01110001
01010001
01001010
01000100
01000100
01001010
01010001
10010001
00000000
00000000

0516:
00000000
00000000
00000000
00000000
11100001
10010010
10010100
10011000
10010000
11110000
10001000
10000100
10000010
10000001
00000000
00000000

0517:
00000000
00000000
00000000
00000000
00000000
00000000
00000001
11100010
10010100
10011000
10011000
10010100
11100010
10000001
10000000
10000000

0518:
00000000
00000000
00000000
00000000
01111111
10001000
10001000
10001000
01111111
00101000
01001000
01001000
10001000
10001111
00000000
00000000

0519:
00000000
00000000
00000000
00000000
00000000
00000000
01111110
10001001
10001001
01111111
00101000
00101000
01001001
01000110
00000000
00000000

051A:
00000000
00000000
00000000
00000000
00111100
01000010
01000010
01000010
01000010
01000010
01000010
01011010
01100110
00111100
00000011
00000000

051B:
00000000
00000000
00000000
00000000
00000000
00000000
00111010
01000110
01000010
01000010
01000010
01000010
01000110
00111010
00000010
00000010

051C:
00000000
00000000
00000000
00000000
01000010
01000010
01000010
01000010
01011010
01011010
01100110
01100110
01000010
01000010
00000000
00000000

051D:
00000000
00000000
00000000
00000000
00000000
00000000
01000001
01001001
01001001
01001001
01001001
01001001
01001001
00110110
00000000
00000000

051E:
00000000
00000000
00000000
00000000
01001010
01000100
01001010
01010000
01100000
01100000
01010000
01001000
01000100
01000010
00000000
00000000

051F:
00000000
00000000
00000000
00000000
00000000
00000000
01010100
01001000
01010100
01100000
01010000
01001000
01000100
01000010
00000000
00000000

0520:
00000000
00000000
00000000
00000000
01110000
01010000
01010000
01010000
01011110
01010001
01010001
10010001
10010001
10010001
00000101
00000010

0521:
00000000
00000000
00000000
00000000
00000000
00000000
01110000
01010000
01010000
01011110
01010001
01010001
10010001
10010001
00000101
00000010

0522:
00000000
00000000
00000000
00000000
10010000
10010000
10010000
10010000
11111110
10010001
10010001
10010001
10010001
10010001
00000101
00000010

0523:
00000000
00000000
00000000
00000000
00000000
00000000
10010000
10010000
10010000
11111110
10010001
10010001
10010001
10010001
00000101
00000010

0524:
00000000
00000000
00000000
00000000
01111100
01000100
01000100
01000100
01000100
01000100
01000100
01000100
01000100
01000110
00000010
00000010

0525:
00000000
00000000
00000000
00000000
00000000
00000000
01111100
01000100
01000100
01000100
01000100
01000100
01000100
01000110
00000010
00000010

0526:
00000000
00000000
00000000
00000000
01000000
01000000
01000000
01011100
01100010
01000010
01000010
01000010
01000010
01000011
00000001
00000001

0527:
00000000
00000000
00000000
00000000
00000000
00000000
01000000
01000000
01011100
01100010
01000010
01000010
01000010
01000011
00000001
00000001

0528:
00000000
00000000
00000000
00000000
00010001
00010001
00010001
00010001
00011111
00010001
00010001
00010001
00010001
00010001
01010000
00100000

0529:
00000000
00000000
00000000
00000000
00000000
00000000
00010001
00010001
00010001
00011111
00010001
00010001
00010001
00010001
01010000
00100000

052A:
0000000000000000
0000000000000000
0000000000000000
0000000000000000
0000110001000110
0001010001001000
0001010001001000
0001010001010000
0010011111100000
0010010001100000
0010010001010000
0100010001001000
0100010001000100
1111111001000010
1000001000000000
1000001000000000

052B:
0000000000000000
0000000000000000
0000000000000000
0000000000000000
0000000000000000
0000000000000000
0001110001000110
0001010001001000
0010010001010000
0010011111100000
0100010001010000
0100010001001000
0100010001000100
0111111001000010
0100001000000000
0000000000000000

052C:
00000000
00000000
00000000
00000000
01001100
01001100
01010100
01010100
01010100
01111100
00100100
00100100
01000100
01111110
01000010
01000010

052D:
00000000
00000000
00000000
00000000
00000000
00000000
01001100
01010100
01010100
01010100
01111100
00100100
00100100
00100100
01111110
01000010

052E:
00000000
00000000
00000000
00000000
00011110
00010010
00010010
00010010
00010010
00010010
00010010
00100010
00100010
01000011
00000001
00000001

052F:
00000000
00000000
00000000
00000000
00000000
00000000
00011110
00010010
00010010
00010010
00010010
00100010
00100010
01000011
00000001
00000001

2000:
00000000
00000000
00000000
00000000
00000000
00000000
00000000
00000000
00000000
00000000
00000000
00000000
00000000
00000000
00000000
00000000

2001:
00000000
00000000
00000000
00000000
00000000
00000000
00000000
00000000
00000000
00000000
00000000
00000000
00000000
00000000
00000000
00000000

2002:
00000000
00000000
00000000
00000000
00000000
00000000
00000000
00000000
00000000
00000000
00000000
00000000
00000000
00000000
00000000
00000000

2003:
00000000
00000000
00000000
00000000
00000000
00000000
00000000
00000000
00000000
00000000
00000000
00000000
00000000
00000000
00000000
00000000

2004:
00000000
00000000
00000000
00000000
00000000
00000000
00000000
00000000
00000000
00000000
00000000
00000000
00000000
00000000
00000000
00000000

2005:
00000000
00000000
00000000
00000000
00000000
00000000
00000000
00000000
00000000
00000000
00000000
00000000
00000000
00000000
00000000
00000000

2006:
00000000
00000000
00000000
00000000
00000000
00000000
00000000
00000000
00000000
00000000
00000000
00000000
00000000
00000000
00000000
00000000

2007:
00000000
00000000
00000000
00000000
00000000
00000000
00000000
00000000
00000000
00000000
00000000
00000000
00000000
00000000
00000000
00000000

2008:
00000000
00000000
00000000
00000000
00000000
00000000
00000000
00000000
00000000
00000000
00000000
00000000
00000000
00000000
00000000
00000000

2009:
00000000
00000000
00000000
00000000
00000000
00000000
00000000
00000000
00000000
00000000
00000000
00000000
00000000
00000000
00000000
00000000

200A:
00000000
00000000
00000000
00000000
00000000
00000000
00000000
00000000
00000000
00000000
00000000
00000000
00000000
00000000
00000000
00000000

200B:
1010101010101010
0000000000000001
1001111001000100
0000001001000101
1000010001010100
0000100001010101
1001000001101100
0001111001000101
1000000000000000
0000111000111001
1001000000100100
0000110000111001
1000001000100000
0001110000100001
1000000000000000
0101010101010101

200C:
1010101010101010
0000000000000001
1001111001000100
0000001001000101
1000010001010100
0000100001010101
1001000001101100
0001111001000101
1000000000000000
0001001000001001
1001101000001000
0001011001001001
1001001001001000
0001001000110001
1000000000000000
0101010101010101

200D:
1010101010101010
0000000000000001
1001111001000100
0000001001000101
1000010001010100
0000100001010101
1001000001101100
0001111001000101
1000000000000000
0000000001000001
1000000001000000
0000001001000001
1000001001000000
0000000110000001
1000000000000000
0101010101010101

200E:
1010101010101010
0000000000000001
1000000000000000
0000000000000001
1100011100100010
0100010010110111
1100011100101010
0100010100100011
1111010010100010
0000000000000001
1000000000000000
0000000000000001
1000000000000000
0000000000000001
1000000000000000
0101010101010101

200F:
1010101010101010
0000000000000001
1000000000000000
0000000000000001
1111001000100010
0100101000110111
1111001000101010
0101001000100011
1100101110100010
0000000000000001
1000000000000000
0000000000000001
1000000000000000
0000000000000001
1000000000000000
0101010101010101

2010:
00000000
00000000
00000000
00000000
00000000
00000000
00000000
00000000
00000000
00111100
00000000
00000000
00000000
00000000
00000000
00000000

2011:
00000000
00000000
00000000
00000000
00000000
00000000
00000000
00000000
00000000
00111100
00000000
00000000
00000000
00000000
00000000
00000000

2012:
00000000
00000000
00000000
00000000
00000000
00000000
00000000
00000000
00000000
01111110
00000000
00000000
00000000
00000000
00000000
00000000

2013:
00000000
00000000
00000000
00000000
00000000
00000000
00000000
00000000
00000000
01111110
00000000
00000000
00000000
00000000
00000000
00000000

2014:
00000000
00000000
00000000
00000000
00000000
00000000
00000000
00000000
00000000
11111111
00000000
00000000
00000000
00000000
00000000
00000000

2015:
00000000
00000000
00000000
00000000
00000000
00000000
00000000
00000000
00000000
11111111
00000000
00000000
00000000
00000000
00000000
00000000

2016:
00000000
00000000
00000000
00010100
00010100
00010100
00010100
00010100
00010100
00010100
00010100
00010100
00010100
00010100
00010100
00000000

2017:
00000000
00000000
00000000
00000000
00000000
00000000
00000000
00000000
00000000
00000000
00000000
00000000
00000000
11111111
00000000
11111111

2018:
00000000
00000000
00001000
00010000
00010000
00011000
00000000
00000000
00000000
00000000
00000000
00000000
00000000
00000000
00000000
00000000

2019:
00000000
00000000
00011000
00001000
00001000
00010000
00000000
00000000
00000000
00000000
00000000
00000000
00000000
00000000
00000000
00000000

201A:
00000000
00000000
00000000
00000000
00000000
00000000
00000000
00000000
00000000
00000000
00000000
00000000
00011000
00001000
00001000
00010000

201B:
00000000
00000000
00011000
00010000
00010000
00001000
00000000
00000000
00000000
00000000
00000000
00000000
00000000
00000000
00000000
00000000

201C:
00000000
00000000
00100010
01000100
01000100
01100110
00000000
00000000
00000000
00000000
00000000
00000000
00000000
00000000
00000000
00000000

201D:
00000000
00000000
01100110
00100010
00100010
01000100
00000000
00000000
00000000
00000000
00000000
00000000
00000000
00000000
00000000
00000000

201E:
00000000
00000000
00000000
00000000
00000000
00000000
00000000
00000000
00000000
00000000
00000000
00000000
01100110
00100010
00100010
01000100

201F:
00000000
00000000
01100110
01000100
01000100
00100010
00000000
00000000
00000000
00000000
00000000
00000000
00000000
00000000
00000000
00000000

2020:
00000000
00000000
00001000
00011100
00001000
00101010
01111111
00101010
00001000
00011100
00001000
00001000
00001000
00001000
00000000
00000000

2021:
00000000
00001000
00011100
00001000
00101010
01111111
00101010
00001000
00001000
00101010
01111111
00101010
00001000
00011100
00001000
00000000

2022:
00000000
00000000
00000000
00000000
00000000
00000000
00000000
00111000
01111100
01111100
01111100
00111000
00000000
00000000
00000000
00000000

2023:
00000000
00000000
00000000
00000000
00000000
00000000
00100000
00110000
00111000
00111100
00111000
00110000
00100000
00000000
00000000
00000000

2024:
00000000
00000000
00000000
00000000
00000000
00000000
00000000
00000000
00000000
00000000
00000000
00000000
00011000
00011000
00000000
00000000

2025:
00000000
00000000
00000000
00000000
00000000
00000000
00000000
00000000
00000000
00000000
00000000
00000000
00110110
00110110
00000000
00000000

2026:
00000000
00000000
00000000
00000000
00000000
00000000
00000000
00000000
00000000
00000000
00000000
00000000
01001001
01001001
00000000
00000000

2027:
00000000
00000000
00000000
00000000
00000000
00000000
00000000
00000000
00000000
00011000
00011000
00000000
00000000
00000000
00000000
00000000

2028:
1010101010101010
0000000000000001
1000000000000000
0000001000000001
1000001000000000
0000001000000001
1000001000000000
0000001111000001
1000000000000000
0011101111011101
1100001000010010
0011001111011101
1000101000010000
0111001111010001
1000000000000000
0101010101010101

2029:
1010101010101010
0000000000000001
1000000000000000
0000001110000001
1000001001000000
0000001110000001
1000001000000000
0000001000000001
1000000000000000
0011101111011101
1100001000010010
0011001111011101
1000101000010000
0111001111010001
1000000000000000
0101010101010101

202A:
1010101010101010
0000000000000001
1000000000000000
0000000000000001
1100001110011110
0100001001010001
1100001110011110
0100001010010001
1111101001011110
0000000000000001
1000000000000000
0000000000000001
1000000000000000
0000000000000001
1000000000000000
0101010101010101

202B:
1010101010101010
0000000000000001
1000000000000000
0000000000000001
1111001000011110
0100101000010001
1111001000011110
0101001000010001
1100101111011110
0000000000000001
1000000000000000
0000000000000001
1000000000000000
0000000000000001
1000000000000000
0101010101010101

202C:
1010101010101010
0000000000000001
1000000000000000
0000000000000001
1111001110011110
0100101001010001
1111001001011110
0100001001010001
1100001110010000
0000000000000001
1000000000000000
0000000000000001
1000000000000000
0000000000000001
1000000000000000
0101010101010101

202D:
1010101010101010
0000000000000001
1000000000000000
0000000000000001
1100001110001100
0100001001010011
1100001110010010
0100001010010011
1111101001001100
0000000000000001
1000000000000000
0000000000000001
1000000000000000
0000000000000001
1000000000000000
0101010101010101

202E:
1010101010101010
0000000000000001
1000000000000000
0000000000000001
1111001000001100
0100101000010011
1111001000010010
0101001000010011
1100101111001100
0000000000000001
1000000000000000
0000000000000001
1000000000000000
0000000000000001
1000000000000000
0101010101010101

202F:
00000000
00000000
00000000
00000000
00000000
00000000
00000000
00000000
00000000
00000000
00000000
00000000
00000000
00000000
00000000
00000000

2030:
00000000
00000000
00000000
00000000
01000010
10100100
10100100
01001000
00010000
00010000
00101010
01010101
01010101
10001010
00000000
00000000

2031:
00000000
00000000
00000000
00000000
01000000
10100000
10100000
01001100
00110000
11000000
00101010
01010101
01010101
00101010
00000000
00000000

2032:
00000000
00000000
00000000
00000000
00001100
00011000
00010000
00100000
00000000
00000000
00000000
00000000
00000000
00000000
00000000
00000000

2033:
00000000
00000000
00000000
00000000
00110011
01100110
01000100
10001000
00000000
00000000
00000000
00000000
00000000
00000000
00000000
00000000

2034:
00000000
00000000
00000000
00000000
00111111
01111110
01010100
10101000
00000000
00000000
00000000
00000000
00000000
00000000
00000000
00000000

2035:
00000000
00000000
00000000
00000000
00110000
00011000
00001000
00000100
00000000
00000000
00000000
00000000
00000000
00000000
00000000
00000000

2036:
00000000
00000000
00000000
00000000
11001100
01100110
00100010
00010001
00000000
00000000
00000000
00000000
00000000
00000000
00000000
00000000

2037:
00000000
00000000
00000000
00000000
11111100
01111110
00101010
00010101
00000000
00000000
00000000
00000000
00000000
00000000
00000000
00000000

2038:
00000000
00000000
00000000
00000000
00000000
00000000
00000000
00000000
00000000
00000000
00000000
00000000
00000000
00010000
00101000
01000100

2039:
00000000
00000000
00000000
00000000
00000000
00000100
00000100
00001000
00001000
00010000
00001000
00001000
00000100
00000100
00000000
00000000

203A:
00000000
00000000
00000000
00000000
00000000
00100000
00100000
00010000
00010000
00001000
00010000
00010000
00100000
00100000
00000000
00000000

203B:
00000000
00000000
00000000
00000000
00000000
01001001
00100010
00010100
01001001
00010100
00100010
01001001
00000000
00000000
00000000
00000000

203C:
00000000
00000000
00000000
00000000
00100100
00100100
00100100
00100100
00100100
00100100
00100100
00000000
00100100
00100100
00000000
00000000

203D:
00000000
00000000
00000000
00000000
00111100
01001010
01001010
00001010
00001100
00001000
00001000
00000000
00001000
00001000
00000000
00000000

203E:
01111110
00000000
00000000
00000000
00000000
00000000
00000000
00000000
00000000
00000000
00000000
00000000
00000000
00000000
00000000
00000000

203F:
00000000
00000000
00000000
00000000
00000000
00000000
00000000
00000000
00000000
00000000
00000000
00000000
00000000
00000000
01000010
00111100

2040:
00111100
01000010
00000000
00000000
00000000
00000000
00000000
00000000
00000000
00000000
00000000
00000000
00000000
00000000
00000000
00000000

2041:
00000000
00000000
00000000
00000000
00000000
00000000
00000000
00000000
00000000
00000000
00000010
00000100
00001000
00010000
00101000
01000100

2042:
00000000
00000000
00000000
00000000
00000000
00000000
00001000
00011100
00001000
00000000
00100010
01110111
00100010
00000000
00000000
00000000

2043:
00000000
00000000
00000000
00000000
00000000
00000000
00000000
00000000
00111100
00111100
00000000
00000000
00000000
00000000
00000000
00000000

2044:
00000000
00000000
00000000
00000000
00000010
00000010
00000100
00001000
00001000
00010000
00010000
00100000
01000000
01000000
00000000
00000000

2045:
00000000
00000000
00000000
00001110
00001000
00001000
00001000
00001000
00001110
00001000
00001000
00001000
00001000
00001000
00001110
00000000

2046:
00000000
00000000
00000000
01110000
00010000
00010000
00010000
00010000
01110000
00010000
00010000
00010000
00010000
00010000
01110000
00000000

2047:
00000000
00000000
00000000
11101110
00010001
00010001
00100010
11001100
10001000
10001000
10001000
00000000
00000000
10001000
00000000
00000000

2048:
00000000
00000000
00000000
01110010
00001010
00001010
00010010
01100010
01000010
01000010
01000010
00000000
00000000
01000010
00000000
00000000

2049:
00000000
00000000
00000000
01011100
01000010
01000010
01000100
01011000
01010000
01010000
01010000
00000000
00000000
01010000
00000000
00000000

204A:
00000000
00000000
00000000
00000000
00000000
00000000
01111110
00000010
00000010
00000010
00000010
00000100
00000100
00000100
00000100
00000100

204B:
00000000
00000000
00000000
00000000
11111100
01011110
01011110
01011110
01011100
01010000
01010000
01010000
01010000
01010000
01010000
00000000

204C:
00000000
00000000
00000000
00000000
00011110
00111010
00111010
00111010
00011110
00000000
00000000
00000000
00000000
00000000
00000000
00000000

204D:
00000000
00000000
00000000
00000000
01111000
01011100
01011100
01011100
01111000
00000000
00000000
00000000
00000000
00000000
00000000
00000000

204E:
00000000
00000000
00000000
00000000
00000000
00000000
00000000
00001000
01001001
00101010
00011100
00101010
01001001
00001000
00000000
00000000

204F:
00000000
00000000
00000000
00000000
00000000
00000000
00011000
00011000
00000000
00000000
00000000
00011000
00010000
00010000
00001000
00000000

2050:
00000000
00000000
00000000
00111100
01000010
01000010
00000000
00000000
00000000
01000010
01000010
00111100
00000000
00000000
00000000
00000000

2051:
00000000
00001000
01001001
00101010
00011100
00101010
01001001
00001000
00000000
00001000
01001001
00101010
00011100
00101010
01001001
00001000

2052:
00000000
00000000
00000000
00000000
01100010
01100010
00000100
00001000
00001000
00010000
00010000
00100000
01000110
01000110
00000000
00000000

2053:
00000000
00000000
00000000
00000000
00000000
00000000
00000000
00000000
00000000
01110001
10001110
00000000
00000000
00000000
00000000
00000000

2054:
00000000
00000000
00000000
00000000
00000000
00000000
00000000
00000000
00000000
00000000
00000000
00000000
00000000
00000000
00111100
01000010

2055:
00000000
00000000
00000000
00000000
10010010
01010100
00111000
11111110
00111000
01010100
10010010
00000000
00000000
00000000
00000000
00000000

2056:
00000000
00000000
00000000
00000000
00000000
00000000
00000110
00000110
00000000
01100000
01100000
00000000
00000110
00000110
00000000
00000000

2057:
0000000000000000
0000000000000000
0000000000000000
0000000000000000
0011001100110011
0110011001100110
0100010001000100
1000100010001000
0000000000000000
0000000000000000
0000000000000000
0000000000000000
0000000000000000
0000000000000000
0000000000000000
0000000000000000

2058:
00000000
00000000
00000000
00000000
00000000
00000000
00011000
00011000
00000000
01100110
01100110
00000000
00011000
00011000
00000000
00000000

2059:
00000000
00000000
00000000
00000000
00000000
00000000
01100110
01100110
00000000
00011000
00011000
00000000
01100110
01100110
00000000
00000000

205A:
00000000
00000000
00000000
00000000
00011000
00011000
00000000
00000000
00000000
00000000
00000000
00000000
00011000
00011000
00000000
00000000

205B:
00000000
00000000
00000000
00011000
00011000
00000000
00000000
00000000
01100110
01100110
00000000
00000000
00000000
00011000
00011000
00000000

205C:
00000000
00000000
00000000
00000000
00000000
00000000
01010100
00010000
01111100
00010000
01010100
00000000
00000000
00000000
00000000
00000000

205D:
00000000
00000000
00000000
00000000
00011000
00011000
00000000
00000000
00011000
00011000
00000000
00000000
00011000
00011000
00000000
00000000

205E:
00000000
00000000
00000000
00000000
00010000
00000000
00000000
00010000
00000000
00000000
00010000
00000000
00000000
00010000
00000000
00000000

205F:
00000000
00000000
00000000
00000000
00000000
00000000
00000000
00000000
00000000
00000000
00000000
00000000
00000000
00000000
00000000
00000000

2060:
1010101010101010
0000000000000001
1000000000000000
0000000000000001
1000000000000000
0000000000000001
1010001000001000
0010001000001001
1010101000001000
0011011010001001
1010001001110000
0000000000000001
1000000000000000
0000000000000001
1000000000000000
0101010101010101

2061:
1010101010101010
0000000000000001
1000110000000000
0001000000000001
1001000010001000
0001000010001001
1001000100000100
0001000100000101
1001000100000100
0111110100000101
1001000100000100
0001000100000101
1001000010001000
0110000010001001
1000000000000000
0101010101010101

2062:
1010101010101010
0000000000000001
1000000000000000
0000000000000001
1000000000000000
0000000000000001
1000000000000000
0000010000100001
1000001001000000
0000000110000001
1000001001000000
0000010000100001
1000000000000000
0000000000000001
1000000000000000
0101010101010101

2063:
1010101010101010
0000000000000001
1000000000000000
0000000000000001
1000000000000000
0000000000000001
1000000000000000
0000000000000001
1000000000000000
0000000000000001
1000000000000000
0001100000000001
1000100000000000
0000100000000001
1001000000000000
0101010101010101

2064:
1010101010101010
0000000000000001
1000000000000000
0000000000000001
1000000000000000
0000000100000001
1000000100000000
0000000100000001
1000111111100000
0000000100000001
1000000100000000
0000000100000001
1000000100000000
0000000000000001
1000000000000000
0101010101010101

2065:
0000000000000000
0111111111111110
0110000111001110
0111110110110110
0110000110110110
0110111110110110
0110000111001110
0111111111111110
0111111111111110
0111001110000110
0110111110111110
0110001110000110
0110110111110110
0111001110000110
0111111111111110
0000000000000000

2066:
1010101010101010
0000000000000001
1000000000000000
0000000000000001
1010001110011100
0010001001001001
1010001110001000
0010001010001001
1011101001011100
0000000000000001
1000000000000000
0000000000000001
1000000000000000
0000000000000001
1000000000000000
0101010101010101

2067:
1010101010101010
0000000000000001
1000000000000000
0000000000000001
1011100100011100
0010010100001001
1011100100001000
0010100100001001
1010010111011100
0000000000000001
1000000000000000
0000000000000001
1000000000000000
0000000000000001
1000000000000000
0101010101010101

2068:
1010101010101010
0000000000000001
1000000000000000
0000000000000001
1011100111011100
0010001000001001
1011100110001000
0010000001001001
1010001110011100
0000000000000001
1000000000000000
0000000000000001
1000000000000000
0000000000000001
1000000000000000
0101010101010101

2069:
1010101010101010
0000000000000001
1000000000000000
0000000000000001
1111001110011100
0100101001001001
1111001001001000
0100001001001001
1100001110011100
0000000000000001
1000000000000000
0000000000000001
1000000000000000
0000000000000001
1000000000000000
0101010101010101

206A:
1010101010101010
0000000000000001
1000000000000000
0000011111000001
1000000100000000
0000000100000001
1000000100000000
0000011111000001
1000000000000000
0001111001111001
1010000010000000
0001110001110001
1000001000001000
0011110011110001
1000000000000000
0101010101010101

206B:
1010101010101010
0000000000000001
1000000000000000
0000001110000001
1000010001000000
0000011111000001
1000010001000000
0000010001000001
1000000000000000
0001111001111001
1010000010000000
0001110001110001
1000001000001000
0011110011110001
1000000000000000
0101010101010101

206C:
1010101010101010
0000000000000001
1000000000000000
0000001111100001
1000000010000000
0000000010000001
1000000010000000
0000001111100001
1000000000000000
0011100111110110
1100010100001000
0111110111100111
1100010100000001
0100010100001111
1000000000000000
0101010101010101

206D:
1010101010101010
0000000000000001
1000000000000000
0000000111000001
1000001000100000
0000001111100001
1000001000100000
0000001000100001
1000000000000000
0011100111110110
1100010100001000
0111110111100111
1100010100000001
0100010100001111
1000000000000000
0101010101010101

206E:
1010101010101010
0000000000000001
1000000000000000
0010001001110001
1011001010001000
0010101011111001
1010011010001000
0010001010001001
1000000000000000
0011110001111001
1010001010000000
0010001001110001
1010001000001000
0011110011110001
1000000000000000
0101010101010101

206F:
1010101010101010
0000000000000001
1000000000000000
0010001001110001
1011001010001000
0010101010001001
1010011010001000
0010001001110001
1000000000000000
0011110001111001
1010001010000000
0010001001110001
1010001000001000
0011110011110001
1000000000000000
0101010101010101

207F:
00000000
00000000
00000000
00000000
00000000
01011000
01100100
01000100
01000100
01000100
00000000
00000000
00000000
00000000
00000000
00000000

20A7:
00000000
00000000
00000000
00000000
01101000
01011000
01011111
01011100
01101100
01001010
01001001
01001001
01001001
01001110
00000000
00000000

20AC:
00000000
00000000
00000000
00000000
00001100
00010010
00100000
01111100
00100000
01111100
00100000
00100000
00010010
00001100
00000000
00000000

2100:
00000000
00000000
00000000
00000000
00000000
00110000
01010001
01010010
00110100
00001000
00010011
00100100
01000100
00000011
00000000
00000000

2101:
00000000
00000000
00000000
00000000
00000000
00110000
01010001
01010010
00110100
00001011
00010100
00100010
01000001
00000110
00000000
00000000

2102:
00000000
00000000
00000000
00000000
00011110
00110001
01010000
01010000
01010000
01010000
01010000
01010000
00110001
00011110
00000000
00000000

2103:
01000000
10100000
10100000
01000000
00111100
01000010
01000010
01000000
01000000
01000000
01000000
01000010
01000010
00111100
00000000
00000000

2104:
00000000
00000000
00000000
00000000
00010000
00010000
00111100
01010000
01010000
01010000
01010000
00111100
00010000
00011110
00000000
00000000

2105:
00000000
00000000
00000000
00000000
00000000
00110000
01000001
01000010
00110100
00001000
00010110
00101001
01001001
00000110
00000000
00000000

2106:
00000000
00000000
00000000
00000000
00000000
00110000
01000001
01000010
00110100
00001000
00010000
00101001
01001001
00000110
00000000
00000000

2107:
00000000
00000000
00000000
00000000
00111110
01000010
01000000
01000000
00111000
01000000
01000000
01000010
01000010
00111100
00000000
00000000

2108:
00000000
00000000
00000000
00000000
01111100
01000010
00000010
00010010
00011110
00010010
00000010
00000010
01000010
00111100
00000000
00000000

2109:
01000000
10100000
10100000
01000000
01111110
01000000
01000000
01000000
01111100
01000000
01000000
01000000
01000000
01000000
00000000
00000000

210A:
0000000000000000
0000000000000000
0000000000000000
0000000000000000
0000000000000000
0000000000000000
0000001110110000
0000011001100000
0001110011000000
0000110111000000
0000011011000000
0000000011100000
0000001110000000
0000110110000000
0001000100000000
0000111000000000

210B:
0000000000000000
0000000000000000
0000000000000000
0000000000000000
0001101000110000
0010011001101000
0010111001101000
0001011001110000
0000011111100000
0000111001100000
0001011001100000
0010011001100000
0010010001101000
0001100000110000
0000000000000000
0000000000000000

210C:
00000000
00000000
00011000
10110110
01100000
01101000
01110100
00110110
01100110
01100110
01100110
01100110
11100110
00000110
00110100
00001000

210D:
00000000
00000000
00000000
00000000
01110001
01010001
01010001
01010001
01011111
01010001
01010001
01010001
01010001
01110001
00000000
00000000

210E:
00000000
00000000
00000000
00000100
00001000
00001000
00001110
00011001
00010001
00010001
00100010
00100010
00100010
01000100
00000000
00000000

210F:
00000000
00000000
00000000
00000101
00001110
00111000
01001110
00011001
00010001
00010001
00100010
00100010
00100010
01000100
00000000
00000000

2110:
0000000000000000
0000000000000000
0000000000000000
0000000000000100
0000000001111000
0000000010010000
0000000100110000
0000000100101000
0000000011110000
0000000001000000
0000000011000000
0000000010000000
0000100110000000
0001000100000000
0001001000000000
0000110000000000

2111:
00000000
00000000
00000000
00000000
00111001
01111111
11000110
10000000
01100110
00001000
01101100
10100110
01100110
00111100
00000000
00000000

2112:
0000000000000000
0000000000000000
0000000000000000
0000011000011000
0000100100110100
0000100001100100
0000010001101000
0000001111110000
0000000011000000
0000000011000000
0001110110001000
0010001100001000
0010011010010000
0001110001100000
0000000000000000
0000000000000000

2113:
00000000
00000000
00000000
00011000
00100100
00100100
00100100
00101000
00110000
01100000
00100000
00100000
00100010
00011100
00000000
00000000

2114:
00000000
00000000
00000000
00000000
01001000
01001000
11111110
01001000
01001010
01001101
01001001
01001001
01001001
00110110
00000000
00000000

2115:
00000000
00000000
00000000
00000000
01110001
01010001
01011001
01011001
01010101
01010101
01010011
01010011
01010001
01110001
00000000
00000000

2116:
00000000
00000000
00000000
00000000
10010010
10010101
10010101
11010010
11010000
10110111
10110000
10010000
10010000
10010000
00000000
00000000

2117:
00000000
00000000
00000000
00000000
00111100
01000010
10111001
10100101
10100101
10111001
10100001
10100001
01000010
00111100
00000000
00000000

2118:
00000000
00000000
00000000
00000000
00000000
00000000
00100000
01001100
01010010
00100010
00100010
00101010
01010100
01010000
01010000
00100000

2119:
00000000
00000000
00000000
00000000
01111100
01010010
01010010
01010010
01010010
01011100
01010000
01010000
01010000
01110000
00000000
00000000

211A:
00000000
00000000
00000000
00000000
00011100
00110010
01010001
01010001
01010001
01010001
01010001
01010001
00110110
00011110
00000001
00000000

211B:
0000000000000000
0000000000000000
0000000000000000
0000000000000000
0000011101110000
0001100011101000
0010000011000100
0010010011000100
0001100011001000
0000000011110000
0000000110100000
0011000110100010
0010001100100100
0001111000011000
0000000000000000
0000000000000000

211C:
00000000
00000000
00000000
00000000
01000100
01101110
10110010
00110011
00110110
00111100
00110110
00110110
10100010
11000011
00000000
00000000

211D:
00000000
00000000
00000000
00000000
01111110
01010001
01010001
01010001
01010001
01011110
01011000
01010100
01010010
01110001
00000000
00000000

211E:
00000000
00000000
00000000
00000000
01111100
01000010
01000010
01000010
01111100
01010000
01001010
01000100
01001010
01010000
00000000
00000000

211F:
00000000
00000000
00111000
00001000
01111100
01001010
01001010
01001010
01111100
01101000
01011000
01001000
01001100
01001010
00001000
00000000

2120:
00000000
00000000
00000000
00000000
01110001
10011011
01010101
00110001
11010001
00000000
00000000
00000000
00000000
00000000
00000000
00000000

2121:
00000000
00000000
00000000
00000000
11111110
01010010
01011010
01010010
01011111
00000000
00000000
00000000
00000000
00000000
00000000
00000000

2122:
00000000
00000000
00000000
00000000
11110001
01011011
01010101
01010001
01010001
00000000
00000000
00000000
00000000
00000000
00000000
00000000

2123:
00000000
00000000
00110000
00001100
10000101
10001001
01001010
01010010
01010100
00100100
00101000
01111000
01010000
10000000
00000000
00000000

2124:
00000000
00000000
00000000
00000000
01111110
00001010
00001010
00010010
00010100
00100100
00101000
01001000
01010000
01111110
00000000
00000000

2125:
00000000
00000000
00000000
00000000
00111100
00001000
00010000
00111110
00000100
00001000
00011000
00000100
00000010
01000010
00111100
00000000

2126:
00000000
00000000
00000000
00000000
00111110
01000001
01000001
01000001
01000001
01000001
00100010
00010100
00010100
01110111
00000000
00000000

2127:
00000000
00000000
00000000
00000000
01110111
00010100
00010100
00100010
01000001
01000001
01000001
01000001
01000001
00111110
00000000
00000000

2128:
00000000
00000000
00000000
00000000
00111100
01000110
01000110
00000110
00001000
00011110
00000010
00000110
01100110
10100110
01100110
00111100

2129:
00000000
00000000
00000000
00000000
00000000
00000000
00110000
00001000
00001000
00001000
00001000
00001000
00001000
00001100
00000000
00000000

212A:
00000000
00000000
00000000
00000000
01000010
01000100
01001000
01010000
01100000
01100000
01010000
01001000
01000100
01000010
00000000
00000000

212B:
00011000
00100100
00011000
00000000
00011000
00100100
00100100
01000010
01000010
01111110
01000010
01000010
01000010
01000010
00000000
00000000

212C:
0000000000000000
0000000000000000
0000000000000000
0000011100110000
0000100111001000
0001000011001000
0001001011001000
0000110011001000
0000000011110000
0000000110010000
0001000110001000
0010001100001000
0010011010011000
0001110001110000
0000000000000000
0000000000000000

212D:
00000000
00000000
00000000
00000000
00010110
00100100
01101000
01101000
01100110
01100110
01100100
01101000
00100010
00011100
00000000
00000000

212E:
00000000
00000000
00000000
00000000
00000000
00011100
00100010
01100011
01100011
01111111
01100000
01100000
00100010
00011100
00000000
00000000

212F:
00000000
00000000
00000000
00000000
00000000
00000000
00001100
00010010
00110010
01100100
01111000
01100001
01100110
00111000
00000000
00000000

2130:
0000000000000000
0000000000000000
0000000000000000
0000000001100000
0000110010010000
0001000110010000
0001000111100000
0000111110000000
0000001111000000
0000011000000000
0000110011000000
0000110100100000
0000010000100000
0000001111000000
0000000000000000
0000000000000000

2131:
0000000000000000
0000000000000000
0000000000000000
0000111000011100
0001000111100000
0001000011000000
0000110011000000
0000000011000000
0000000111110000
0000000011001000
0001100110000000
0010000110000000
0010001100000000
0001111000000000
0000000000000000
0000000000000000

2132:
00000000
00000000
00000000
00000000
00000010
00000010
00000010
00000010
00000010
00111110
00000010
00000010
00000010
01111110
00000000
00000000

2133:
0000000000000000
0000000000000000
0000000000000000
0000000111001110
0000001011010110
0000001011010110
0000011010010100
0000010110101100
0000110110101100
0000100101001000
0001101101011000
0001001101011001
1010001110011010
1100000110001100
0000000000000000
0000000000000000

2134:
0000000000000000
0000000000000000
0000000000000000
0000000000000000
0000000000000000
0000000000000000
0000000001110000
0000000010101000
0000000110101000
0000001100011000
0000111100010110
0000001100010000
0000001100100000
0000000111000000
0000000000000000
0000000000000000

2135:
00000000
00000000
00000000
00000000
00000000
00000000
01000100
01000110
00100010
00010100
00101000
01100100
01110010
01100010
00000000
00000000

2136:
00000000
00000000
00000000
00000000
00000000
00010000
00111110
00000010
00000010
00000010
00000010
00000010
00111111
01111110
00000000
00000000

2137:
00000000
00000000
00000000
00000000
00000000
01000000
00111100
00011110
00000010
00000010
00000010
00001110
00110010
00110010
00000000
00000000

2138:
00000000
00000000
00000000
00000000
00000000
01000000
00111110
00011111
00000010
00000010
00000010
00000010
00000011
00000010
00000000
00000000

2139:
00000000
00000000
00000000
00000000
00011000
00011000
00000000
00111000
00011000
00011000
00011000
00011000
01111110
00000000
00000000
00000000

213A:
0000000000000000
0000000000000000
0000000000000000
0000000000000000
0000000000000000
0000000000000000
0000000000000000
0000000000001000
0001111111101000
0010000000110000
0010000001010000
0010000001010000
0010000000110000
0001111111100000
0000000000000000
0000000000000000

213B:
0000000000000000
0000000000000000
0000000000000000
0000000000000000
0111110000000000
0100000000000000
0100000000000000
0100000000000000
0111001000100010
0100010100010100
0100100010001000
0100111110001000
0100100010010100
0100100010100010
0000000000000000
0000000000000000

213C:
0000000000000000
0000000000000000
0000000000000000
0000000000000000
0000000000000000
0000000000000000
0001111111111000
0000101001010000
0000101001010000
0000101001010000
0000101001010000
0000101001001000
0000101000100100
0000111000011100
0000000000000000
0000000000000000

213D:
0000000000000000
0000000000000000
0000000000000000
0000000000000000
0000000000000000
0000000000000000
0000110000111000
0001001000101000
0000100100101000
0000100101010000
0000010110100000
0000010001000000
0000100010000000
0000100100000000
0001001000000000
0001110000000000

213E:
00000000
00000000
00000000
00000000
01111111
01010101
01010011
01010001
01010000
01010000
01010000
01010000
01010000
01110000
00000000
00000000

213F:
0000000000000000
0000000000000000
0000000000000000
0000000000000000
0011111111111000
0001010001010000
0001010001010000
0001010001010000
0001010001010000
0001010001010000
0001010001010000
0001010001010000
0001010001010000
0001110001110000
0000000000000000
0000000000000000

2140:
0000000000000000
0000000000000000
0000000000000000
0000000000000000
0001111111111000
0001001000101000
0000100100011000
0000010010001000
0000001001000000
0000001001000000
0000010010000000
0000100100001000
0001001000011000
0001010000101000
0001111111111000
0000000000000000

2141:
00000000
00000000
00000000
00000000
01011100
01100010
01000010
01000010
01110010
00000010
00000010
00000010
01000010
00111100
00000000
00000000

2142:
00000000
00000000
00000000
00000000
01111110
00000010
00000010
00000010
00000010
00000010
00000010
00000010
00000010
00000010
00000000
00000000

2143:
00000000
00000000
00000000
00000000
00000010
00000010
00000010
00000010
00000010
00000010
00000010
00000010
00000010
01111110
00000000
00000000

2144:
00000000
00000000
00000000
00000000
00001000
00001000
00001000
00001000
00001000
00010100
00100010
00100010
01000001
01000001
00000000
00000000

2145:
0000000000000000
0000000000000000
0000000000000000
0000000000000000
0000011111100000
0000010100110000
0000010100101000
0000100100101000
0000101000101000
0000101001001000
0001001001010000
0001010001010000
0001010001100000
0001111111000000
0000000000000000
0000000000000000

2146:
0000000000000000
0000000000000000
0000000000000000
0000000000000000
0000000000111000
0000000000101000
0000000000101000
0000000001001000
0000011111010000
0000101001010000
0001001010010000
0001010010100000
0001010010100000
0000111111100000
0000000000000000
0000000000000000

2147:
0000000000000000
0000000000000000
0000000000000000
0000000000000000
0000000000000000
0000000000000000
0000001111100000
0000010100010000
0000100100010000
0001001111110000
0001010000000000
0001010000000000
0001010000100000
0000111111000000
0000000000000000
0000000000000000

2148:
0000000000000000
0000000000000000
0000000000000000
0000000000100000
0000000001000000
0000000000000000
0000000011100000
0000000101000000
0000000101000000
0000000101000000
0000001010000000
0000001010000000
0000001010000000
0000111111100000
0000000000000000
0000000000000000

2149:
0000000000000000
0000000000000000
0000000000000000
0000000000001000
0000000000010000
0000000000000000
0000000000111000
0000000001010000
0000000001010000
0000000001010000
0000000010100000
0000000010100000
0000000010100000
0000000010100000
0000100011000000
0000011100000000

214A:
00000000
00000000
00010000
00010000
01111100
01010010
01010010
01010010
01010010
01011100
00010000
00010000
00010000
00011110
00000000
00000000

214B:
00000000
00000000
00000000
00000000
01001110
00110001
00100001
01010001
01001010
00001100
00010100
00100010
00100010
00011100
00000000
00000000

214C:
0000000000000000
0000000000000000
0000000000000000
0000000000000000
0011010011000000
0100110100100000
0010010100100000
0000010100100000
0001111111111000
0010010100100100
0001111111000100
0000010100001000
0000010100000000
0000001000000000
0000000000000000
0000000000000000

214D:
00000000
00000000
00000000
00000000
01000010
10100010
11100100
10101000
00001000
00010011
00010100
00100010
01000001
01000110
00000000
00000000

214E:
00000000
00000000
00000000
00000000
00000000
00000000
00000000
00000100
00000100
00000100
00111100
00000100
00000100
01111100
00000000
00000000

214F:
0000000000000000
0000000000000000
0000000000000000
0000000000000000
0000000000000000
0000000000000000
0000000000000000
0000000000000000
0001000100010000
0010101010101000
0010101010101000
0010101010101000
0001000100010000
0110111011101100
0000000000000000
0000000000000000

2190:
00000000
00000000
00000000
00000000
00000000
00000000
00000000
00010000
00100000
01111111
00100000
00010000
00000000
00000000
00000000
00000000

2191:
00000000
00000000
00001000
00011100
00101010
00001000
00001000
00001000
00001000
00001000
00001000
00001000
00001000
00001000
00001000
00001000

2192:
00000000
00000000
00000000
00000000
00000000
00000000
00000000
00001000
00000100
11111110
00000100
00001000
00000000
00000000
00000000
00000000

2193:
00001000
00001000
00001000
00001000
00001000
00001000
00001000
00001000
00001000
00001000
00001000
00101010
00011100
00001000
00000000
00000000

2194:
00000000
00000000
00000000
00000000
00000000
00000000
00000000
00100100
01000010
11111111
01000010
00100100
00000000
00000000
00000000
00000000

2195:
00000000
00000000
00001000
00011100
00101010
00001000
00001000
00001000
00001000
00001000
00001000
00101010
00011100
00001000
00000000
00000000

2196:
00000000
00000000
00000000
00000000
00000000
01111000
01100000
01010000
01001000
00000100
00000010
00000000
00000000
00000000
00000000
00000000

2197:
00000000
00000000
00000000
00000000
00000000
00011110
00000110
00001010
00010010
00100000
01000000
00000000
00000000
00000000
00000000
00000000

2198:
00000000
00000000
00000000
00000000
00000000
01000000
00100000
00010010
00001010
00000110
00011110
00000000
00000000
00000000
00000000
00000000

2199:
00000000
00000000
00000000
00000000
00000000
00000000
00000010
00000100
01001000
01010000
01100000
01111000
00000000
00000000
00000000
00000000

219A:
00000000
00000000
00000000
00000000
00000000
00000100
00000100
00010100
00100100
01111111
00100100
00010100
00000100
00000100
00000000
00000000

219B:
00000000
00000000
00000000
00000000
00000000
00100000
00100000
00101000
00100100
11111110
00100100
00101000
00100000
00100000
00000000
00000000

219C:
0000000000000000
0000000000000000
0000000000000000
0000000000000000
0000000000000000
0000000000000000
0011100000000000
0011000000011100
0010100000100010
0000010001000001
0000001110000000
0000000000000000
0000000000000000
0000000000000000
0000000000000000
0000000000000000

219D:
0000000000000000
0000000000000000
0000000000000000
0000000000000000
0000000000000000
0000000000000000
0000000000011100
0011100000001100
0100010000010100
1000001000100000
0000000111000000
0000000000000000
0000000000000000
0000000000000000
0000000000000000
0000000000000000

219E:
00000000
00000000
00000000
00000000
00000000
00000000
00000000
00100100
01001000
11111111
01001000
00100100
00000000
00000000
00000000
00000000

219F:
00000000
00000000
00001000
00011100
00101010
00001000
00011100
00101010
00001000
00001000
00001000
00001000
00001000
00001000
00001000
00001000

21A0:
00000000
00000000
00000000
00000000
00000000
00000000
00000000
00100100
00010010
11111111
00010010
00100100
00000000
00000000
00000000
00000000

21A1:
00001000
00001000
00001000
00001000
00001000
00001000
00001000
00001000
00001000
00101010
00011100
00001000
00101010
00011100
00001000
00000000

21A2:
00000000
00000000
00000000
00000000
00000000
00000000
00000000
00010001
00100010
01111100
00100010
00010001
00000000
00000000
00000000
00000000

21A3:
00000000
00000000
00000000
00000000
00000000
00000000
00000000
10001000
01000100
00111110
01000100
10001000
00000000
00000000
00000000
00000000

21A4:
00000000
00000000
00000000
00000000
00000000
00000000
00000000
00010010
00100010
01111110
00100010
00010010
00000000
00000000
00000000
00000000

21A5:
00000000
00000000
00001000
00011100
00101010
00001000
00001000
00001000
00001000
00001000
00001000
00001000
00001000
00111110
00000000
00000000

21A6:
00000000
00000000
00000000
00000000
00000000
00000000
00000000
01001000
01000100
01111110
01000100
01001000
00000000
00000000
00000000
00000000

21A7:
00000000
00000000
00111110
00001000
00001000
00001000
00001000
00001000
00001000
00001000
00001000
00101010
00011100
00001000
00000000
00000000

21A8:
00000000
00000000
00001000
00011100
00101010
00001000
00001000
00001000
00001000
00001000
00101010
00011100
00001000
00111110
00000000
00000000

21A9:
00000000
00000000
00000000
00000000
00000000
00000000
00000010
00010001
00100001
01111110
00100000
00010000
00000000
00000000
00000000
00000000

21AA:
00000000
00000000
00000000
00000000
00000000
00000000
00100000
01000100
01000010
00111111
00000010
00000100
00000000
00000000
00000000
00000000

21AB:
00000000
00000000
00000000
00000000
00000000
00000000
00000010
00010101
00100101
01111110
00100100
00010100
00000000
00000000
00000000
00000000

21AC:
00000000
00000000
00000000
00000000
00000000
00000000
00100000
01010100
01010010
00111111
00010010
00010100
00000000
00000000
00000000
00000000

21AD:
00000000
00000000
00000000
00000000
00000000
00000000
00000000
00100100
01011010
11100111
01000010
00100100
00000000
00000000
00000000
00000000

21AE:
00000000
00000000
00000000
00000000
00000000
00001000
00001000
00101100
01001010
11111111
01001010
00101100
00001000
00001000
00000000
00000000

21AF:
00000000
00000000
01000000
01000000
01000000
01001000
01011000
01101000
01001000
00001000
00001000
00101010
00011100
00001000
00000000
00000000

21B0:
00000000
00000000
00000000
00000000
00000000
00000000
00000000
00010000
00100000
01111000
00100100
00010100
00000100
00000100
00000100
00000100

21B1:
00000000
00000000
00000000
00000000
00000000
00000000
00000000
00001000
00000100
00011110
00100100
00101000
00100000
00100000
00100000
00100000

21B2:
00000100
00000100
00000100
00000100
00000100
00000100
00000100
00010100
00100100
01111000
00100000
00010000
00000000
00000000
00000000
00000000

21B3:
00100000
00100000
00100000
00100000
00100000
00100000
00100000
00101000
00100100
00011110
00000100
00001000
00000000
00000000
00000000
00000000

21B4:
00000000
00000000
00000000
00000000
00000000
00000000
00000000
00000000
00000000
11111100
00000100
00010101
00001110
00000100
00000000
00000000

21B5:
00000100
00000100
00000100
00000100
00000100
00000100
00000100
00010100
00100100
01111100
00100000
00010000
00000000
00000000
00000000
00000000

21B6:
00000000
00000000
00000000
00000000
00000000
00000000
00011110
00100001
10101001
01110001
00100000
00000000
00000000
00000000
00000000
00000000

21B7:
00000000
00000000
00000000
00000000
00000000
00000000
01111000
10000100
10010101
10001110
00000100
00000000
00000000
00000000
00000000
00000000

21B8:
00000000
00000000
00000000
01111110
00000000
01111000
01100000
01010000
01001000
00000100
00000010
00000000
00000000
00000000
00000000
00000000

21B9:
00000000
00000000
00000000
01010000
01100000
01111110
01100000
01010000
00000000
00001010
00000110
01111110
00000110
00001010
00000000
00000000

21BA:
00000000
00000000
00000000
00000000
00000000
00000000
00000000
00101110
01001100
01001010
01000010
01000010
00111100
00000000
00000000
00000000

21BB:
00000000
00000000
00000000
00000000
00000000
00000000
00000000
01110100
00110010
01010010
01000010
01000010
00111100
00000000
00000000
00000000

21BC:
00000000
00000000
00000000
00000000
00000000
00000000
00000000
00010000
00100000
01111111
00000000
00000000
00000000
00000000
00000000
00000000

21BD:
00000000
00000000
00000000
00000000
00000000
00000000
00000000
00000000
00000000
01111111
00100000
00010000
00000000
00000000
00000000
00000000

21BE:
00000000
00000000
00001000
00001100
00001010
00001000
00001000
00001000
00001000
00001000
00001000
00001000
00001000
00001000
00001000
00001000

21BF:
00000000
00000000
00001000
00011000
00101000
00001000
00001000
00001000
00001000
00001000
00001000
00001000
00001000
00001000
00001000
00001000

21C0:
00000000
00000000
00000000
00000000
00000000
00000000
00000000
00001000
00000100
11111110
00000000
00000000
00000000
00000000
00000000
00000000

21C1:
00000000
00000000
00000000
00000000
00000000
00000000
00000000
00000000
00000000
11111110
00000100
00001000
00000000
00000000
00000000
00000000

21C2:
00001000
00001000
00001000
00001000
00001000
00001000
00001000
00001000
00001000
00001000
00001000
00001010
00001100
00001000
00000000
00000000

21C3:
00001000
00001000
00001000
00001000
00001000
00001000
00001000
00001000
00001000
00001000
00001000
00101000
00011000
00001000
00000000
00000000

21C4:
00000000
00000000
00000000
00001000
00000100
01111110
00000100
00001000
00000000
00010000
00100000
01111110
00100000
00010000
00000000
00000000

21C5:
00000000
00000000
00100100
01110100
10101100
00100100
00100100
00100100
00100100
00100100
00100100
00110101
00101110
00100100
00000000
00000000

21C6:
00000000
00000000
00000000
00010000
00100000
01111110
00100000
00010000
00000000
00001000
00000100
01111110
00000100
00001000
00000000
00000000

21C7:
00000000
00000000
00000000
00010000
00100000
01111110
00100000
00010000
00000000
00010000
00100000
01111110
00100000
00010000
00000000
00000000

21C8:
00000000
00000000
00100100
01111110
10100101
00100100
00100100
00100100
00100100
00100100
00100100
00100100
00100100
00100100
00000000
00000000

21C9:
00000000
00000000
00000000
00001000
00000100
01111110
00000100
00001000
00000000
00001000
00000100
01111110
00000100
00001000
00000000
00000000

21CA:
00000000
00000000
00100100
00100100
00100100
00100100
00100100
00100100
00100100
00100100
00100100
10100101
01111110
00100100
00000000
00000000

21CB:
00000000
00000000
00000000
00000000
00000000
00000000
00010000
00100000
01111110
00000000
01111110
00000100
00001000
00000000
00000000
00000000

21CC:
00000000
00000000
00000000
00000000
00000000
00000000
00001000
00000100
01111110
00000000
01111110
00100000
00010000
00000000
00000000
00000000

21CD:
00000000
00000000
00000000
00000000
00000000
00001000
00001000
00101000
01111110
10001000
01111110
00101000
00001000
00001000
00000000
00000000

21CE:
00000000
00000000
00000000
00000000
00000000
00001000
00001000
00101100
01111110
10001001
01111110
00101100
00001000
00001000
00000000
00000000

21CF:
00000000
00000000
00000000
00000000
00000000
00010000
00010000
00010100
01111110
00010001
01111110
00010100
00010000
00010000
00000000
00000000

21D0:
00000000
00000000
00000000
00000000
00000000
00000000
00000000
00010000
00111110
01000000
00111110
00010000
00000000
00000000
00000000
00000000

21D1:
00000000
00000000
00001000
00010100
00110110
00010100
00010100
00010100
00010100
00010100
00010100
00010100
00010100
00010100
00000000
00000000

21D2:
00000000
00000000
00000000
00000000
00000000
00000000
00000000
00001000
01111100
00000010
01111100
00001000
00000000
00000000
00000000
00000000

21D3:
00000000
00000000
00010100
00010100
00010100
00010100
00010100
00010100
00010100
00010100
00010100
00110110
00010100
00001000
00000000
00000000

21D4:
00000000
00000000
00000000
00000000
00000000
00000000
00000000
00100100
01111110
10000001
01111110
00100100
00000000
00000000
00000000
00000000

21D5:
00000000
00000000
00001000
00010100
00110110
00010100
00010100
00010100
00010100
00010100
00010100
00110110
00010100
00001000
00000000
00000000

21D6:
00000000
00000000
00000000
00000000
00000000
01111000
01010000
01101000
01010100
00001010
00000100
00000000
00000000
00000000
00000000
00000000

21D7:
00000000
00000000
00000000
00000000
00000000
00011110
00001010
00010110
00101010
01010000
00100000
00000000
00000000
00000000
00000000
00000000

21D8:
00000000
00000000
00000000
00000000
00000000
00100000
01010000
00101010
00010110
00001010
00011110
00000000
00000000
00000000
00000000
00000000

21D9:
00000000
00000000
00000000
00000000
00000000
00000100
00001010
01010100
01101000
01010000
01111000
00000000
00000000
00000000
00000000
00000000

21DA:
00000000
00000000
00000000
00000000
00000000
00000000
00010000
00111110
01000000
11111110
01000000
00111110
00010000
00000000
00000000
00000000

21DB:
00000000
00000000
00000000
00000000
00000000
00000000
00001000
01111100
00000010
01111111
00000010
01111100
00001000
00000000
00000000
00000000

21DC:
00000000
00000000
00000000
00000000
00000000
00000000
00000000
00100000
01000010
11110101
01001000
00100000
00000000
00000000
00000000
00000000

21DD:
00000000
00000000
00000000
00000000
00000000
00000000
00000000
00000100
01000010
10101111
00010010
00000100
00000000
00000000
00000000
00000000

21DE:
00000000
00000000
00001000
00011100
00101010
00001000
00001000
00001000
00111110
00001000
00111110
00001000
00001000
00001000
00001000
00001000

21DF:
00001000
00001000
00001000
00001000
00001000
00111110
00001000
00111110
00001000
00001000
00001000
00101010
00011100
00001000
00000000
00000000

21E0:
00000000
00000000
00000000
00000000
00000000
00000000
00000000
00010000
00100000
01110111
00100000
00010000
00000000
00000000
00000000
00000000

21E1:
00000000
00000000
00001000
00011100
00101010
00001000
00001000
00000000
00001000
00001000
00001000
00001000
00000000
00001000
00001000
00001000

21E2:
00000000
00000000
00000000
00000000
00000000
00000000
00000000
00000100
00000010
11101111
00000010
00000100
00000000
00000000
00000000
00000000

21E3:
00001000
00001000
00001000
00000000
00001000
00001000
00001000
00001000
00000000
00001000
00001000
00101010
00011100
00001000
00000000
00000000

21E4:
00000000
00000000
00000000
00000000
00000000
00000000
00000000
01010000
01100000
01111111
01100000
01010000
00000000
00000000
00000000
00000000

21E5:
00000000
00000000
00000000
00000000
00000000
00000000
00000000
00001010
00000110
11111110
00000110
00001010
00000000
00000000
00000000
00000000

21E6:
00000000
00000000
00000000
00000000
00000000
00000000
00010000
00110000
01011111
10000001
01011111
00110000
00010000
00000000
00000000
00000000

21E7:
00000000
00000000
00001000
00010100
00100010
01110111
00010100
00010100
00010100
00010100
00010100
00010100
00010100
00011100
00000000
00000000

21E8:
00000000
00000000
00000000
00000000
00000000
00000000
00001000
00001100
11111010
10000001
11111010
00001100
00001000
00000000
00000000
00000000

21E9:
00000000
00000000
00011100
00010100
00010100
00010100
00010100
00010100
00010100
00010100
01110111
00100010
00010100
00001000
00000000
00000000

21EA:
00000000
00000000
00001000
00010100
00100010
01110111
00010100
00010100
00010100
00011100
00000000
00011100
00010100
00011100
00000000
00000000

21EB:
00000000
00000000
00001000
00010100
00100010
01100011
00100010
00100010
00100010
00100010
00100010
01100011
01000001
01111111
00000000
00000000

21EC:
00000000
00000000
00001000
00010100
00111110
01100011
00100010
00100010
00100010
00100010
00100010
01100011
01000001
01111111
00000000
00000000

21ED:
00000000
00000000
00001000
00011100
00101010
01101011
00101010
00101010
00101010
00101010
00101010
01101011
01001001
01111111
00000000
00000000

21EE:
00000000
00001000
00010100
00101010
01110111
00100010
01100011
00100010
00100010
00100010
00100010
00100010
00100010
00111110
00000000
00000000

21EF:
00000000
00001000
00010100
00101010
01110111
00100010
01100011
00100010
00100010
00100010
00100010
01100011
01000001
01111111
00000000
00000000

21F0:
00000000
00000000
00000000
00000000
00000000
00000000
00001000
01101100
01111010
01000001
01111010
01101100
00001000
00000000
00000000
00000000

21F1:
00000000
00000000
00000000
00000000
00000000
01111111
01000000
01011100
01011000
01010100
01000010
01000001
01000000
01000000
00000000
00000000

21F2:
00000000
00000000
00000000
00000000
00000000
00000001
00000001
01000001
00100001
00010101
00001101
00011101
00000001
01111111
00000000
00000000

21F3:
00000000
00000000
00001000
00010100
00110110
00010100
00010100
00010100
00010100
00010100
00010100
00110110
00010100
00001000
00000000
00000000

21F4:
0000000000000000
0000000000000000
0000000000000000
0000000000000000
0000000000000000
0000000000000000
0000000000000000
0000011100001000
0000100010000100
1111111111111110
0000100010000100
0000011100001000
0000000000000000
0000000000000000
0000000000000000
0000000000000000

21F5:
00000000
00000000
00100100
00101110
00110101
00100100
00100100
00100100
00100100
00100100
00100100
10101100
01110100
00100100
00000000
00000000

21F6:
00000000
00000000
00000000
00000100
00000010
11111111
00000010
00000100
00000010
11111111
00000010
00000100
00000010
11111111
00000010
00000100

21F7:
00000000
00000000
00000000
00000000
00000000
00000000
00000000
00100100
01000100
11111111
01000100
00100100
00000000
00000000
00000000
00000000

21F8:
00000000
00000000
00000000
00000000
00000000
00000000
00000000
00100100
00100010
11111111
00100010
00100100
00000000
00000000
00000000
00000000

21F9:
0000000000000000
0000000000000000
0000000000000000
0000000000000000
0000000000000000
0000000000000000
0000000000000000
0000100100100000
0001000100010000
0011111111111000
0001000100010000
0000100100100000
0000000000000000
0000000000000000
0000000000000000
0000000000000000

21FA:
0000000000000000
0000000000000000
0000000000000000
0000000000000000
0000000000000000
0000000000000000
0000000000000000
0001000101000000
0010000101000000
0111111111111111
0010000101000000
0001000101000000
0000000000000000
0000000000000000
0000000000000000
0000000000000000

21FB:
0000000000000000
0000000000000000
0000000000000000
0000000000000000
0000000000000000
0000000000000000
0000000000000000
0000001010001000
0000001010000100
1111111111111110
0000001010000100
0000001010001000
0000000000000000
0000000000000000
0000000000000000
0000000000000000

21FC:
0000000000000000
0000000000000000
0000000000000000
0000000000000000
0000000000000000
0000000000000000
0000000000000000
0001001010010000
0010001010001000
0111111111111100
0010001010001000
0001001010010000
0000000000000000
0000000000000000
0000000000000000
0000000000000000

21FD:
00000000
00000000
00000000
00000000
00000000
00000000
00000000
00100000
01100000
10111111
01100000
00100000
00000000
00000000
00000000
00000000

21FE:
00000000
00000000
00000000
00000000
00000000
00000000
00000000
00000100
00000110
11111101
00000110
00000100
00000000
00000000
00000000
00000000

21FF:
0000000000000000
0000000000000000
0000000000000000
0000000000000000
0000000000000000
0000000000000000
0000000000000000
0000100000010000
0001100000011000
0010111111110100
0001100000011000
0000100000010000
0000000000000000
0000000000000000
0000000000000000
0000000000000000

2200:
00000000
00000000
00000000
00000000
01000001
01000001
00111110
00100010
00100010
00010100
00010100
00010100
00001000
00001000
00000000
00000000

2201:
00000000
00000000
00000000
00000000
00011000
00100100
00100100
00100000
00100000
00100000
00100000
00100100
00100100
00011000
00000000
00000000

2202:
00000000
00000000
00000000
00000000
00011100
00100010
00000010
00000010
00011110
00100010
01000010
01000100
01000100
00111000
00000000
00000000

2203:
00000000
00000000
00000000
00000000
01111110
00000010
00000010
00000010
01111110
00000010
00000010
00000010
00000010
01111110
00000000
00000000

2204:
00000000
00000000
00000100
00000100
01111110
00001010
00001010
00010010
01111110
00010010
00100010
00100010
00100010
01111110
01000000
01000000

2205:
00000000
00000000
00000000
00000000
00000000
00000000
00000000
00011101
00100010
01000101
01001001
01010001
00100010
01011100
00000000
00000000

2206:
00000000
00000000
00000000
00000000
00001000
00001000
00010100
00010100
00010100
00100010
00100010
00100010
01000001
01111111
00000000
00000000

2207:
00000000
00000000
00000000
00000000
01111111
01000001
00100010
00100010
00100010
00010100
00010100
00010100
00001000
00001000
00000000
00000000

2208:
00000000
00000000
00000000
00000000
00000000
00000000
00000000
00111110
01000000
01000000
01111110
01000000
01000000
00111110
00000000
00000000

2209:
00000000
00000000
00000000
00000000
00000000
00000100
00000100
00111110
01001000
01001000
01111110
01010000
01010000
00111110
00100000
00100000

220A:
00000000
00000000
00000000
00000000
00000000
00000000
00000000
00000000
00000000
00111110
01000000
01111110
01000000
00111110
00000000
00000000

220B:
00000000
00000000
00000000
00000000
00000000
00000000
00000000
01111100
00000010
00000010
01111110
00000010
00000010
01111100
00000000
00000000

220C:
00000000
00000000
00000000
00000000
00000000
00000100
00000100
01111100
00001010
00001010
01111110
00010010
00010010
01111100
00100000
00100000

220D:
00000000
00000000
00000000
00000000
00000000
00000000
00000000
00000000
00000000
01111100
00000010
01111110
00000010
01111100
00000000
00000000

220E:
00000000
00000000
00000000
00000000
01111110
01111110
01111110
01111110
01111110
01111110
01111110
01111110
01111110
01111110
00000000
00000000

220F:
00000000
00000000
00000000
00000000
01111111
00100010
00100010
00100010
00100010
00100010
00100010
00100010
00100010
00100010
01110111
00000000

2210:
00000000
00000000
00000000
00000000
01110111
00100010
00100010
00100010
00100010
00100010
00100010
00100010
00100010
00100010
01111111
00000000

2211:
00000000
00000000
00000000
00000000
01111110
01000010
00100000
00010000
00001000
00000100
00001000
00010000
00100000
01000010
01111110
00000000

2212:
00000000
00000000
00000000
00000000
00000000
00000000
00000000
00000000
00000000
01111110
00000000
00000000
00000000
00000000
00000000
00000000

2213:
00000000
00000000
00000000
00000000
01111111
00000000
00001000
00001000
00001000
01111111
00001000
00001000
00001000
00000000
00000000
00000000

2214:
00000000
00000000
00001000
00011100
00001000
00000000
00001000
00001000
00001000
01111111
00001000
00001000
00001000
00000000
00000000
00000000

2215:
00000000
00000000
00000000
00000000
00000010
00000100
00000100
00001000
00001000
00010000
00010000
00100000
00100000
01000000
00000000
00000000

2216:
00000000
00000000
00000000
00000000
01000000
00100000
00100000
00010000
00010000
00001000
00001000
00000100
00000100
00000010
00000000
00000000

2217:
00000000
00000000
00000000
00000000
00000000
00000000
00001000
00101010
00011100
00001000
00011100
00101010
00001000
00000000
00000000
00000000

2218:
00000000
00000000
00000000
00000000
00000000
00000000
00000000
00000000
00011000
00100100
00100100
00011000
00000000
00000000
00000000
00000000

2219:
00000000
00000000
00000000
00000000
00000000
00000000
00000000
00000000
00011000
00111100
00111100
00011000
00000000
00000000
00000000
00000000

221A:
00000000
00000000
00000111
00000100
00000100
00000100
00000100
00000100
01110100
00010100
00010100
00001100
00001100
00000100
00000100
00000000

221B:
00000000
00000000
01100111
00010100
01100100
00010100
01100100
00000100
01110100
00010100
00010100
00001100
00001100
00000100
00000100
00000000

221C:
00000000
00000000
01010111
01010100
01110100
00010100
00010100
00000100
01110100
00010100
00010100
00001100
00001100
00000100
00000100
00000000

221D:
00000000
00000000
00000000
00000000
00000000
00000000
00000000
00110110
01001000
01001000
00110110
00000000
00000000
00000000
00000000
00000000

221E:
00000000
00000000
00000000
00000000
00000000
00000000
00000000
00110110
01001001
01001001
00110110
00000000
00000000
00000000
00000000
00000000

221F:
00000000
00000000
00000000
00000000
00000000
00000000
00000000
01000000
01000000
01000000
01000000
01000000
01000000
01111110
00000000
00000000

2220:
00000000
00000000
00000000
00000000
00000000
00000000
00000000
00000000
00000010
00000100
00001000
00010000
00100000
01111110
00000000
00000000

2221:
00000000
00000000
00000000
00000000
00000000
00000000
00000000
00000000
00000010
00010100
00001000
00010100
00100100
01111110
00000100
00000000

2222:
00000000
00000000
00000000
00000000
00000000
00000000
00000000
00001010
00001100
00010100
01100100
00010100
00001100
00001010
00000000
00000000

2223:
00000000
00000000
00000000
00000000
00011000
00011000
00011000
00011000
00011000
00011000
00011000
00011000
00011000
00011000
00000000
00000000

2224:
00000000
00000000
00000000
00000000
00011000
00011000
00011010
00011100
00011000
00011000
00111000
01011000
00011000
00011000
00000000
00000000

2225:
00000000
00000000
00000000
00000000
00100100
00100100
00100100
00100100
00100100
00100100
00100100
00100100
00100100
00100100
00000000
00000000

2226:
00000000
00000000
00000000
00000000
00100100
00100100
00100110
00100100
00101100
00110100
00100100
01100100
00100100
00100100
00000000
00000000

2227:
00000000
00000000
00000000
00000000
00000000
00000000
00001000
00001000
00010100
00010100
00100010
00100010
01000001
01000001
00000000
00000000

2228:
00000000
00000000
00000000
00000000
00000000
00000000
01000001
01000001
00100010
00100010
00010100
00010100
00001000
00001000
00000000
00000000

2229:
00000000
00000000
00000000
00000000
00000000
00000000
00111100
01000010
01000010
01000010
01000010
01000010
01000010
01000010
00000000
00000000

222A:
00000000
00000000
00000000
00000000
00000000
00000000
01000010
01000010
01000010
01000010
01000010
01000010
01000010
00111100
00000000
00000000

222B:
00000000
00000110
00001010
00001000
00001000
00001000
00001000
00001000
00001000
00001000
00001000
00001000
00001000
00101000
00110000
00000000

222C:
00000000
00001010
00010101
00010100
00010100
00010100
00010100
00010100
00010100
00010100
00010100
00010100
00010100
01010100
01101000
00000000

222D:
00000000
00010101
00101010
00101010
00101010
00101010
00101010
00101010
00101010
00101010
00101010
00101010
00101010
10101010
11010100
00000000

222E:
00000000
00000110
00001010
00001000
00001000
00001000
00011100
00101010
00101010
00011100
00001000
00001000
00001000
00101000
00110000
00000000

222F:
00000000
00001010
00010101
00010100
00010100
00010100
00111110
01010101
01010101
00111110
00010100
00010100
00010100
01010100
01101000
00000000

2230:
00000000
00010101
00101010
00101010
00101010
01111110
10101011
10101011
10101011
01111110
00101010
00101010
00101010
10101010
11010100
00000000

2231:
00000000
00000110
00001010
00001000
00001000
00001000
00011101
00101011
00101111
00001000
00001000
00001000
00001000
00101000
00110000
00000000

2232:
00000000
00000110
00001010
00001000
00001000
00001000
00011101
00101011
00101111
00101010
00011100
00001000
00001000
00101000
00110000
00000000

2233:
00000000
00000110
00001010
00001000
00001000
00001000
01011100
01101010
01111010
00101010
00011100
00001000
00001000
00101000
00110000
00000000

2234:
00000000
00000000
00000000
00000000
00000000
00000000
00011000
00011000
00000000
00000000
00000000
01100110
01100110
00000000
00000000
00000000

2235:
00000000
00000000
00000000
00000000
00000000
00000000
01100110
01100110
00000000
00000000
00000000
00011000
00011000
00000000
00000000
00000000

2236:
00000000
00000000
00000000
00000000
00000000
00000000
00011000
00011000
00000000
00000000
00000000
00011000
00011000
00000000
00000000
00000000

2237:
00000000
00000000
00000000
00000000
00000000
00000000
01100110
01100110
00000000
00000000
00000000
01100110
01100110
00000000
00000000
00000000

2238:
00000000
00000000
00000000
00000000
00000000
00000000
00011000
00011000
00000000
01111110
00000000
00000000
00000000
00000000
00000000
00000000

2239:
00000000
00000000
00000000
00000000
00000000
00000000
00000110
00000110
00000000
01111000
00000000
00000110
00000110
00000000
00000000
00000000

223A:
00000000
00000000
00000000
00000000
00000000
00000000
01100110
01100110
00000000
01111110
00000000
01100110
01100110
00000000
00000000
00000000

223B:
00000000
00000000
00000000
00000000
00000000
00011000
00011000
00000000
00110010
01001100
00000000
00011000
00011000
00000000
00000000
00000000

223C:
00000000
00000000
00000000
00000000
00000000
00000000
00000000
00000000
00110010
01001100
00000000
00000000
00000000
00000000
00000000
00000000

223D:
00000000
00000000
00000000
00000000
00000000
00000000
00000000
00000000
01001100
00110010
00000000
00000000
00000000
00000000
00000000
00000000

223E:
00000000
00000000
00000000
00000000
00000000
00000000
00000000
00000000
00110010
01001001
00100110
00000000
00000000
00000000
00000000
00000000

223F:
00000000
00000000
00000000
00000000
00000000
00000000
00000000
00110000
01001000
01001001
00001001
00000110
00000000
00000000
00000000
00000000

2240:
00000000
00000000
00000000
00000000
00000000
00010000
00001000
00001000
00001000
00010000
00010000
00010000
00001000
00000000
00000000
00000000

2241:
00000000
00000000
00000000
00000000
00000000
00000000
00000100
00000100
00001000
00111010
01010100
00010000
00100000
00100000
00000000
00000000

2242:
00000000
00000000
00000000
00000000
00000000
00000000
00000000
00000000
01111110
00000000
00000000
00110010
01001100
00000000
00000000
00000000

2243:
00000000
00000000
00000000
00000000
00000000
00000000
00000000
00110010
01001100
00000000
00000000
01111110
00000000
00000000
00000000
00000000

2244:
00000000
00000000
00000000
00000100
00000100
00001000
00001000
00111010
01010100
00010000
00010000
01111110
00100000
00100000
01000000
01000000

2245:
00000000
00000000
00000000
00000000
00110010
01001100
00000000
00000000
01111110
00000000
00000000
01111110
00000000
00000000
00000000
00000000

2246:
00000000
00000000
00000000
00000000
00110010
01001100
00000010
00000100
01111110
00001000
00010000
01111110
00100000
01000000
00000000
00000000

2247:
00000000
00000000
00000100
00000100
00111010
01001100
00001000
00010000
01111110
00010000
00100000
01111110
00100000
01000000
01000000
00000000

2248:
00000000
00000000
00000000
00000000
00000000
00000000
00000000
00110010
01001100
00000000
00110010
01001100
00000000
00000000
00000000
00000000

2249:
00000000
00000000
00000000
00000000
00000000
00000100
00000100
00111010
01001100
00010000
00111010
01010100
00100000
00100000
00000000
00000000

224A:
00000000
00000000
00000000
00000000
00000000
00110010
01001100
00000000
00110010
01001100
00000000
01111110
00000000
00000000
00000000
00000000

224B:
00000000
00000000
00000000
00000000
00000000
00110010
01001100
00000000
00110010
01001100
00000000
00110010
01001100
00000000
00000000
00000000

224C:
00000000
00000000
00000000
00000000
01001100
00110010
00000000
00000000
01111110
00000000
00000000
01111110
00000000
00000000
00000000
00000000

224D:
00000000
00000000
00000000
00000000
00000000
00000000
01000010
00111100
00000000
00000000
00111100
01000010
00000000
00000000
00000000
00000000

224E:
00000000
00000000
00000000
00000000
00000000
00000000
00011000
01100110
00000000
00000000
01100110
00011000
00000000
00000000
00000000
00000000

224F:
00000000
00000000
00000000
00000000
00000000
00000000
00000000
00011000
01100110
00000000
00000000
01111110
00000000
00000000
00000000
00000000

2250:
00000000
00000000
00000000
00000000
00011000
00011000
00000000
00000000
01111110
00000000
00000000
01111110
00000000
00000000
00000000
00000000

2251:
00000000
00000000
00000000
00011000
00011000
00000000
01111110
00000000
00000000
01111110
00000000
00011000
00011000
00000000
00000000
00000000

2252:
00000000
00000000
00000000
01100000
01100000
00000000
01111110
00000000
00000000
01111110
00000000
00000110
00000110
00000000
00000000
00000000

2253:
00000000
00000000
00000000
00000110
00000110
00000000
01111110
00000000
00000000
01111110
00000000
01100000
01100000
00000000
00000000
00000000

2254:
00000000
00000000
00000000
00000000
00000000
00000000
00000000
01011110
00000000
00000000
01011110
00000000
00000000
00000000
00000000
00000000

2255:
00000000
00000000
00000000
00000000
00000000
00000000
00000000
01111010
00000000
00000000
01111010
00000000
00000000
00000000
00000000
00000000

2256:
00000000
00000000
00000000
00000000
00000000
00000000
00000000
01111110
00100100
00100100
01111110
00000000
00000000
00000000
00000000
00000000

2257:
00000000
00000000
00000000
00011000
00100100
00100100
00011000
00000000
01111110
00000000
00000000
01111110
00000000
00000000
00000000
00000000

2258:
00000000
00000000
00000000
00000000
00111100
01000010
00000000
00000000
01111110
00000000
00000000
01111110
00000000
00000000
00000000
00000000

2259:
00000000
00000000
00000000
00011000
00100100
01000010
00000000
00000000
01111110
00000000
00000000
01111110
00000000
00000000
00000000
00000000

225A:
00000000
00000000
00000000
01000010
00100100
00011000
00000000
00000000
01111110
00000000
00000000
01111110
00000000
00000000
00000000
00000000

225B:
00000000
00000000
00001000
00111110
00011100
00010100
00000000
00000000
01111110
00000000
00000000
01111110
00000000
00000000
00000000
00000000

225C:
00000000
00000000
00001000
00010100
00100010
00111110
00000000
00000000
01111110
00000000
00000000
01111110
00000000
00000000
00000000
00000000

225D:
00000000
00000000
00010010
00010100
01110110
01010100
01110100
00000000
00000000
01111110
00000000
00000000
01111110
00000000
00000000
00000000

225E:
00000000
00000000
00000000
01101000
01010100
01010100
01010100
00000000
01111110
00000000
00000000
01111110
00000000
00000000
00000000
00000000

225F:
00000000
00110000
01001000
00001000
00010000
00010000
00000000
00010000
00000000
01111110
00000000
00000000
01111110
00000000
00000000
00000000

2260:
00000000
00000000
00000000
00000000
00000000
00000000
00000010
00000100
01111110
00001000
00010000
01111110
00100000
01000000
00000000
00000000

2261:
00000000
00000000
00000000
00000000
00000000
00000000
00000000
01111110
00000000
01111110
00000000
01111110
00000000
00000000
00000000
00000000

2262:
00000000
00000000
00000000
00000000
00000000
00000010
00000100
01111110
00001000
01111110
00010000
01111110
00100000
01000000
00000000
00000000

2263:
00000000
00000000
00000000
00000000
00000000
00000000
01111110
00000000
01111110
00000000
01111110
00000000
01111110
00000000
00000000
00000000

2264:
00000000
00000000
00000000
00000000
00000000
00000000
00000110
00011000
01100000
00011000
00000110
00000000
01111110
00000000
00000000
00000000

2265:
00000000
00000000
00000000
00000000
00000000
00000000
01100000
00011000
00000110
00011000
01100000
00000000
01111110
00000000
00000000
00000000

2266:
00000000
00000000
00000000
00000110
00011000
01100000
00011000
00000110
00000000
01111110
00000000
00000000
01111110
00000000
00000000
00000000

2267:
00000000
00000000
00000000
01100000
00011000
00000110
00011000
01100000
00000000
01111110
00000000
00000000
01111110
00000000
00000000
00000000

2268:
00000000
00000000
00000000
00000110
00011000
01100000
00011000
00000110
00000100
01111110
00001000
00010000
01111110
00100000
01000000
00000000

2269:
00000000
00000000
00000000
01100000
00011000
00000110
00011000
01100010
00000100
01111110
00001000
00010000
01111110
00100000
01000000
00000000

226A:
00000000
00000000
00000000
00000000
00000000
00001001
00010010
00100100
01001000
10010000
01001000
00100100
00010010
00001001
00000000
00000000

226B:
00000000
00000000
00000000
00000000
00000000
10010000
01001000
00100100
00010010
00001001
00010010
00100100
01001000
10010000
00000000
00000000

226C:
00000000
00000000
00000000
00000000
00100100
00011000
00011000
00100100
00100100
00100100
00100100
00011000
00011000
00100100
00000000
00000000

226D:
00000000
00000000
00000000
00000010
00000010
00000100
10000101
01111110
00001000
00010000
01111110
10100001
00100000
01000000
01000000
00000000

226E:
00000000
00000000
00000000
00001000
00001000
00001100
00011000
00010000
00110000
01010000
00110000
00110000
00011000
00100100
00100000
00000000

226F:
00000000
00000000
00000000
00000000
00001000
01001000
00101000
00010000
00011000
00010100
00011000
00010000
00100000
01100000
00100000
00100000

2270:
00000000
00000000
00000000
00000000
00000010
00000010
00001110
00010100
01101000
00011000
00011110
00010000
01111110
00100000
00100000
00000000

2271:
00000000
00000000
00000000
00000000
00001000
00001000
01110000
00011000
00010110
00101000
01110000
00100000
01111110
01000000
01000000
00000000

2272:
00000000
00000000
00000000
00000000
00000000
00000000
00000110
00011000
01100000
00011000
00000110
00000000
00110010
01001100
00000000
00000000

2273:
00000000
00000000
00000000
00000000
00000000
00000000
01100000
00011000
00000110
00011000
01100000
00000000
00110010
01001100
00000000
00000000

2274:
00000000
00000000
00000000
00000000
00000100
00000100
00001110
00011000
01101000
00011000
00011110
00010000
00111010
01100100
00100000
00100000

2275:
00000000
00000000
00000000
00000000
00001000
00001000
01111000
00011000
00010110
00011000
01110000
00010000
00110010
01101100
00100000
00100000

2276:
00000000
00000000
00000000
00000000
00000110
00011000
01100000
00011000
00000110
01100000
00011000
00000110
00011000
01100000
00000000
00000000

2277:
00000000
00000000
00000000
00000000
01100000
00011000
00000110
00011000
01100000
00000110
00011000
01100000
00011000
00000110
00000000
00000000

2278:
00000000
00000000
00000010
00000010
00001110
00010100
01101000
00011000
00011110
01110000
00101000
00101110
01010000
01100000
10000000
10000000

2279:
00000000
00000000
00000100
00000100
01101000
00011000
00010110
00011000
01110000
00010110
00111000
01100000
00111000
00100110
01000000
01000000

227A:
00000000
00000000
00000000
00000000
00000000
00000010
00000010
00000100
00011000
01100000
00011000
00000100
00000010
00000010
00000000
00000000

227B:
00000000
00000000
00000000
00000000
00000000
01000000
01000000
00100000
00011000
00000110
00011000
00100000
01000000
01000000
00000000
00000000

227C:
00000000
00000000
00000000
00000000
00000000
00000010
00000010
00000100
00011000
01100000
00011000
01100100
00011010
00000100
00000010
00000000

227D:
00000000
00000000
00000000
00000000
00000000
01000000
01000000
00100000
00011000
00000110
00011000
00100110
01011000
00100000
01000000
00000000

227E:
00000000
00000000
00000000
00000000
00000000
00000010
00000010
00000100
00011000
01100000
00011000
00000100
01100110
10011010
00000000
00000000

227F:
00000000
00000000
00000000
00000000
00000000
01000000
01000000
00100000
00011000
00000110
00011000
00100000
01011001
01100110
00000000
00000000

2280:
00000000
00000000
00000000
00000000
00000100
00000110
00001010
00001100
00001000
01110000
00011000
00010100
00100010
00100010
00000000
00000000

2281:
00000000
00000000
00000000
00000000
00000100
01000100
01001000
00101000
00011000
00001110
00011000
00110000
01010000
01100000
00100000
00000000

2282:
00000000
00000000
00000000
00000000
00000000
00000000
00111110
01000000
01000000
01000000
01000000
00111110
00000000
00000000
00000000
00000000

2283:
00000000
00000000
00000000
00000000
00000000
00000000
01111100
00000010
00000010
00000010
00000010
01111100
00000000
00000000
00000000
00000000

2284:
00000000
00000000
00000000
00000000
00000100
00000100
00111110
01001000
01010000
01010000
01100000
00111110
01000000
01000000
00000000
00000000

2285:
00000000
00000000
00000000
00000000
00000010
00000010
01111100
00001010
00001010
00010010
00010010
01111100
00100000
00100000
00000000
00000000

2286:
00000000
00000000
00000000
00000000
00000000
00000000
00111110
01000000
01000000
01000000
01000000
00111110
00000000
01111110
00000000
00000000

2287:
00000000
00000000
00000000
00000000
00000000
00000000
01111100
00000010
00000010
00000010
00000010
01111100
00000000
01111110
00000000
00000000

2288:
00000000
00000000
00000000
00000000
00000100
00000100
00111110
01001000
01001000
01010000
01010000
00111110
00100000
01111110
01000000
00000000

2289:
00000000
00000000
00000000
00000000
00000010
00000010
01111100
00001010
00001010
00010010
00010010
01111100
00100000
01111110
01000000
00000000

228A:
00000000
00000000
00000000
00000000
00000000
00000000
00111110
01000000
01000000
01000000
01000000
00111110
00000100
01111110
00010000
00000000

228B:
00000000
00000000
00000000
00000000
00000000
00000000
01111100
00000010
00000010
00000010
00000010
01111100
00001000
01111110
00100000
00000000

228C:
00000000
00000000
00000000
00000000
01000010
01000010
01000010
01001010
01010010
01111110
01010010
01001010
01000010
00111100
00000000
00000000

228D:
00000000
00000000
00000000
00000000
01000010
01000010
01000010
01000010
01000010
01011010
01011010
01000010
01000010
00111100
00000000
00000000

228E:
00000000
00000000
00000000
00000000
01000010
01000010
01000010
01010010
01010010
01111010
01010010
01010010
01000010
00111100
00000000
00000000

228F:
00000000
00000000
00000000
00000000
00000000
00000000
01111110
01000000
01000000
01000000
01000000
01111110
00000000
00000000
00000000
00000000

2290:
00000000
00000000
00000000
00000000
00000000
00000000
01111110
00000010
00000010
00000010
00000010
01111110
00000000
00000000
00000000
00000000

2291:
00000000
00000000
00000000
00000000
00000000
00000000
01111110
01000000
01000000
01000000
01000000
01111110
00000000
01111110
00000000
00000000

2292:
00000000
00000000
00000000
00000000
00000000
00000000
01111110
00000010
00000010
00000010
00000010
01111110
00000000
01111110
00000000
00000000

2293:
00000000
00000000
00000000
00000000
00000000
00000000
01111110
01000010
01000010
01000010
01000010
01000010
00000000
00000000
00000000
00000000

2294:
00000000
00000000
00000000
00000000
00000000
00000000
01000010
01000010
01000010
01000010
01000010
01111110
00000000
00000000
00000000
00000000

2295:
00000000
00000000
00000000
00000000
00000000
00000000
00011100
00101010
01001001
01111111
01001001
00101010
00011100
00000000
00000000
00000000

2296:
00000000
00000000
00000000
00000000
00000000
00000000
00011100
00100010
01000001
01111111
01000001
00100010
00011100
00000000
00000000
00000000

2297:
00000000
00000000
00000000
00000000
00000000
00000000
00011100
00100010
01010101
01001001
01010101
00100010
00011100
00000000
00000000
00000000

2298:
00000000
00000000
00000000
00000000
00000000
00000000
00011100
00100010
01000101
01001001
01010001
00100010
00011100
00000000
00000000
00000000

2299:
00000000
00000000
00000000
00000000
00000000
00000000
00011100
00100010
01000001
01001001
01000001
00100010
00011100
00000000
00000000
00000000

229A:
00000000
00000000
00000000
00000000
00000000
00000000
00011100
00100010
01001001
01010101
01001001
00100010
00011100
00000000
00000000
00000000

229B:
00000000
00000000
00000000
00000000
00000000
00000000
00011100
00100010
01001001
01011101
01001001
00100010
00011100
00000000
00000000
00000000

229C:
00000000
00000000
00000000
00000000
00000000
00000000
00011100
00100010
01011101
01000001
01011101
00100010
00011100
00000000
00000000
00000000

229D:
00000000
00000000
00000000
00000000
00000000
00000000
00011100
00100010
01000001
01011101
01000001
00100010
00011100
00000000
00000000
00000000

229E:
00000000
00000000
00000000
00000000
00000000
00000000
01111111
01001001
01001001
01111111
01001001
01001001
01111111
00000000
00000000
00000000

229F:
00000000
00000000
00000000
00000000
00000000
00000000
01111111
01000001
01000001
01111111
01000001
01000001
01111111
00000000
00000000
00000000

22A0:
00000000
00000000
00000000
00000000
00000000
00000000
01111111
01100011
01010101
01001001
01010101
01100011
01111111
00000000
00000000
00000000

22A1:
00000000
00000000
00000000
00000000
00000000
00000000
01111111
01000001
01000001
01001001
01000001
01000001
01111111
00000000
00000000
00000000

22A2:
00000000
00000000
00000000
00000000
00000000
00000000
01000000
01000000
01000000
01111110
01000000
01000000
01000000
00000000
00000000
00000000

22A3:
00000000
00000000
00000000
00000000
00000000
00000000
00000010
00000010
00000010
01111110
00000010
00000010
00000010
00000000
00000000
00000000

22A4:
00000000
00000000
00000000
00000000
00000000
00000000
01111111
00001000
00001000
00001000
00001000
00001000
00001000
00000000
00000000
00000000

22A5:
00000000
00000000
00000000
00000000
00000000
00000000
00001000
00001000
00001000
00001000
00001000
00001000
01111111
00000000
00000000
00000000

22A6:
00000000
00000000
00000000
00000000
00000000
00100000
00100000
00100000
00100000
00111100
00100000
00100000
00100000
00100000
00000000
00000000

22A7:
00000000
00000000
00000000
00000000
00000000
00100000
00100000
00100000
00111100
00100000
00111100
00100000
00100000
00100000
00000000
00000000

22A8:
00000000
00000000
00000000
00000000
00000000
01000000
01000000
01000000
01111110
01000000
01111110
01000000
01000000
01000000
00000000
00000000

22A9:
00000000
00000000
00000000
00000000
00000000
01010000
01010000
01010000
01010000
01011110
01010000
01010000
01010000
01010000
00000000
00000000

22AA:
00000000
00000000
00000000
00000000
00000000
01010100
01010100
01010100
01010100
01010111
01010100
01010100
01010100
01010100
00000000
00000000

22AB:
00000000
00000000
00000000
00000000
00000000
01010000
01010000
01010000
01011110
01010000
01011110
01010000
01010000
01010000
00000000
00000000

22AC:
00000000
00000000
00000000
00000000
00000000
01000000
01000000
01001000
01001000
01111110
01001000
01001000
01000000
01000000
00000000
00000000

22AD:
00000000
00000000
00000000
00000000
00000000
01000000
01001000
01001000
01111110
01001000
01111110
01001000
01001000
01000000
00000000
00000000

22AE:
00000000
00000000
00000000
00000000
00000000
01010000
01010000
01010100
01010100
01011110
01010100
01010100
01010000
01010000
00000000
00000000

22AF:
00000000
00000000
00000000
00000000
00000000
01010000
01010100
01010100
01011110
01010100
01011110
01010100
01010100
01010000
00000000
00000000

22B0:
00000000
00000000
00000000
00000000
00000000
00001100
00000010
00000100
00011000
01100000
00011000
00000100
00000010
00001100
00000000
00000000

22B1:
00000000
00000000
00000000
00000000
00000000
00110000
01000000
00100000
00011000
00000110
00011000
00100000
01000000
00110000
00000000
00000000

22B2:
00000000
00000000
00000000
00000000
00000000
00000000
00000000
00000110
00011010
01100010
00011010
00000110
00000000
00000000
00000000
00000000

22B3:
00000000
00000000
00000000
00000000
00000000
00000000
00000000
01100000
01011000
01000110
01011000
01100000
00000000
00000000
00000000
00000000

22B4:
00000000
00000000
00000000
00000000
00000000
00000000
00000000
00000110
00011010
01100010
00011010
00000110
00000000
01111110
00000000
00000000

22B5:
00000000
00000000
00000000
00000000
00000000
00000000
00000000
01100000
01011000
01000110
01011000
01100000
00000000
01111110
00000000
00000000

22B6:
0000000000000000
0000000000000000
0000000000000000
0000000000000000
0000000000000000
0000000000000000
0000000000000000
0011000000001100
0100100000011110
0100111111111110
0100100000011110
0011000000001100
0000000000000000
0000000000000000
0000000000000000
0000000000000000

22B7:
0000000000000000
0000000000000000
0000000000000000
0000000000000000
0000000000000000
0000000000000000
0000000000000000
0011000000001100
0111100000010010
0111111111110010
0111100000010010
0011000000001100
0000000000000000
0000000000000000
0000000000000000
0000000000000000

22B8:
0000000000000000
0000000000000000
0000000000000000
0000000000000000
0000000000000000
0000000000000000
0000000000000000
0000000000111000
0000000001000100
0011111111000100
0000000001000100
0000000000111000
0000000000000000
0000000000000000
0000000000000000
0000000000000000

22B9:
00000000
00000000
00000000
00000000
00000000
00000000
00001000
00001000
00000000
01100011
00000000
00001000
00001000
00000000
00000000
00000000

22BA:
00000000
00000000
00000000
00000000
00111110
00001000
00001000
00001000
00001000
00001000
00001000
00001000
00001000
00001000
00000000
00000000

22BB:
00000000
00000000
00000000
00000000
00000000
00000000
00000000
00100010
00100010
00010100
00010100
00001000
00000000
00111110
00000000
00000000

22BC:
00000000
00000000
00000000
00000000
00000000
00000000
00111110
00000000
00001000
00010100
00010100
00100010
00100010
00000000
00000000
00000000

22BD:
00000000
00000000
00000000
00000000
00000000
00000000
00111110
00000000
00100010
00100010
00010100
00010100
00001000
00000000
00000000
00000000

22BE:
00000000
00000000
00000000
00000000
00000000
00000000
00000000
01000000
01000000
01000000
01111000
01001000
01001000
01111110
00000000
00000000

22BF:
00000000
00000000
00000000
00000000
00000000
00000000
00000000
00000000
00000010
00000110
00001010
00010010
00100010
01111110
00000000
00000000

22C0:
00000000
00000000
00000000
00000000
00001000
00010100
00010100
00010100
00100010
00100010
00100010
01000001
01000001
01000001
00000000
00000000

22C1:
00000000
00000000
00000000
00000000
01000001
01000001
01000001
00100010
00100010
00100010
00010100
00010100
00010100
00001000
00000000
00000000

22C2:
00000000
00000000
00000000
00000000
00111100
01000010
01000010
01000010
01000010
01000010
01000010
01000010
01000010
01000010
00000000
00000000

22C3:
00000000
00000000
00000000
00000000
01000010
01000010
01000010
01000010
01000010
01000010
01000010
01000010
01000010
00111100
00000000
00000000

22C4:
00000000
00000000
00000000
00000000
00000000
00000000
00000000
00001000
00010100
00100010
00010100
00001000
00000000
00000000
00000000
00000000

22C5:
00000000
00000000
00000000
00000000
00000000
00000000
00000000
00000000
00011000
00011000
00000000
00000000
00000000
00000000
00000000
00000000

22C6:
00000000
00000000
00000000
00000000
00000000
00000000
00000000
00001000
00111110
00011100
00010100
00000000
00000000
00000000
00000000
00000000

22C7:
00000000
00000000
00000000
00000000
00000000
00000000
00011000
01000010
00100100
01111110
00100100
01000010
00011000
00000000
00000000
00000000

22C8:
00000000
00000000
00000000
00000000
00000000
00000000
01000001
01100011
01010101
01001001
01010101
01100011
01000001
00000000
00000000
00000000

22C9:
00000000
00000000
00000000
00000000
00000000
00000000
01000001
01100010
01010100
01001000
01010100
01100010
01000001
00000000
00000000
00000000

22CA:
00000000
00000000
00000000
00000000
00000000
00000000
01000001
00100011
00010101
00001001
00010101
00100011
01000001
00000000
00000000
00000000

22CB:
00000000
00000000
00000000
00000000
00000000
00000000
00000000
00100000
00010000
00001000
00010100
00100010
00000000
00000000
00000000
00000000

22CC:
00000000
00000000
00000000
00000000
00000000
00000000
00000000
00000010
00000100
00001000
00010100
00100010
00000000
00000000
00000000
00000000

22CD:
00000000
00000000
00000000
00000000
00000000
00000000
00000000
00000000
01001100
00110010
00000000
00000000
01111110
00000000
00000000
00000000

22CE:
00000000
00000000
00000000
00000000
00000000
00000000
01000001
00100010
00100010
00010100
00010100
00010100
00001000
00000000
00000000
00000000

22CF:
00000000
00000000
00000000
00000000
00000000
00000000
00001000
00010100
00010100
00010100
00100010
00100010
01000001
00000000
00000000
00000000

22D0:
00000000
00000000
00000000
00000000
00000000
00000000
00111110
01000000
01001110
01010000
01010000
01001110
01000000
00111110
00000000
00000000

22D1:
00000000
00000000
00000000
00000000
00000000
00000000
01111100
00000010
01110010
00001010
00001010
01110010
00000010
01111100
00000000
00000000

22D2:
00000000
00000000
00000000
00000000
00000000
00000000
00111110
01000001
01001001
01010101
01010101
01010101
01010101
01010101
00000000
00000000

22D3:
00000000
00000000
00000000
00000000
00000000
00000000
01010101
01010101
01010101
01010101
01010101
01001001
01000001
00111110
00000000
00000000

22D4:
00000000
00000000
00000000
00000000
00001000
00001000
00001000
00011100
00101010
00101010
00101010
00101010
00101010
00101010
00000000
00000000

22D5:
00000000
00000000
00000000
00000000
00100100
00100100
00100100
00100100
01111110
00100100
00100100
01111110
00100100
00100100
00000000
00000000

22D6:
00000000
00000000
00000000
00000000
00000000
00000010
00000100
00001000
00010000
00100010
00010000
00001000
00000100
00000010
00000000
00000000

22D7:
00000000
00000000
00000000
00000000
00000000
01000000
00100000
00010000
00001000
01000100
00001000
00010000
00100000
01000000
00000000
00000000

22D8:
0000000000000000
0000000000000000
0000000000000000
0000000000000000
0000000000000000
0000001000100010
0000010001000100
0000100010001000
0001000100010000
0010001000100000
0001000100010000
0000100010001000
0000010001000100
0000001000100010
0000000000000000
0000000000000000

22D9:
0000000000000000
0000000000000000
0000000000000000
0000000000000000
0000000000000000
0100010001000000
0010001000100000
0001000100010000
0000100010001000
0000010001000100
0000100010001000
0001000100010000
0010001000100000
0100010001000000
0000000000000000
0000000000000000

22DA:
00000000
00000000
00000110
00011000
01100000
00011000
00000110
00000000
01111110
00000000
01100000
00011000
00000110
00011000
01100000
00000000

22DB:
00000000
00000000
01100000
00011000
00000110
00011000
01100000
00000000
01111110
00000000
00000110
00011000
01100000
00011000
00000110
00000000

22DC:
00000000
00000000
00000000
00000000
00000000
00000000
01111110
00000000
00000110
00011000
01100000
00011000
00000110
00000000
00000000
00000000

22DD:
00000000
00000000
00000000
00000000
00000000
00000000
01111110
00000000
01100000
00011000
00000110
00011000
01100000
00000000
00000000
00000000

22DE:
00000000
00000000
00000000
00000000
00000010
00000100
00011010
01100100
00011000
01100000
00011000
00000100
00000010
00000010
00000000
00000000

22DF:
00000000
00000000
00000000
00000000
01000000
00100000
01011000
00100110
00011000
00000110
00011000
00100000
01000000
01000000
00000000
00000000

22E0:
00000000
00000000
00000000
00000100
00010100
00010110
00101010
11001100
00011000
01101000
00011000
00010100
00010010
00100010
00100000
00100000

22E1:
00000000
00000000
00000000
00000010
00001010
01001010
01000100
00101011
00011000
00010110
00011000
00110000
01100000
01100000
00100000
00100000

22E2:
00000000
00000000
00000000
00000010
00000010
00000100
01111110
01001000
01001000
01010000
01010000
01111110
00100000
01111110
01000000
00000000

22E3:
00000000
00000000
00000000
00000010
00000010
00000100
01111110
00001010
00001010
00010010
00010010
01111110
00100000
01111110
01000000
00000000

22E4:
00000000
00000000
00000000
00000000
00000000
00000000
01111110
01000000
01000000
01000000
01000000
01111110
00001000
01111110
00100000
00000000

22E5:
00000000
00000000
00000000
00000000
00000000
00000000
01111110
00000010
00000010
00000010
00000010
01111110
00001000
01111110
00100000
00000000

22E6:
00000000
00000000
00000000
00000000
00000000
00000110
00011000
01100000
00011000
00000110
00000100
00111010
01011100
00100000
01000000
00000000

22E7:
00000000
00000000
00000000
00000000
00000000
01100000
00011000
00000110
00011000
01100010
00000100
00111010
01011100
00100000
01000000
00000000

22E8:
00000000
00000000
00000000
00000010
00000010
00000100
00011000
01100000
00011000
00000100
00000110
00111010
01011100
00100000
01000000
00000000

22E9:
00000000
00000000
01000000
01000000
00100000
00011000
00000110
00011000
00100000
01000010
01000100
00111010
01011100
00100000
01000000
00000000

22EA:
00000000
00000000
00000000
00000000
00000000
00000010
00000010
00001110
00010110
01101010
00011010
00011110
00010000
00100000
00100000
00000000

22EB:
00000000
00000000
00000000
00000000
00000000
00000100
00000100
01101000
01011100
01010110
01101000
01110000
00100000
01000000
01000000
00000000

22EC:
00000000
00000000
00000000
00000000
00000000
00000010
00000010
00001110
00010110
01101010
00011010
00011110
00010000
01111110
00100000
00000000

22ED:
00000000
00000000
00000000
00000000
00000000
00000100
00000100
01101000
01011100
01010110
01101000
01110000
00100000
01111110
01000000
00000000

22EE:
00000000
00000000
00000000
00000000
00011000
00011000
00000000
00000000
00011000
00011000
00000000
00000000
00011000
00011000
00000000
00000000

22EF:
00000000
00000000
00000000
00000000
00000000
00000000
00000000
00000000
11011011
11011011
00000000
00000000
00000000
00000000
00000000
00000000

22F0:
00000000
00000000
00000000
00000000
00000011
00000011
00000000
00000000
00011000
00011000
00000000
00000000
11000000
11000000
00000000
00000000

22F1:
00000000
00000000
00000000
00000000
11000000
11000000
00000000
00000000
00011000
00011000
00000000
00000000
00000011
00000011
00000000
00000000

22F2:
0000000000000000
0000000000000000
0000000000000000
0000000000000000
0000000000000000
0000011111110000
0000100000000000
0001000000000000
0001000000000000
0111111111110000
0001000000000000
0001000000000000
0000100000000000
0000011111110000
0000000000000000
0000000000000000

22F3:
0000000000000000
0000000000000000
0000000000000000
0000000000000000
0000000000000000
0000011111110000
0000100000000000
0001000000000000
0001000000010000
0001111111110000
0001000000010000
0001000000000000
0000100000000000
0000011111110000
0000000000000000
0000000000000000

22F4:
00000000
00000000
00000000
00000000
00000000
00000000
00111110
01000000
01000010
01111110
01000010
01000000
00111110
00000000
00000000
00000000

22F5:
0000000000000000
0000000000000000
0000000110000000
0000000110000000
0000000000000000
0000011111110000
0000100000000000
0001000000000000
0001000000000000
0001111111110000
0001000000000000
0001000000000000
0000100000000000
0000011111110000
0000000000000000
0000000000000000

22F6:
0000000000000000
0000000000000000
0000000000000000
0001111111110000
0000000000000000
0000011111110000
0000100000000000
0001000000000000
0001000000000000
0001111111110000
0001000000000000
0001000000000000
0000100000000000
0000011111110000
0000000000000000
0000000000000000

22F7:
00000000
00000000
00000000
00000000
01111110
00000000
00111110
01000000
01000000
01111110
01000000
01000000
00111110
00000000
00000000
00000000

22F8:
00000000
00000000
00000000
00000000
00000000
00000000
00111110
01000000
01000000
01111110
01000000
01000000
00111110
00000000
01111110
00000000

22F9:
0000000000000000
0000000000000000
0000000000000000
0000000000000000
0000000000000000
0001111111000000
0010000000000000
0100000000000000
0111111111000000
0100000000000000
0111111111000000
0100000000000000
0010000000000000
0001111111000000
0000000000000000
0000000000000000

22FA:
0000000000000000
0000000000000000
0000000000000000
0000000000000000
0000000000000000
0011111110000000
0000000001000000
0000000000100000
0000000000100000
0011111111111000
0000000000100000
0000000000100000
0000000001000000
0011111110000000
0000000000000000
0000000000000000

22FB:
0000000000000000
0000000000000000
0000000000000000
0000000000000000
0000000000000000
0011111110000000
0000000001000000
0000000000100000
0010000000100000
0011111111100000
0010000000100000
0000000000100000
0000000001000000
0011111110000000
0000000000000000
0000000000000000

22FC:
00000000
00000000
00000000
00000000
00000000
00000000
01111100
00000010
01000010
01111110
01000010
00000010
01111100
00000000
00000000
00000000

22FD:
0000000000000000
0000000000000000
0000000000000000
0011111111100000
0000000000000000
0011111110000000
0000000001000000
0000000000100000
0000000000100000
0011111111100000
0000000000100000
0000000000100000
0000000001000000
0011111110000000
0000000000000000
0000000000000000

22FE:
00000000
00000000
00000000
00000000
01111110
00000000
01111100
00000010
00000010
01111110
00000010
00000010
01111100
00000000
00000000
00000000

22FF:
0000000000000000
0000000000000000
0000000000000000
0000000000000000
0000000000000000
0001111111111000
0001000000000000
0001000000000000
0001000000000000
0001111111111000
0001000000000000
0001000000000000
0001000000000000
0001111111111000
0000000000000000
0000000000000000

2300:
00000000
00000000
00000000
00000000
00000000
00000000
00000000
00011101
00100010
00100110
00101010
00110010
00100010
01011100
00000000
00000000

2301:
00000000
00000000
00000000
00000000
00000000
00000000
00000000
00000000
10010000
01011000
00110100
00010010
00000000
00000000
00000000
00000000

2302:
00000000
00000000
00000000
00000000
00000000
00000000
00011000
00100100
01000010
01000010
01000010
01000010
01000010
01111110
00000000
00000000

2303:
00000000
00000000
00000000
00000000
00001000
00010100
00100010
00000000
00000000
00000000
00000000
00000000
00000000
00000000
00000000
00000000

2304:
00000000
00000000
00000000
00000000
00000000
00000000
00000000
00000000
00000000
00000000
00000000
00100010
00010100
00001000
00000000
00000000

2305:
00000000
00000000
00000000
00000000
00111110
00000000
00001000
00010100
00100010
00000000
00000000
00000000
00000000
00000000
00000000
00000000

2306:
00000000
00000000
00000000
00000000
00111110
00000000
00111110
00000000
00001000
00010100
00100010
00000000
00000000
00000000
00000000
00000000

2307:
00000000
00000000
00000000
00010000
00001000
00000100
00001000
00010000
00001000
00000100
00001000
00010000
00001000
00000100
00000000
00000000

2308:
00000000
00000000
00011110
00010000
00010000
00010000
00010000
00010000
00010000
00010000
00010000
00010000
00010000
00010000
00000000
00000000

2309:
00000000
00000000
01111000
00001000
00001000
00001000
00001000
00001000
00001000
00001000
00001000
00001000
00001000
00001000
00000000
00000000

230A:
00000000
00000000
00010000
00010000
00010000
00010000
00010000
00010000
00010000
00010000
00010000
00010000
00010000
00011110
00000000
00000000

230B:
00000000
00000000
00001000
00001000
00001000
00001000
00001000
00001000
00001000
00001000
00001000
00001000
00001000
01111000
00000000
00000000

230C:
00000000
00000000
00000000
00000000
00000000
00000000
00000000
00000000
00000000
00000111
00001000
00001000
00001000
00000000
00000000
00000000

230D:
00000000
00000000
00000000
00000000
00000000
00000000
00000000
00000000
00000000
01110000
00001000
00001000
00001000
00000000
00000000
00000000

230E:
00000000
00000000
00000000
00000000
00000000
00000000
00001000
00001000
00001000
00000111
00000000
00000000
00000000
00000000
00000000
00000000

230F:
00000000
00000000
00000000
00000000
00000000
00000000
00001000
00001000
00001000
01110000
00000000
00000000
00000000
00000000
00000000
00000000

2310:
00000000
00000000
00000000
00000000
00000000
00000000
00000000
00000000
00000000
00000000
01111110
01000000
01000000
01000000
00000000
00000000

2311:
00000000
00000000
00000000
00000000
00000000
00000000
01000001
00111110
00100010
00100010
00100010
00111110
01000001
00000000
00000000
00000000

2312:
00000000
00000000
00000000
00000000
00000000
00000000
00000000
00000000
00000000
00000000
00011100
00100010
01000001
01000001
00000000
00000000

2313:
00000000
00000000
00000000
00000000
00000000
00000000
00000000
00000000
00000000
00000000
00011100
00100010
01000001
01111111
00000000
00000000

2314:
00000000
00000000
00000000
00000000
00000000
00000000
00000000
00000000
00011100
00100010
01000001
00100010
00010100
00001000
00000000
00000000

2315:
00000000
00000000
00000000
00000000
00000000
00000000
00000000
00011100
00100010
01000001
01000001
01000001
00100010
01011100
10000000
00000000

2316:
0000000000000000
0000000010000000
0000000010000000
0000001111100000
0000010010010000
0000100010001000
0001000010000100
0001000000000100
0111111000111111
0001000000000100
0001000010000100
0000100010001000
0000010010010000
0000001111100000
0000000010000000
0000000010000000

2317:
00000000
00000000
00000000
00000000
00000000
00100100
00100100
11111111
00100100
00100100
11111111
00100100
00100100
00000000
00000000
00000000

2318:
00000000
00000000
00000000
00000000
00000000
00000000
00100010
01010101
00111110
00010100
00111110
01010101
00100010
00000000
00000000
00000000

2319:
00000000
00000000
00000000
00000000
00000000
00000000
01000000
01000000
01000000
01111110
00000000
00000000
00000000
00000000
00000000
00000000

231A:
00000000
00000000
00101000
00101000
00101000
00101000
00111000
01010100
10010010
10011011
10000010
01000100
00111000
00101000
00101000
00101000

231B:
00000000
00000000
00000000
00000000
01111110
00100100
00100100
00100100
00011000
00011000
00100100
00100100
00111100
01111110
00000000
00000000

231C:
00000000
01111000
01000000
01000000
01000000
00000000
00000000
00000000
00000000
00000000
00000000
00000000
00000000
00000000
00000000
00000000

231D:
00000000
00011110
00000010
00000010
00000010
00000000
00000000
00000000
00000000
00000000
00000000
00000000
00000000
00000000
00000000
00000000

231E:
00000000
00000000
00000000
00000000
00000000
00000000
00000000
00000000
00000000
00000000
00000000
01000000
01000000
01000000
01111000
00000000

231F:
00000000
00000000
00000000
00000000
00000000
00000000
00000000
00000000
00000000
00000000
00000000
00000010
00000010
00000010
00011110
00000000

2320:
00000000
00000000
00000000
00000000
00000110
00001010
00001000
00001000
00001000
00001000
00001000
00001000
00001000
00001000
00001000
00001000

2321:
00001000
00001000
00001000
00001000
00001000
00001000
00001000
00001000
00001000
00001000
00101000
00110000
00000000
00000000
00000000
00000000

2322:
00000000
00000000
00000000
00000000
00000000
00000000
00000000
00000000
00000000
00111100
01000010
00000000
00000000
00000000
00000000
00000000

2323:
00000000
00000000
00000000
00000000
00000000
00000000
00000000
00000000
01000010
00111100
00000000
00000000
00000000
00000000
00000000
00000000

2324:
00000000
00000000
00000000
00000000
00000000
00000000
00000000
00000000
01110111
00001000
00010100
00100010
00000000
00000000
00000000
00000000

2325:
00000000
00000000
00000000
00000000
00000000
00000000
00000000
00000000
01100111
00010000
00001000
00000111
00000000
00000000
00000000
00000000

2326:
00000000
00000000
00000000
00000000
00000000
00000000
00000000
11111100
10101010
10010001
10101010
11111100
00000000
00000000
00000000
00000000

2327:
00000000
00000000
00000000
00000000
00000000
00000000
00000000
01111111
01010101
01001001
01010101
01111111
00000000
00000000
00000000
00000000

2328:
00000000
00000000
00000000
00000000
00000000
00000000
00000000
01111110
01111110
01111110
00000000
00111100
00000000
00000000
00000000
00000000

2329:
00000000
00000010
00000010
00000100
00000100
00001000
00001000
00010000
00100000
00010000
00001000
00001000
00000100
00000100
00000010
00000010

232A:
00000000
01000000
01000000
00100000
00100000
00010000
00010000
00001000
00000100
00001000
00010000
00010000
00100000
00100000
01000000
01000000

232B:
00000000
00000000
00000000
00000000
00000000
00000000
00000000
00111111
01010101
10001001
01010101
00111111
00000000
00000000
00000000
00000000

232C:
0000000000000000
0000000000000000
0000000010000000
0000000101000000
0000001000100000
0000010010010000
0000100001001000
0000101000101000
0000101000001000
0000101000101000
0000100001001000
0000010010010000
0000001000100000
0000000101000000
0000000010000000
0000000000000000

232D:
0000000000000000
0000000000000000
0000000000000000
0000000000000000
0000000010000001
0000000100000010
0000000111000100
0000001000100100
0000010000011000
0000010000010000
0000110000010000
0001001000100000
0001000111000000
0010000001000000
0100000010000000
0000000000000000

232E:
0000000000000000
0000000000000000
0000000000000000
0000000000000000
0000001111000000
0000010000100000
0000100000010000
0001000000001000
0001000011111110
0001000100001000
0001001000001000
0000101000010000
0000010000100000
0010101111000000
0011000000000000
0011100000000000

232F:
0000000000000000
0000000000000000
0000000000000000
0000000000000000
0000000000000000
0000000000000000
0000111111110000
0000000000000000
0000000000000000
0111111111111110
0000000000000000
0000000000000000
0000111111110000
0000000000000000
0000000000000000
0000000000000000

2330:
0000000000000000
0000010000000010
0000110000000110
0001111000001111
0000100000000100
0001000000001000
0001000000001000
0010000000010000
0010000000010000
0100000000100000
0100000000100000
1000000001000000
1000000001000000
1111111111000000
0000000000000000
0000000000000000

2331:
0000000000000000
0000000000000000
0000000000000000
0001111100000000
0010010010000000
0100010001000000
1000010000100000
1000010000100100
1000011111111111
1000010000100100
1000010000100000
0100010001000000
0010010010000000
0001111100000000
0000000000000000
0000000000000000

2332:
0000000000000000
0000000000000000
0000000000000000
0000000000000000
0000000000000000
0011110000000000
0010001110000000
0010000001110000
0010000000001100
0111111111111110
0010000000001100
0010000001110000
0010001110000000
0011110000000000
0000000000000000
0000000000000000

2333:
0000000000000000
0000000000000000
0000000000000000
0000000000000000
0000000000000000
0000000000000000
0000000000000000
0000000000000000
0110000000000000
0101110000000000
0100001110000000
0100000001110000
0100000000001100
0111111111111110
0000000000000000
0000000000000000

2334:
0000000000000000
0000000000000000
0000000000000000
0000000000000000
0000000000000000
0000000000000000
0100000000000010
0100000000000010
0100000000000010
0100000000000010
0100000000000010
0100000000000010
0100000000000010
0111111111111110
0000000000000000
0000000000000000

2335:
0000000000000000
0000000000000000
0000000000000000
0000000000000000
0000000000000000
0000000000000000
0100000000000001
0010000000000010
0001000000000100
0000100000001000
0000010000010000
0000001000100000
0000000101000000
0000000010000000
0000000000000000
0000000000000000

2336:
00000000
00000000
00000000
00000000
01111111
00001000
00001000
00001000
00001000
00001000
00001000
00001000
00001000
01111111
00000000
00000000

2337:
00000000
00000000
00000000
00000000
00111110
00100010
00100010
00100010
00100010
00100010
00100010
00100010
00100010
00111110
00000000
00000000

2338:
00000000
00000000
00000000
01111111
01000001
01000001
01000001
01111111
01000001
01000001
01111111
01000001
01000001
01111111
00000000
00000000

2339:
00000000
00000000
00000000
01111111
01000001
01001001
01001001
01000001
01111111
01000001
01001001
01001001
01000001
01111111
00000000
00000000

233A:
00000000
00000000
00000000
01111111
01000001
01001001
01010101
01100011
01000001
01100011
01010101
01001001
01000001
01111111
00000000
00000000

233B:
00000000
00000000
00000000
01111111
01000001
01000001
01000001
01001001
01010101
01010101
01001001
01000001
01000001
01111111
00000000
00000000

233C:
00000000
00000000
00000000
01111111
01000001
01000001
01011101
01100011
01000001
01000001
01100011
01011101
01000001
01111111
00000000
00000000

233D:
00000000
00000000
00000000
00001000
00001000
00011100
00101010
01001001
01001001
01001001
00101010
00011100
00001000
00001000
00000000
00000000

233E:
00000000
00000000
00000000
00000000
00000000
00011100
00100010
01001001
01010101
01001001
00100010
00011100
00000000
00000000
00000000
00000000

233F:
00000000
00000000
00000000
00000000
00000010
00000100
00000100
00001000
00001000
11111111
00010000
00100000
00100000
01000000
00000000
00000000

2340:
00000000
00000000
00000000
00000000
01000000
00100000
00100000
00010000
00010000
11111111
00001000
00000100
00000100
00000010
00000000
00000000

2341:
00000000
00000000
00000000
01111111
01000001
01000011
01000101
01000101
01001001
01010001
01010001
01100001
01000001
01111111
00000000
00000000

2342:
00000000
00000000
00000000
01111111
01000001
01100001
01010001
01010001
01001001
01000101
01000101
01000011
01000001
01111111
00000000
00000000

2343:
00000000
00000000
00000000
01111111
01000001
01000001
01000111
01011001
01100001
01011001
01000111
01000001
01000001
01111111
00000000
00000000

2344:
00000000
00000000
00000000
01111111
01000001
01000001
01110001
01001101
01000011
01001101
01110001
01000001
01000001
01111111
00000000
00000000

2345:
00000000
00000000
00000000
00001000
00001000
00001000
00001000
00101000
01111111
00101000
00001000
00001000
00001000
00001000
00000000
00000000

2346:
00000000
00000000
00000000
00001000
00001000
00001000
00001000
00001010
01111111
00001010
00001000
00001000
00001000
00001000
00000000
00000000

2347:
00000000
00000000
00000000
01111111
01000001
01000001
01001001
01010001
01111111
01010001
01001001
01000001
01000001
01111111
00000000
00000000

2348:
00000000
00000000
00000000
01111111
01000001
01000001
01001001
01000101
01111111
01000101
01001001
01000001
01000001
01111111
00000000
00000000

2349:
00000000
00000000
00000000
00000000
00000000
00000000
00000000
01011100
00100010
01010001
01001001
01000101
00100010
00011101
00000000
00000000

234A:
00000000
00000000
00000000
00000000
00001000
00001000
00001000
00001000
00001000
00001000
00001000
01111111
00000000
01111111
00000000
00000000

234B:
00000000
00000000
00000000
00000000
00001000
00001000
00001000
00011100
00011100
00101010
00101010
00111110
00001000
00001000
00000000
00000000

234C:
00000000
00000000
01111111
01000001
01000001
01000001
01000001
01100011
01100011
01010101
01010101
01001001
01000001
01111111
00000000
00000000

234D:
00000000
00000000
01111111
01000001
01000001
01001001
01001001
01010101
01010101
01100011
01100011
01111111
01000001
01111111
00000000
00000000

234E:
00000000
00000000
00000000
00000000
00001000
00001000
00001000
00011100
00101010
00101010
00011100
00001000
00001000
01111111
00000000
00000000

234F:
00000000
00000000
00000000
00000000
00001000
00011100
00101010
00001000
01111111
00001000
00001000
00001000
00001000
00001000
00000000
00000000

2350:
00000000
00000000
01111111
01001001
01011101
01101011
01001001
01001001
01001001
01001001
01001001
01001001
01001001
01111111
00000000
00000000

2351:
00000000
00000000
00000000
00000000
00111110
00000000
00111110
00001000
00001000
00001000
00001000
00001000
00001000
00001000
00000000
00000000

2352:
00000000
00000000
00000000
00000000
00001000
00001000
00111110
00101010
00101010
00011100
00011100
00001000
00001000
00001000
00000000
00000000

2353:
00000000
00000000
01111111
01000001
01001001
01010101
01010101
01100011
01100011
01000001
01000001
01000001
01000001
01111111
00000000
00000000

2354:
00000000
00000000
01111111
01000001
01000001
01111111
01100011
01100011
01010101
01010101
01001001
01001001
01000001
01111111
00000000
00000000

2355:
00000000
00000000
00000000
00000000
01111111
00001000
00001000
00011100
00101010
00101010
00011100
00001000
00001000
00001000
00000000
00000000

2356:
00000000
00000000
00000000
00001000
00001000
00001000
00001000
00001000
00001000
01111111
00001000
00101010
00011100
00001000
00000000
00000000

2357:
00000000
00000000
01111111
01001001
01001001
01001001
01001001
01001001
01001001
01001001
01101011
01011101
01001001
01111111
00000000
00000000

2358:
00000000
00000000
00000000
00000000
00001000
00001000
00001000
00000000
00000000
00000000
00000000
00000000
00000000
00111110
00000000
00000000

2359:
00000000
00000000
00000000
00000000
00000000
00001000
00001000
00010100
00010100
00100010
00100010
00111110
00000000
00111110
00000000
00000000

235A:
00000000
00000000
00000000
00000000
00000000
00001000
00010100
00100010
01000001
00100010
00010100
00001000
00000000
00111110
00000000
00000000

235B:
00000000
00000000
00000000
00000000
00000000
00000000
00000000
00011000
00100100
00100100
00011000
00000000
00000000
00111110
00000000
00000000

235C:
00000000
00000000
00000000
00000000
00000000
00011100
00100010
01000001
01000001
01000001
00100010
00011100
00000000
01111111
00000000
00000000

235D:
00000000
00000000
00000000
00000000
00011100
00100010
01001001
01010101
01001001
01000001
01000001
01000001
01000001
01000001
00000000
00000000

235E:
00000000
00000000
01111111
01000001
01001001
01001001
01001001
01000001
01000001
01000001
01000001
01000001
01000001
01111111
00000000
00000000

235F:
00000000
00000000
00000000
00000000
00011100
00100010
01001001
01111111
01011101
01010101
00100010
00011100
00000000
00000000
00000000
00000000

2360:
00000000
00000000
01111111
01000001
01000001
01001001
01001001
01000001
01000001
01001001
01001001
01000001
01000001
01111111
00000000
00000000

2361:
00000000
00100100
00100100
00000000
01111111
00001000
00001000
00001000
00001000
00001000
00001000
00001000
00001000
00001000
00000000
00000000

2362:
00000000
00100100
00100100
00000000
00000000
00111110
00100010
00100010
00010100
00010100
00001000
00001000
00000000
00000000
00000000
00000000

2363:
00000000
00100100
00100100
00000000
00000000
00001000
00111110
00011100
00010100
00000000
00000000
00000000
00000000
00000000
00000000
00000000

2364:
00000000
00100100
00100100
00000000
00000000
00000000
00000000
00011000
00100100
00100100
00011000
00000000
00000000
00000000
00000000
00000000

2365:
00000000
00100100
00100100
00000000
00000000
00000000
00000000
00011100
00100010
01000001
01000001
01000001
00100010
00011100
00000000
00000000

2366:
00000000
00000000
00000000
00000000
01001001
01001001
01001001
01001001
01001001
01001001
01001001
00101010
00011100
00001000
00000000
00000000

2367:
00000000
00000000
00000000
00001000
00001000
00011111
00101000
01001000
01001000
01001000
00101000
00011111
00001000
00001000
00000000
00000000

2368:
00000000
00100100
00100100
00000000
00000000
00000000
00000000
00110010
01001100
00000000
00000000
00000000
00000000
00000000
00000000
00000000

2369:
00000000
00100100
00100100
00000000
01000000
00100000
00010000
00001000
00000100
00000010
00000100
00001000
00010000
00100000
01000000
00000000

236A:
00000000
00000000
00000000
00000000
00111100
00000000
00000000
00011000
00001000
00001000
00010000
00000000
00000000
00000000
00000000
00000000

236B:
00000000
00000000
00000000
00000000
00000000
00111110
00100010
00100010
00010100
00010100
00111001
01001110
00000000
00000000
00000000
00000000

236C:
00000000
00000000
00000000
00000000
00011100
00100010
00100010
00100010
00110011
01101110
00100010
00100010
00100010
00011100
00000000
00000000

236D:
00000000
00000000
00000000
00000000
00001000
00001000
00001000
00001000
00001000
00111010
01001100
00001000
00001000
00001000
00000000
00000000

236E:
00000000
00000000
00000000
00000000
00011000
00011000
00000000
00000000
00011000
00001000
00001000
00010000
00000000
00111110
00000000
00000000

236F:
00000000
00000000
01111111
01000001
01000011
01000101
01111111
01001001
01111111
01010001
01100001
01000001
01000001
01111111
00000000
00000000

2370:
00000000
00000000
01111111
01000001
01001001
01010101
01010101
01000101
01001001
01001001
01000001
01001001
01000001
01111111
00000000
00000000

2371:
00000000
00000000
00000000
00000000
00110010
01001100
00000000
00100010
00100010
00010100
00010100
00001000
00000000
00000000
00000000
00000000

2372:
00000000
00000000
00000000
00000000
00000000
00110010
01001100
00000000
00001000
00010100
00010100
00100010
00100010
00000000
00000000
00000000

2373:
00000000
00000000
00000000
00000000
00000000
00000000
00000000
00011000
00001000
00001000
00001000
00001000
00001000
00000110
00000000
00000000

2374:
00000000
00000000
00000000
00000000
00000000
00000000
00111100
01000010
01000010
01000010
01000010
01000010
01100010
01011100
01000000
01000000

2375:
00000000
00000000
00000000
00000000
00000000
00000000
00010100
00100010
01001001
01001001
01001001
01001001
01001001
00110110
00000000
00000000

2376:
00000000
00000000
00000000
00000000
00000000
00110010
01001010
01000100
01000100
01000100
01001010
00110010
00000000
01111110
00000000
00000000

2377:
00000000
00000000
00000000
00000000
00000000
00111110
01000000
01000000
01111100
01000000
01000000
00111110
00000000
01111110
00000000
00000000

2378:
00000000
00000000
00000000
00000000
00000000
00011000
00001000
00001000
00001000
00001000
00001000
00000110
00000000
00011110
00000000
00000000

2379:
00000000
00000000
00000000
00000000
00000000
00100010
01000001
01001001
01001001
01001001
01001001
00110110
00000000
01111111
00000000
00000000

237A:
00000000
00000000
00000000
00000000
00000000
00000000
00110010
01001010
01000100
01000100
01000100
01000100
01001010
00110010
00000000
00000000

237B:
0000000000000000
0000000000000000
0000000000000000
0000000000000010
0000000000000100
0000000000001000
0000000000010000
0000000111111100
0000000001000000
0000000010000000
0100000100000000
0010001000000000
0001010000000000
0000100000000000
0000000000000000
0000000000000000

237C:
0000000000000000
0000000000000000
0000101000000000
0000110000000000
0000100000000000
0001100000000000
0010100000000000
0001100000000000
0000100000000000
0000110000000000
0000101000000000
0000110000000000
0100111111111110
0101000000000000
0110000000000000
0111100000000000

237D:
0000000000000000
0000000000000000
0000000000000000
0000000000000000
0000000000000000
0000000000000000
0000000000000000
0000000000000000
0000000000000000
0000000000000000
0111100000111100
0000100000100000
0000100000100000
0000111111100000
0000000000000000
0000000000000000

237E:
0000000000000000
0000000000000000
0000000000000000
0000000000000000
0000001111000000
0000010000100000
0000100000010000
0001000000001000
0001000000001000
0001111111111000
0000010000100000
0000010000100000
0000010000100000
0001110000111000
0000000000000000
0000000000000000

237F:
00000000
00000000
00001000
00001000
00001000
00001000
00001000
00011100
00111110
00011100
00001000
00001000
00001000
00001000
00000000
00000000

2380:
00000000
00000000
00000000
00111000
00000100
00111100
01000100
01000100
00111010
00000000
10000010
01000100
00101000
00010000
00000000
00000000

2381:
0000000000000000
0000000000000000
0000000000000000
0000000000000000
0000000000000000
0000000000000000
0011100000000000
0000010000000000
0011110000000000
0100010000000000
0100010000000000
0011101001010100
0000000000000000
0111111111111100
0000000000000000
0000000000000000

2382:
0000000000000000
0000000000000000
0000000000000000
0000000000000000
0000000000000000
0000000000000000
0011100001110000
0000010000001000
0011110001111000
0100010010001000
0100010010001000
0011101001110100
0000000000000000
0111111011111100
0000000000000000
0000000000000000

2383:
0000000000000000
0000000000000000
0000000000000000
0000000000000000
0100000000000100
0010000000001000
0001001110010000
0000000001000000
0111001111011100
0000010001000000
0001010001010000
0010001110101000
0100000000000100
0000000000000000
0000000000000000
0000000000000000

2384:
0000000000000000
0000000000000000
0000000000000000
0000000000000000
0000000000000000
0000000000000000
0011111111110000
0010000100001000
0010001000000100
0010001000000100
0010001000000100
0010001000000100
0010000100001000
0011111111110000
0000000000000000
0000000000000000

2385:
0000000000000000
0000000000000000
0000000000000000
0000000000000000
0000000100000000
0000000100000000
0001110101110000
0001000100010000
0001000100010000
0001000100010000
0001000100010000
0001000100010000
0001000100010000
0001110101110000
0000000100000000
0000000100000000

2386:
0000000000000000
0000000100000000
0000001010000000
0000010001000000
0000100000100000
0001001000010000
0000001100001000
0111111010000100
0100000001000010
0111111010000100
0000001100001000
0001001000010000
0000100000100000
0000010001000000
0000001010000000
0000000100000000

2387:
0000000000000000
0000000000000000
0000000000000000
0000000000000000
0000000000000000
0000000000000000
0000000000000000
0000000000100000
0000000000110000
0000000011101000
0000000100110000
0000001000100000
0000010000000000
0111100011111110
0000000000000000
0000000000000000

2388:
0000000000000000
0000000100000000
0000000100000000
0010001110001000
0001110101110000
0001100100110000
0001010101010000
0010001110001000
0010001110001000
0001010101010000
0001100100110000
0001110101110000
0010001110001000
0000000100000000
0000000100000000
0000000000000000

2389:
0000000000000000
0000000000000000
0000111110000000
0011000001100000
0100000000010000
0100000000010000
1000000000001000
1000000000001000
1111000001111000
1000100010001000
1000100010001000
0100010100010000
0100010100010000
0011001001100000
0000111110000000
0000000000000000

238A:
0000000000000000
0000000000000000
0000111110000000
0011000001100000
0100000000010000
0111111111110000
1010000000101000
1001000001001000
1001000001001000
1000100010001000
1000100010001000
0100010100010000
0100010100010000
0011001001100000
0000111110000000
0000000000000000

238B:
0000000000000000
0000000000000000
0000000110000000
0111110001100000
0100100000010000
0101000000010000
0110100000001000
0100010000001000
0000001000001000
1000000100001000
1000000010001000
0100000001010000
0100000000010000
0011000001100000
0000111110000000
0000000000000000

238C:
0000000000000000
0000000000000000
0000000000000000
0000000000000000
0000011111100000
0000100000010000
0001000000001000
0111110000001000
0010100000001000
0001000000001000
0011100000011100
0100010000100010
0100010000100010
0011100000011100
0000000000000000
0000000000000000

238D:
0000000000000000
0000000000000000
0000000000000000
0000000000000000
0000011111100000
0000010000100000
0000010000100000
0000010000100000
0000010000100000
0000010000100000
0000010000100000
0000010000100000
0000010000100000
0011110000111100
0000000000000000
0000000000000000

238E:
0000000000000000
0000000000000000
0000000000000000
0000000000000000
0000000111111100
0000001000010000
0000010000100000
0000010000100000
0000010000100000
0000010000100000
0000010000100000
0000010000100000
0000100001000000
0011111110000000
0000000000000000
0000000000000000

238F:
0000000000000000
0000000000000000
0000000000000000
0000000000000000
0000000000000000
0001111111110000
0000001010000000
0000010001000000
0000100000100000
0001000000010000
0000100000100000
0000010001000000
0000001010000000
0000000100000000
0000000000000000
0000000000000000

2390:
0000000000000000
0000000000000000
0000000000000000
0000000000000000
0000000000000000
0000000100000000
0000001010000000
0000010001000000
0000100000100000
0001000000010000
0000100000100000
0000010001000000
0000001010000000
0001111111110000
0000000000000000
0000000000000000

2391:
0000000000000000
0000000000000000
0000000000000000
0000000000000000
0000000000000000
0001111111110000
0000001010000000
0000010001000000
0000100000100000
0001111111110000
0000100000100000
0000010001000000
0000001010000000
0000000100000000
0000000000000000
0000000000000000

2392:
0000000000000000
0000000000000000
0000000000000000
0000000000000000
0000000000000000
0000000100000000
0000001010000000
0000010001000000
0000100000100000
0001111111110000
0000100000100000
0000010001000000
0000001010000000
0001111111110000
0000000000000000
0000000000000000

2393:
0000000000000000
0000000000000000
0000000000000000
0000000000000000
0000000000000000
0000000000000000
0000000000000000
0000000000000000
0111111111111100
0000000000000000
0111001110011100
0000000000000000
0000000000000000
0000000000000000
0000000000000000
0000000000000000

2394:
0000000000000000
0000000000000000
0000000000000000
0000000000000000
0000000000000000
0000011111100000
0000100000010000
0001000000001000
0010000000000100
0100000000000010
0010000000000100
0001000000001000
0000100000010000
0000011111100000
0000000000000000
0000000000000000

2395:
00000000
00000000
01111111
01000001
01000001
01000001
01000001
01000001
01000001
01000001
01000001
01000001
01000001
01111111
00000000
00000000

2396:
00000000
00000000
00000000
00000000
00000000
00000000
01111100
01111100
01111000
01111000
01110000
01110000
01100000
01100000
01000000
00000000

2397:
0000000000000000
0110110110110000
0100000000010000
0100111111111100
0100100000000100
0100101000000100
0100111000000100
0100101111100100
0101000000100100
0100101111100100
0100111000000100
0111101000000100
0000100000000100
0000111111111100
0000000000000000
0000000000000000

2398:
0000000000000000
0111111111110000
0100000000010000
0100111011011100
0100100000000100
0100100100000100
0100100110000100
0101111101000000
0101000000100100
0101111101000100
0100100110000000
0111100100000100
0000100000000100
0000110011011100
0000000000000000
0000000000000000

2399:
0000000000000000
0000000111100000
0000001100100000
0000010100100000
0000111100100000
0000100000100000
0011100000111000
0100100000100100
1000100000100010
1000100000100010
1000111111100010
1000000000000010
0100000000000100
0011111111111000
0000000000000000
0000000000000000

239A:
0000000000000000
0000000000000000
0000000000000000
0000000000000000
0000000000000000
0001111111110000
0010000000101000
0100001001000100
0100010010010100
0100100100100100
0101001001000100
0100010010000100
0010100000001000
0001111111110000
0000000000000000
0000000000000000

239B:
00000000
00001110
00011000
00110000
00110000
00110000
00110000
00110000
00110000
00110000
00110000
00110000
00110000
00110000
00110000
00110000

239C:
00110000
00110000
00110000
00110000
00110000
00110000
00110000
00110000
00110000
00110000
00110000
00110000
00110000
00110000
00110000
00110000

239D:
00110000
00110000
00110000
00110000
00110000
00110000
00110000
00110000
00110000
00110000
00110000
00110000
00110000
00110000
00011000
00001110

239E:
00000000
01110000
00011000
00001100
00001100
00001100
00001100
00001100
00001100
00001100
00001100
00001100
00001100
00001100
00001100
00001100

239F:
00001100
00001100
00001100
00001100
00001100
00001100
00001100
00001100
00001100
00001100
00001100
00001100
00001100
00001100
00001100
00001100

23A0:
00001100
00001100
00001100
00001100
00001100
00001100
00001100
00001100
00001100
00001100
00001100
00001100
00001100
00001100
00011000
01110000

23A1:
00000000
00111110
00110000
00110000
00110000
00110000
00110000
00110000
00110000
00110000
00110000
00110000
00110000
00110000
00110000
00110000

23A2:
00110000
00110000
00110000
00110000
00110000
00110000
00110000
00110000
00110000
00110000
00110000
00110000
00110000
00110000
00110000
00110000

23A3:
00110000
00110000
00110000
00110000
00110000
00110000
00110000
00110000
00110000
00110000
00110000
00110000
00110000
00110000
00110000
00111110

23A4:
00000000
01111100
00001100
00001100
00001100
00001100
00001100
00001100
00001100
00001100
00001100
00001100
00001100
00001100
00001100
00001100

23A5:
00001100
00001100
00001100
00001100
00001100
00001100
00001100
00001100
00001100
00001100
00001100
00001100
00001100
00001100
00001100
00001100

23A6:
00001100
00001100
00001100
00001100
00001100
00001100
00001100
00001100
00001100
00001100
00001100
00001100
00001100
00001100
00001100
01111100

23A7:
00000000
00000110
00001100
00011000
00011000
00011000
00011000
00011000
00011000
00011000
00011000
00011000
00011000
00011000
00011000
00011000

23A8:
00011000
00011000
00011000
00011000
00011000
00011000
00010000
00100000
01000000
00100000
00010000
00011000
00011000
00011000
00011000
00011000

23A9:
00011000
00011000
00011000
00011000
00011000
00011000
00011000
00011000
00011000
00011000
00011000
00011000
00011000
00011000
00001100
00000110

23AA:
00011000
00011000
00011000
00011000
00011000
00011000
00011000
00011000
00011000
00011000
00011000
00011000
00011000
00011000
00011000
00011000

23AB:
00000000
01100000
00110000
00011000
00011000
00011000
00011000
00011000
00011000
00011000
00011000
00011000
00011000
00011000
00011000
00011000

23AC:
00011000
00011000
00011000
00011000
00011000
00011000
00001000
00000100
00000010
00000100
00001000
00011000
00011000
00011000
00011000
00011000

23AD:
00011000
00011000
00011000
00011000
00011000
00011000
00011000
00011000
00011000
00011000
00011000
00011000
00011000
00011000
00110000
01100000

23AE:
00001000
00001000
00001000
00001000
00001000
00001000
00001000
00001000
00001000
00001000
00001000
00001000
00001000
00001000
00001000
00001000

23AF:
00000000
00000000
00000000
00000000
00000000
00000000
00000000
00000000
00000000
11111111
00000000
00000000
00000000
00000000
00000000
00000000

23B0:
00000110
00001100
00011000
00011000
00011000
00011000
00011000
00011000
00011000
00011000
00011000
00011000
00011000
00011000
00110000
01100000

23B1:
01100000
00110000
00011000
00011000
00011000
00011000
00011000
00011000
00011000
00011000
00011000
00011000
00011000
00011000
00001100
00000110

23B2:
0000000000000000
0000000000000000
0000000000000000
0000000000000000
0111111111111110
0011000000001110
0011000000000110
0001100000000010
0001100000000000
0000110000000000
0000110000000000
0000011000000000
0000011000000000
0000001100000000
0000001100000000
0000000110000000

23B3:
0000000110000000
0000001100000000
0000001100000000
0000011000000000
0000011000000000
0000110000000000
0000110000000000
0001100000000000
0001100000000010
0011000000000110
0011000000001110
0111111111111110
0000000000000000
0000000000000000
0000000000000000
0000000000000000

23B4:
0000000000000000
0000000000000000
0000000000000000
0000000000000000
0111111111111110
0100000000000010
0100000000000010
0000000000000000
0000000000000000
0000000000000000
0000000000000000
0000000000000000
0000000000000000
0000000000000000
0000000000000000
0000000000000000

23B5:
0000000000000000
0000000000000000
0000000000000000
0000000000000000
0000000000000000
0000000000000000
0000000000000000
0000000000000000
0000000000000000
0000000000000000
0000000000000000
0000000000000000
0000000000000000
0100000000000010
0100000000000010
0111111111111110

23B6:
0000000000000000
0000000000000000
0000000000000000
0000000000000000
0000000000000000
0000000000000000
0100000000000010
0100000000000010
0111111111111110
0000000000000000
0111111111111110
0100000000000010
0100000000000010
0000000000000000
0000000000000000
0000000000000000

23B7:
00001000
00001000
00001000
00001000
00001000
00001000
00001000
00001000
01101000
00101000
00101000
00011000
00011000
00001000
00001000
00000000

23B8:
10000000
10000000
10000000
10000000
10000000
10000000
10000000
10000000
10000000
10000000
10000000
10000000
10000000
10000000
10000000
10000000

23B9:
00000001
00000001
00000001
00000001
00000001
00000001
00000001
00000001
00000001
00000001
00000001
00000001
00000001
00000001
00000001
00000001

23BA:
11111111
00000000
00000000
00000000
00000000
00000000
00000000
00000000
00000000
00000000
00000000
00000000
00000000
00000000
00000000
00000000

23BB:
00000000
00000000
00000000
00000000
11111111
00000000
00000000
00000000
00000000
00000000
00000000
00000000
00000000
00000000
00000000
00000000

23BC:
00000000
00000000
00000000
00000000
00000000
00000000
00000000
00000000
00000000
00000000
00000000
11111111
00000000
00000000
00000000
00000000

23BD:
00000000
00000000
00000000
00000000
00000000
00000000
00000000
00000000
00000000
00000000
00000000
00000000
00000000
00000000
00000000
11111111

23BE:
00000000
00111111
00100000
00100000
00100000
00100000
00100000
00100000
00100000
00100000
00100000
00100000
00100000
00100000
00100000
00000000

23BF:
00000000
00100000
00100000
00100000
00100000
00100000
00100000
00100000
00100000
00100000
00100000
00100000
00100000
00100000
00111111
00000000

23C0:
0000000000000000
0000000100000000
0000000100000000
0000001110000000
0000110101100000
0001000100010000
0001000100010000
0010000100001000
0010000100001000
0001000100010000
0001000100010000
0000110101100000
0000001110000000
0000000100000000
0000000100000000
0000000000000000

23C1:
0000000000000000
1111111111111111
0000000100000000
0000001110000000
0000110101100000
0001000100010000
0001000100010000
0010000100001000
0010000100001000
0001000100010000
0001000100010000
0000110101100000
0000001110000000
0000000100000000
0000000100000000
0000000000000000

23C2:
0000000000000000
0000000100000000
0000000100000000
0000001110000000
0000110101100000
0001000100010000
0001000100010000
0010000100001000
0010000100001000
0001000100010000
0001000100010000
0000110101100000
0000001110000000
0000000100000000
1111111111111111
0000000000000000

23C3:
0000000000000000
0000000100000000
0000000100000000
0000001110000000
0000001110000000
0000010101000000
0000010101000000
0000100100100000
0000100100100000
0001000100010000
0001000100010000
0010000100001000
0011111111111000
0000000100000000
0000000100000000
0000000000000000

23C4:
0000000000000000
1111111111111111
0000000100000000
0000001110000000
0000001110000000
0000010101000000
0000010101000000
0000100100100000
0000100100100000
0001000100010000
0001000100010000
0010000100001000
0011111111111000
0000000100000000
0000000100000000
0000000000000000

23C5:
0000000000000000
0000000100000000
0000000100000000
0000001110000000
0000001110000000
0000010101000000
0000010101000000
0000100100100000
0000100100100000
0001000100010000
0001000100010000
0010000100001000
0011111111111000
0000000100000000
1111111111111111
0000000000000000

23C6:
0000000000000000
0000000100000000
0000000100000000
0000000100000000
0000000100000000
0000000100000000
0001110100000000
0010001100000000
0000000110001000
0000000101110000
0000000100000000
0000000100000000
0000000100000000
0000000100000000
0000000100000000
0000000000000000

23C7:
0000000000000000
1111111111111111
0000000100000000
0000000100000000
0000000100000000
0000000100000000
0001110100000000
0010001100000000
0000000110001000
0000000101110000
0000000100000000
0000000100000000
0000000100000000
0000000100000000
0000000100000000
0000000000000000

23C8:
0000000000000000
0000000100000000
0000000100000000
0000000100000000
0000000100000000
0000000100000000
0001110100000000
0010001100000000
0000000110001000
0000000101110000
0000000100000000
0000000100000000
0000000100000000
0000000100000000
1111111111111111
0000000000000000

23C9:
0000000000000000
1111111111111111
0000000100000000
0000000100000000
0000000100000000
0000000100000000
0000000100000000
0000000100000000
0000000100000000
0000000100000000
0000000100000000
0000000100000000
0000000100000000
0000000100000000
0000000100000000
0000000000000000

23CA:
0000000000000000
0000000100000000
0000000100000000
0000000100000000
0000000100000000
0000000100000000
0000000100000000
0000000100000000
0000000100000000
0000000100000000
0000000100000000
0000000100000000
0000000100000000
0000000100000000
1111111111111111
0000000000000000

23CB:
00000000
11111100
00000100
00000100
00000100
00000100
00000100
00000100
00000100
00000100
00000100
00000100
00000100
00000100
00000100
00000000

23CC:
00000000
00000100
00000100
00000100
00000100
00000100
00000100
00000100
00000100
00000100
00000100
00000100
00000100
00000100
11111100
00000000

23CD:
0000000000000000
0000000010000000
0111100100111100
0100001000000100
0100010000000100
0100000000000100
0100000000000100
0100000000000100
0100000000000100
0100000000000100
0100000000000100
0100000000000100
0100000000000100
0111111111111100
0000000000000000
0000000000000000

23CE:
0000000000000000
0000000000000000
0000000000111110
0000000000100010
0000000000100010
0000000000100010
0000010000100010
0000110001000010
0001011110000010
0010000000000010
0100000000000100
0010000000001000
0001011111110000
0000110000000000
0000010000000000
0000000000000000

23CF:
00000000
00000000
00000000
00000000
00000000
00000000
00010000
00111000
01111100
11111110
00000000
11111110
11111110
11111110
00000000
00000000

23D0:
00001000
00001000
00001000
00001000
00001000
00001000
00001000
00001000
00001000
00001000
00001000
00001000
00001000
00001000
00001000
00001000

23D1:
00000000
00000000
00000000
00000000
00000000
00000000
00000000
00000000
10000010
01000100
00111000
00000000
00000000
00000000
00000000
00000000

23D2:
00000000
00000000
00000000
00000000
00000000
00000000
11111110
00000000
10000010
01000100
00111000
00000000
00000000
00000000
00000000
00000000

23D3:
00000000
00000000
00000000
00000000
00000000
00000000
00000000
00000000
10000010
01000100
00111000
00000000
11111110
00000000
00000000
00000000

23D4:
0000000000000000
0000000000000000
0000000000000000
0000000000000000
0000000000000000
0000000000000000
1111111111111110
0000000000000000
1000001010000010
0100010001000100
0011100000111000
0000000000000000
0000000000000000
0000000000000000
0000000000000000
0000000000000000

23D5:
0000000000000000
0000000000000000
0000000000000000
0000000000000000
0000000000000000
0000000000000000
0000000000000000
0000000000000000
1000001010000010
0100010001000100
0011100000111000
0000000000000000
1111111111111110
0000000000000000
0000000000000000
0000000000000000

23D6:
0000000000000000
0000000000000000
0000000000000000
0000000000000000
0000000000000000
0000000000000000
0000000000000000
0000000000000000
0100000110000010
0010001001000100
0001110000111000
0000000000000000
0000000000000000
0000000000000000
0000000000000000
0000000000000000

23D7:
0000000000000000
0000000000000000
0000000000000000
0000000000000000
0000000000000010
0000000000000010
0000000000000010
0000000000000010
0000000000000010
0111111111111110
0000000000000000
0000000000000000
0000000000000000
0000000000000000
0000000000000000
0000000000000000

23D8:
0000000000000000
0000000000000000
0000000000000000
0000000000000000
0100000000000010
0100000000000010
0100000000000010
0100000000000010
0100000000000010
0111111111111110
0000000000000000
0000000000000000
0000000000000000
0000000000000000
0000000000000000
0000000000000000

23D9:
0000000000000000
0000000000000000
0000000000000000
0000000000000000
0100000100000010
0100000100000010
0100000100000010
0100000100000010
0100000100000010
0111111111111110
0000000000000000
0000000000000000
0000000000000000
0000000000000000
0000000000000000
0000000000000000

23DA:
00001000
00001000
00001000
00001000
00001000
00001000
00001000
00001000
00001000
00001000
00001000
01111111
00000000
00011100
00000000
00001000

23DB:
0000000000000000
0000000000000000
0000000000000000
0000000000000000
0000000000000000
0000000000000000
0001111111111000
0001000000001000
0001000000001000
1111111111111111
0001000000001000
0001000000001000
0001111111111000
0000000000000000
0000000000000000
0000000000000000

23DC:
0000000000000000
0000000000000000
0000000000000000
0000000000000000
0000000000000000
0000000000000000
0000000000000000
0000000000000000
0000000000000000
0000000000000000
0000011111100000
0011100000011100
0100000000000010
1000000000000001
0000000000000000
0000000000000000

23DD:
0000000000000000
0000000000000000
1000000000000001
0100000000000010
0011100000011100
0000011111100000
0000000000000000
0000000000000000
0000000000000000
0000000000000000
0000000000000000
0000000000000000
0000000000000000
0000000000000000
0000000000000000
0000000000000000

23DE:
0000000000000000
0000000000000000
0000000000000000
0000000000000000
0000000000000000
0000000000000000
0000000000000000
0000000000000000
0000000000000000
0000000100000000
0000001010000000
0011110001111000
0100000000000100
1000000000000010
0000000000000000
0000000000000000

23DF:
0000000000000000
0000000000000000
1000000000000010
0100000000000100
0011110001111000
0000001010000000
0000000100000000
0000000000000000
0000000000000000
0000000000000000
0000000000000000
0000000000000000
0000000000000000
0000000000000000
0000000000000000
0000000000000000

23E0:
0000000000000000
0000000000000000
0000000000000000
0000000000000000
0000000000000000
0000000000000000
0000000000000000
0000000000000000
0000000000000000
0000000000000000
0000111111110000
0001000000001000
0010000000000100
0100000000000010
0000000000000000
0000000000000000

23E1:
0000000000000000
0000000000000000
0100000000000010
0010000000000100
0001000000001000
0000111111110000
0000000000000000
0000000000000000
0000000000000000
0000000000000000
0000000000000000
0000000000000000
0000000000000000
0000000000000000
0000000000000000
0000000000000000

23E2:
0000000000000000
0000000000000000
0000000000000000
0000000000000000
0000000000000000
0111111111000000
0100000000100000
0100000000100000
0100000000010000
0100000000010000
0100000000001000
0100000000001000
0100000000000100
0111111111111100
0000000000000000
0000000000000000

23E3:
0000000000000000
0000000000000000
0000000010000000
0000000101000000
0000001000100000
0000010000010000
0000100111001000
0000101000101000
0000101000101000
0000101000101000
0000100111001000
0000010000010000
0000001000100000
0000000101000000
0000000010000000
0000000000000000

23E4:
0000000000000000
0000000000000000
0000000000000000
0000000000000000
0000000000000000
0000000000000000
0000000000000000
0000000000000000
0000000000000000
0111111111111110
0000000000000000
0000000000000000
0000000000000000
0000000000000000
0000000000000000
0000000000000000

23E5:
0000000000000000
0000000000000000
0000000000000000
0000000000000000
0000000000000000
0000000000000000
0000000000000000
0000000000000000
0000111111111100
0001000000001000
0001000000001000
0010000000010000
0010000000010000
0111111111100000
0000000000000000
0000000000000000

23E6:
0000000000000000
0000000000000000
0000000000000000
0000000000000000
0000000000000000
0000000000000000
0001100000000000
0010010000000000
0100001000000000
0111111111111100
0000000010000100
0000000001001000
0000000000110000
0000000000000000
0000000000000000
0000000000000000

23E7:
0000000000000000
0000000000000000
0010010000000000
0010010000000000
0010001000000000
0010001000000110
1010100100011000
0111000110100000
0010000111000000
0000001111100000
0000000111000000
0000001010100000
0000010000010000
0000100000001000
0001000000000100
0000000000000000

23E8:
00000000
00000000
00000000
00000000
00000000
00000000
00000000
00000000
00100100
01101010
00101010
00101010
00101010
00100100
00000000
00000000

23E9:
0000000000000000
0000000000000000
0000000000000000
0000000000000000
0000000000000000
0010000010000000
0011000011000000
0011100011100000
0011110011110000
0011111011111000
0011110011110000
0011100011100000
0011000011000000
0010000010000000
0000000000000000
0000000000000000

23EA:
0000000000000000
0000000000000000
0000000000000000
0000000000000000
0000000000000000
0000001000001000
0000011000011000
0000111000111000
0001111001111000
0011111011111000
0001111001111000
0000111000111000
0000011000011000
0000001000001000
0000000000000000
0000000000000000

23EB:
0000000000000000
0000000000000000
0000000000000000
0000000000000000
0000000100000000
0000001110000000
0000011111000000
0000111111100000
0001111111110000
0000000000000000
0000000100000000
0000001110000000
0000011111000000
0000111111100000
0001111111110000
0000000000000000

23EC:
0000000000000000
0000000000000000
0000000000000000
0000000000000000
0001111111110000
0000111111100000
0000011111000000
0000001110000000
0000000100000000
0000000000000000
0001111111110000
0000111111100000
0000011111000000
0000001110000000
0000000100000000
0000000000000000

23ED:
0000000000000000
0000000000000000
0000000000000000
0000000000000000
0000000000000000
0100000100000100
0110000110000100
0111000111000100
0111100111100100
0111110111110100
0111100111100100
0111000111000100
0110000110000100
0100000100000100
0000000000000000
0000000000000000

23EE:
0000000000000000
0000000000000000
0000000000000000
0000000000000000
0000000000000000
0100000100000100
0100001100001100
0100011100011100
0100111100111100
0101111101111100
0100111100111100
0100011100011100
0100001100001100
0100000100000100
0000000000000000
0000000000000000

23EF:
0000000000000000
0000000000000000
0000000000000000
0000000000000000
0000000000000000
0001000001001000
0001100001001000
0001110001001000
0001111001001000
0001111101001000
0001111001001000
0001110001001000
0001100001001000
0001000001001000
0000000000000000
0000000000000000

23F0:
0000000000000000
0000000100000000
0001100100110000
0011011111011000
0010100000101000
0001000100010000
0010000100001000
0010000100001000
0010000100001000
0010001000001000
0010010000001000
0001000000010000
0000100000100000
0000111111100000
0001110001110000
0000000000000000

23F1:
0000000000000000
0000001100000000
0000001100000000
0000011111011000
0000100000111000
0001000100010000
0010000100001000
0010000100001000
0010000100001000
0010000000001000
0010000000001000
0001000000010000
0000100000100000
0000011111000000
0000000000000000
0000000000000000

23F2:
0000000000000000
0000000000000000
0000000000000000
0000011111000000
0000100000100000
0001000000010000
0010010000001000
0010001000001000
0010000100001000
0010000000001000
0010000000001000
0001000000010000
0000100000100000
0000011111000000
0000000000000000
0000000000000000

23F3:
0000000000000000
0000000000000000
0111111111111100
0001000000010000
0001000000010000
0001001010010000
0000110101100000
0000011011000000
0000001010000000
0000011011000000
0000100000100000
0001000100010000
0001101010110000
0001010101010000
0111111111111100
0000000000000000

23F4:
0000000000000000
0000000000000000
0000000000000000
0000000000000000
0000000001000000
0000000011000000
0000000111000000
0000001111000000
0000011111000000
0000111111000000
0000011111000000
0000001111000000
0000000111000000
0000000011000000
0000000001000000
0000000000000000

23F5:
0000000000000000
0000000000000000
0000000000000000
0000000000000000
0000100000000000
0000110000000000
0000111000000000
0000111100000000
0000111110000000
0000111111000000
0000111110000000
0000111100000000
0000111000000000
0000110000000000
0000100000000000
0000000000000000

23F6:
0000000000000000
0000000000000000
0000000000000000
0000000000000000
0000000000000000
0000000000000000
0000000100000000
0000001110000000
0000011111000000
0000111111100000
0001111111110000
0011111111111000
0000000000000000
0000000000000000
0000000000000000
0000000000000000

23F7:
0000000000000000
0000000000000000
0000000000000000
0000000000000000
0000000000000000
0000000000000000
0011111111111000
0001111111110000
0000111111100000
0000011111000000
0000001110000000
0000000100000000
0000000000000000
0000000000000000
0000000000000000
0000000000000000

23F8:
0000000000000000
0000000000000000
0000000000000000
0000011001100000
0000011001100000
0000011001100000
0000011001100000
0000011001100000
0000011001100000
0000011001100000
0000011001100000
0000011001100000
0000011001100000
0000011001100000
0000000000000000
0000000000000000

23F9:
0000000000000000
0000000000000000
0000000000000000
0000000000000000
0001111111111000
0001111111111000
0001111111111000
0001111111111000
0001111111111000
0001111111111000
0001111111111000
0001111111111000
0001111111111000
0001111111111000
0000000000000000
0000000000000000

23FA:
0000000000000000
0000000000000000
0000000000000000
0000000000000000
0000011111100000
0000111111110000
0001111111111000
0001111111111000
0001111111111000
0001111111111000
0001111111111000
0001111111111000
0000111111110000
0000011111100000
0000000000000000
0000000000000000

23FB:
0000000110000000
0000000110000000
0000000110000000
0000000110000000
0001100110011000
0011100110011100
0011000110001100
0111000110001110
0110000110000110
0110000110000110
0111000000001110
0011000000001100
0011100000011100
0001111111111000
0000111111110000
0000001111000000

23FC:
0000000000000000
0000011111100000
0001111111111000
0011110000111100
0111100000011110
0111000110001110
0110000110000110
0110000110000110
0110000110000110
0110000110000110
0110000110000110
0111000110001110
0011100000011100
0001111111111000
0000111111110000
0000001111000000

23FD:
0000000110000000
0000001111000000
0000001111000000
0000001111000000
0000001111000000
0000001111000000
0000001111000000
0000001111000000
0000001111000000
0000001111000000
0000001111000000
0000001111000000
0000001111000000
0000001111000000
0000001111000000
0000000110000000

23FE:
0000010000000000
0000100000000000
0001100000000000
0011100000000000
0011100000000000
0111100000000000
0111100000000000
0111100000000000
0111100000000000
0111110000000000
0011110000000000
0011111000000000
0001111100000000
0000111110000000
0000011111100000
0000000111110000

23FF:
0000000000000000
0000000000000000
0000000000000000
0000000000011100
0000000001111000
0000000110010100
0000011000100100
0001100000100010
0110000000100010
0001100000100010
0000011000100100
0000000110010100
0000000001111000
0000000000011100
0000000000000000
0000000000000000

2500:
00000000
00000000
00000000
00000000
00000000
00000000
00000000
11111111
00000000
00000000
00000000
00000000
00000000
00000000
00000000
00000000

2501:
00000000
00000000
00000000
00000000
00000000
00000000
00000000
11111111
11111111
00000000
00000000
00000000
00000000
00000000
00000000
00000000

2502:
00001000
00001000
00001000
00001000
00001000
00001000
00001000
00001000
00001000
00001000
00001000
00001000
00001000
00001000
00001000
00001000

2503:
00011000
00011000
00011000
00011000
00011000
00011000
00011000
00011000
00011000
00011000
00011000
00011000
00011000
00011000
00011000
00011000

2504:
00000000
00000000
00000000
00000000
00000000
00000000
00000000
11011011
00000000
00000000
00000000
00000000
00000000
00000000
00000000
00000000

2505:
00000000
00000000
00000000
00000000
00000000
00000000
00000000
11011011
11011011
00000000
00000000
00000000
00000000
00000000
00000000
00000000

2506:
00001000
00001000
00001000
00001000
00000000
00000000
00001000
00001000
00001000
00001000
00000000
00000000
00001000
00001000
00001000
00001000

2507:
00011000
00011000
00011000
00011000
00000000
00000000
00011000
00011000
00011000
00011000
00000000
00000000
00011000
00011000
00011000
00011000

2508:
00000000
00000000
00000000
00000000
00000000
00000000
00000000
10101010
00000000
00000000
00000000
00000000
00000000
00000000
00000000
00000000

2509:
00000000
00000000
00000000
00000000
00000000
00000000
00000000
10101010
10101010
00000000
00000000
00000000
00000000
00000000
00000000
00000000

250A:
00001000
00001000
00001000
00000000
00001000
00001000
00001000
00000000
00001000
00001000
00001000
00000000
00001000
00001000
00001000
00000000

250B:
00011000
00011000
00011000
00000000
00011000
00011000
00011000
00000000
00011000
00011000
00011000
00000000
00011000
00011000
00011000
00000000

250C:
00000000
00000000
00000000
00000000
00000000
00000000
00000000
00001111
00001000
00001000
00001000
00001000
00001000
00001000
00001000
00001000

250D:
00000000
00000000
00000000
00000000
00000000
00000000
00000000
00001111
00001111
00001000
00001000
00001000
00001000
00001000
00001000
00001000

250E:
00000000
00000000
00000000
00000000
00000000
00000000
00000000
00011111
00011000
00011000
00011000
00011000
00011000
00011000
00011000
00011000

250F:
00000000
00000000
00000000
00000000
00000000
00000000
00000000
00011111
00011111
00011000
00011000
00011000
00011000
00011000
00011000
00011000

2510:
00000000
00000000
00000000
00000000
00000000
00000000
00000000
11111000
00001000
00001000
00001000
00001000
00001000
00001000
00001000
00001000

2511:
00000000
00000000
00000000
00000000
00000000
00000000
00000000
11111000
11111000
00001000
00001000
00001000
00001000
00001000
00001000
00001000

2512:
00000000
00000000
00000000
00000000
00000000
00000000
00000000
11111000
00011000
00011000
00011000
00011000
00011000
00011000
00011000
00011000

2513:
00000000
00000000
00000000
00000000
00000000
00000000
00000000
11111000
11111000
00011000
00011000
00011000
00011000
00011000
00011000
00011000

2514:
00001000
00001000
00001000
00001000
00001000
00001000
00001000
00001111
00000000
00000000
00000000
00000000
00000000
00000000
00000000
00000000

2515:
00001000
00001000
00001000
00001000
00001000
00001000
00001000
00001111
00001111
00000000
00000000
00000000
00000000
00000000
00000000
00000000

2516:
00011000
00011000
00011000
00011000
00011000
00011000
00011000
00011111
00000000
00000000
00000000
00000000
00000000
00000000
00000000
00000000

2517:
00011000
00011000
00011000
00011000
00011000
00011000
00011000
00011111
00011111
00000000
00000000
00000000
00000000
00000000
00000000
00000000

2518:
00001000
00001000
00001000
00001000
00001000
00001000
00001000
11111000
00000000
00000000
00000000
00000000
00000000
00000000
00000000
00000000

2519:
00001000
00001000
00001000
00001000
00001000
00001000
00001000
11111000
11111000
00000000
00000000
00000000
00000000
00000000
00000000
00000000

251A:
00011000
00011000
00011000
00011000
00011000
00011000
00011000
11111000
00000000
00000000
00000000
00000000
00000000
00000000
00000000
00000000

251B:
00011000
00011000
00011000
00011000
00011000
00011000
00011000
11111000
11111000
00000000
00000000
00000000
00000000
00000000
00000000
00000000

251C:
00001000
00001000
00001000
00001000
00001000
00001000
00001000
00001111
00001000
00001000
00001000
00001000
00001000
00001000
00001000
00001000

251D:
00001000
00001000
00001000
00001000
00001000
00001000
00001000
00001111
00001111
00001000
00001000
00001000
00001000
00001000
00001000
00001000

251E:
00011000
00011000
00011000
00011000
00011000
00011000
00011000
00011111
00001000
00001000
00001000
00001000
00001000
00001000
00001000
00001000

251F:
00001000
00001000
00001000
00001000
00001000
00001000
00001000
00011111
00011000
00011000
00011000
00011000
00011000
00011000
00011000
00011000

2520:
00011000
00011000
00011000
00011000
00011000
00011000
00011000
00011111
00011000
00011000
00011000
00011000
00011000
00011000
00011000
00011000

2521:
00011000
00011000
00011000
00011000
00011000
00011000
00011000
00011111
00011111
00001000
00001000
00001000
00001000
00001000
00001000
00001000

2522:
00001000
00001000
00001000
00001000
00001000
00001000
00001000
00011111
00011111
00011000
00011000
00011000
00011000
00011000
00011000
00011000

2523:
00011000
00011000
00011000
00011000
00011000
00011000
00011000
00011111
00011111
00011000
00011000
00011000
00011000
00011000
00011000
00011000

2524:
00001000
00001000
00001000
00001000
00001000
00001000
00001000
11111000
00001000
00001000
00001000
00001000
00001000
00001000
00001000
00001000

2525:
00001000
00001000
00001000
00001000
00001000
00001000
00001000
11111000
11111000
00001000
00001000
00001000
00001000
00001000
00001000
00001000

2526:
00011000
00011000
00011000
00011000
00011000
00011000
00011000
11111000
00001000
00001000
00001000
00001000
00001000
00001000
00001000
00001000

2527:
00001000
00001000
00001000
00001000
00001000
00001000
00001000
11111000
00011000
00011000
00011000
00011000
00011000
00011000
00011000
00011000

2528:
00011000
00011000
00011000
00011000
00011000
00011000
00011000
11111000
00011000
00011000
00011000
00011000
00011000
00011000
00011000
00011000

2529:
00011000
00011000
00011000
00011000
00011000
00011000
00011000
11111000
11111000
00001000
00001000
00001000
00001000
00001000
00001000
00001000

252A:
00001000
00001000
00001000
00001000
00001000
00001000
00001000
11111000
11111000
00011000
00011000
00011000
00011000
00011000
00011000
00011000

252B:
00011000
00011000
00011000
00011000
00011000
00011000
00011000
11111000
11111000
00011000
00011000
00011000
00011000
00011000
00011000
00011000

252C:
00000000
00000000
00000000
00000000
00000000
00000000
00000000
11111111
00001000
00001000
00001000
00001000
00001000
00001000
00001000
00001000

252D:
00000000
00000000
00000000
00000000
00000000
00000000
00000000
11111111
11111000
00001000
00001000
00001000
00001000
00001000
00001000
00001000

252E:
00000000
00000000
00000000
00000000
00000000
00000000
00000000
11111111
00001111
00001000
00001000
00001000
00001000
00001000
00001000
00001000

252F:
00000000
00000000
00000000
00000000
00000000
00000000
00000000
11111111
11111111
00001000
00001000
00001000
00001000
00001000
00001000
00001000

2530:
00000000
00000000
00000000
00000000
00000000
00000000
00000000
11111111
00011000
00011000
00011000
00011000
00011000
00011000
00011000
00011000

2531:
00000000
00000000
00000000
00000000
00000000
00000000
00000000
11111111
11111000
00011000
00011000
00011000
00011000
00011000
00011000
00011000

2532:
00000000
00000000
00000000
00000000
00000000
00000000
00000000
11111111
00011111
00011000
00011000
00011000
00011000
00011000
00011000
00011000

2533:
00000000
00000000
00000000
00000000
00000000
00000000
00000000
11111111
11111111
00011000
00011000
00011000
00011000
00011000
00011000
00011000

2534:
00001000
00001000
00001000
00001000
00001000
00001000
00001000
11111111
00000000
00000000
00000000
00000000
00000000
00000000
00000000
00000000

2535:
00001000
00001000
00001000
00001000
00001000
00001000
00001000
11111111
11111000
00000000
00000000
00000000
00000000
00000000
00000000
00000000

2536:
00001000
00001000
00001000
00001000
00001000
00001000
00001000
11111111
00001111
00000000
00000000
00000000
00000000
00000000
00000000
00000000

2537:
00001000
00001000
00001000
00001000
00001000
00001000
00001000
11111111
11111111
00000000
00000000
00000000
00000000
00000000
00000000
00000000

2538:
00011000
00011000
00011000
00011000
00011000
00011000
00011000
11111111
00000000
00000000
00000000
00000000
00000000
00000000
00000000
00000000

2539:
00011000
00011000
00011000
00011000
00011000
00011000
00011000
11111111
11111000
00000000
00000000
00000000
00000000
00000000
00000000
00000000

253A:
00011000
00011000
00011000
00011000
00011000
00011000
00011000
11111111
00011111
00000000
00000000
00000000
00000000
00000000
00000000
00000000

253B:
00011000
00011000
00011000
00011000
00011000
00011000
00011000
11111111
11111111
00000000
00000000
00000000
00000000
00000000
00000000
00000000

253C:
00001000
00001000
00001000
00001000
00001000
00001000
00001000
11111111
00001000
00001000
00001000
00001000
00001000
00001000
00001000
00001000

253D:
00001000
00001000
00001000
00001000
00001000
00001000
00001000
11111111
11111000
00001000
00001000
00001000
00001000
00001000
00001000
00001000

253E:
00001000
00001000
00001000
00001000
00001000
00001000
00001000
11111111
00001111
00001000
00001000
00001000
00001000
00001000
00001000
00001000

253F:
00001000
00001000
00001000
00001000
00001000
00001000
00001000
11111111
11111111
00001000
00001000
00001000
00001000
00001000
00001000
00001000

2540:
00011000
00011000
00011000
00011000
00011000
00011000
00011000
11111111
00001000
00001000
00001000
00001000
00001000
00001000
00001000
00001000

2541:
00001000
00001000
00001000
00001000
00001000
00001000
00001000
11111111
00011000
00011000
00011000
00011000
00011000
00011000
00011000
00011000

2542:
00011000
00011000
00011000
00011000
00011000
00011000
00011000
11111111
00011000
00011000
00011000
00011000
00011000
00011000
00011000
00011000

2543:
00011000
00011000
00011000
00011000
00011000
00011000
00011000
11111111
11111000
00001000
00001000
00001000
00001000
00001000
00001000
00001000

2544:
00011000
00011000
00011000
00011000
00011000
00011000
00011000
11111111
00011111
00001000
00001000
00001000
00001000
00001000
00001000
00001000

2545:
00001000
00001000
00001000
00001000
00001000
00001000
00001000
11111111
11111000
00011000
00011000
00011000
00011000
00011000
00011000
00011000

2546:
00001000
00001000
00001000
00001000
00001000
00001000
00001000
11111111
00011111
00011000
00011000
00011000
00011000
00011000
00011000
00011000

2547:
00011000
00011000
00011000
00011000
00011000
00011000
00011000
11111111
11111111
00001000
00001000
00001000
00001000
00001000
00001000
00001000

2548:
00001000
00001000
00001000
00001000
00001000
00001000
00001000
11111111
11111111
00011000
00011000
00011000
00011000
00011000
00011000
00011000

2549:
00011000
00011000
00011000
00011000
00011000
00011000
00011000
11111111
11111000
00011000
00011000
00011000
00011000
00011000
00011000
00011000

254A:
00011000
00011000
00011000
00011000
00011000
00011000
00011000
11111111
00011111
00011000
00011000
00011000
00011000
00011000
00011000
00011000

254B:
00011000
00011000
00011000
00011000
00011000
00011000
00011000
11111111
11111111
00011000
00011000
00011000
00011000
00011000
00011000
00011000

254C:
00000000
00000000
00000000
00000000
00000000
00000000
00000000
11101110
00000000
00000000
00000000
00000000
00000000
00000000
00000000
00000000

254D:
00000000
00000000
00000000
00000000
00000000
00000000
00000000
11101110
11101110
00000000
00000000
00000000
00000000
00000000
00000000
00000000

254E:
00001000
00001000
00001000
00001000
00001000
00001000
00000000
00000000
00001000
00001000
00001000
00001000
00001000
00001000
00000000
00000000

254F:
00011000
00011000
00011000
00011000
00011000
00011000
00000000
00000000
00011000
00011000
00011000
00011000
00011000
00011000
00000000
00000000

2550:
00000000
00000000
00000000
00000000
00000000
00000000
11111111
00000000
11111111
00000000
00000000
00000000
00000000
00000000
00000000
00000000

2551:
00010100
00010100
00010100
00010100
00010100
00010100
00010100
00010100
00010100
00010100
00010100
00010100
00010100
00010100
00010100
00010100

2552:
00000000
00000000
00000000
00000000
00000000
00000000
00001111
00001000
00001111
00001000
00001000
00001000
00001000
00001000
00001000
00001000

2553:
00000000
00000000
00000000
00000000
00000000
00000000
00000000
00011111
00010100
00010100
00010100
00010100
00010100
00010100
00010100
00010100

2554:
00000000
00000000
00000000
00000000
00000000
00000000
00011111
00010000
00010111
00010100
00010100
00010100
00010100
00010100
00010100
00010100

2555:
00000000
00000000
00000000
00000000
00000000
00000000
11111000
00001000
11111000
00001000
00001000
00001000
00001000
00001000
00001000
00001000

2556:
00000000
00000000
00000000
00000000
00000000
00000000
00000000
11111100
00010100
00010100
00010100
00010100
00010100
00010100
00010100
00010100

2557:
00000000
00000000
00000000
00000000
00000000
00000000
11111100
00000100
11110100
00010100
00010100
00010100
00010100
00010100
00010100
00010100

2558:
00001000
00001000
00001000
00001000
00001000
00001000
00001111
00001000
00001111
00000000
00000000
00000000
00000000
00000000
00000000
00000000

2559:
00010100
00010100
00010100
00010100
00010100
00010100
00010100
00011111
00000000
00000000
00000000
00000000
00000000
00000000
00000000
00000000

255A:
00010100
00010100
00010100
00010100
00010100
00010100
00010111
00010000
00011111
00000000
00000000
00000000
00000000
00000000
00000000
00000000

255B:
00001000
00001000
00001000
00001000
00001000
00001000
11111000
00001000
11111000
00000000
00000000
00000000
00000000
00000000
00000000
00000000

255C:
00010100
00010100
00010100
00010100
00010100
00010100
00010100
11111100
00000000
00000000
00000000
00000000
00000000
00000000
00000000
00000000

255D:
00010100
00010100
00010100
00010100
00010100
00010100
11110100
00000100
11111100
00000000
00000000
00000000
00000000
00000000
00000000
00000000

255E:
00001000
00001000
00001000
00001000
00001000
00001000
00001111
00001000
00001111
00001000
00001000
00001000
00001000
00001000
00001000
00001000

255F:
00010100
00010100
00010100
00010100
00010100
00010100
00010100
00010111
00010100
00010100
00010100
00010100
00010100
00010100
00010100
00010100

2560:
00010100
00010100
00010100
00010100
00010100
00010100
00010111
00010000
00010111
00010100
00010100
00010100
00010100
00010100
00010100
00010100

2561:
00001000
00001000
00001000
00001000
00001000
00001000
11111000
00001000
11111000
00001000
00001000
00001000
00001000
00001000
00001000
00001000

2562:
00010100
00010100
00010100
00010100
00010100
00010100
00010100
11110100
00010100
00010100
00010100
00010100
00010100
00010100
00010100
00010100

2563:
00010100
00010100
00010100
00010100
00010100
00010100
11110100
00000100
11110100
00010100
00010100
00010100
00010100
00010100
00010100
00010100

2564:
00000000
00000000
00000000
00000000
00000000
00000000
11111111
00000000
11111111
00001000
00001000
00001000
00001000
00001000
00001000
00001000

2565:
00000000
00000000
00000000
00000000
00000000
00000000
00000000
11111111
00010100
00010100
00010100
00010100
00010100
00010100
00010100
00010100

2566:
00000000
00000000
00000000
00000000
00000000
00000000
11111111
00000000
11110111
00010100
00010100
00010100
00010100
00010100
00010100
00010100

2567:
00001000
00001000
00001000
00001000
00001000
00001000
11111111
00000000
11111111
00000000
00000000
00000000
00000000
00000000
00000000
00000000

2568:
00010100
00010100
00010100
00010100
00010100
00010100
00010100
11111111
00000000
00000000
00000000
00000000
00000000
00000000
00000000
00000000

2569:
00010100
00010100
00010100
00010100
00010100
00010100
11110111
00000000
11111111
00000000
00000000
00000000
00000000
00000000
00000000
00000000

256A:
00001000
00001000
00001000
00001000
00001000
00001000
11111111
00001000
11111111
00001000
00001000
00001000
00001000
00001000
00001000
00001000

256B:
00010100
00010100
00010100
00010100
00010100
00010100
00010100
11111111
00010100
00010100
00010100
00010100
00010100
00010100
00010100
00010100

256C:
00010100
00010100
00010100
00010100
00010100
00010100
11110111
00000000
11110111
00010100
00010100
00010100
00010100
00010100
00010100
00010100

256D:
00000000
00000000
00000000
00000000
00000000
00000000
00000000
00000011
00000100
00001000
00001000
00001000
00001000
00001000
00001000
00001000

256E:
00000000
00000000
00000000
00000000
00000000
00000000
00000000
11100000
00010000
00001000
00001000
00001000
00001000
00001000
00001000
00001000

256F:
00001000
00001000
00001000
00001000
00001000
00001000
00010000
11100000
00000000
00000000
00000000
00000000
00000000
00000000
00000000
00000000

2570:
00001000
00001000
00001000
00001000
00001000
00001000
00000100
00000011
00000000
00000000
00000000
00000000
00000000
00000000
00000000
00000000

2571:
00000001
00000001
00000010
00000010
00000100
00000100
00001000
00001000
00010000
00010000
00100000
00100000
01000000
01000000
10000000
10000000

2572:
10000000
10000000
01000000
01000000
00100000
00100000
00010000
00010000
00001000
00001000
00000100
00000100
00000010
00000010
00000001
00000001

2573:
10000001
10000001
01000010
01000010
00100100
00100100
00011000
00011000
00011000
00011000
00100100
00100100
01000010
01000010
10000001
10000001

2574:
00000000
00000000
00000000
00000000
00000000
00000000
00000000
11110000
00000000
00000000
00000000
00000000
00000000
00000000
00000000
00000000

2575:
00001000
00001000
00001000
00001000
00001000
00001000
00001000
00001000
00000000
00000000
00000000
00000000
00000000
00000000
00000000
00000000

2576:
00000000
00000000
00000000
00000000
00000000
00000000
00000000
00001111
00000000
00000000
00000000
00000000
00000000
00000000
00000000
00000000

2577:
00000000
00000000
00000000
00000000
00000000
00000000
00000000
00000000
00001000
00001000
00001000
00001000
00001000
00001000
00001000
00001000

2578:
00000000
00000000
00000000
00000000
00000000
00000000
00000000
11110000
11110000
00000000
00000000
00000000
00000000
00000000
00000000
00000000

2579:
00011000
00011000
00011000
00011000
00011000
00011000
00011000
00011000
00000000
00000000
00000000
00000000
00000000
00000000
00000000
00000000

257A:
00000000
00000000
00000000
00000000
00000000
00000000
00000000
00001111
00001111
00000000
00000000
00000000
00000000
00000000
00000000
00000000

257B:
00000000
00000000
00000000
00000000
00000000
00000000
00000000
00000000
00011000
00011000
00011000
00011000
00011000
00011000
00011000
00011000

257C:
00000000
00000000
00000000
00000000
00000000
00000000
00000000
11111111
00001111
00000000
00000000
00000000
00000000
00000000
00000000
00000000

257D:
00001000
00001000
00001000
00001000
00001000
00001000
00001000
00001000
00011000
00011000
00011000
00011000
00011000
00011000
00011000
00011000

257E:
00000000
00000000
00000000
00000000
00000000
00000000
00000000
11111111
11110000
00000000
00000000
00000000
00000000
00000000
00000000
00000000

257F:
00011000
00011000
00011000
00011000
00011000
00011000
00011000
00011000
00001000
00001000
00001000
00001000
00001000
00001000
00001000
00001000

2580:
11111111
11111111
11111111
11111111
11111111
11111111
11111111
11111111
00000000
00000000
00000000
00000000
00000000
00000000
00000000
00000000

2581:
00000000
00000000
00000000
00000000
00000000
00000000
00000000
00000000
00000000
00000000
00000000
00000000
00000000
00000000
11111111
11111111

2582:
00000000
00000000
00000000
00000000
00000000
00000000
00000000
00000000
00000000
00000000
00000000
00000000
11111111
11111111
11111111
11111111

2583:
00000000
00000000
00000000
00000000
00000000
00000000
00000000
00000000
00000000
00000000
11111111
11111111
11111111
11111111
11111111
11111111

2584:
00000000
00000000
00000000
00000000
00000000
00000000
00000000
00000000
11111111
11111111
11111111
11111111
11111111
11111111
11111111
11111111

2585:
00000000
00000000
00000000
00000000
00000000
00000000
11111111
11111111
11111111
11111111
11111111
11111111
11111111
11111111
11111111
11111111

2586:
00000000
00000000
00000000
00000000
11111111
11111111
11111111
11111111
11111111
11111111
11111111
11111111
11111111
11111111
11111111
11111111

2587:
00000000
00000000
11111111
11111111
11111111
11111111
11111111
11111111
11111111
11111111
11111111
11111111
11111111
11111111
11111111
11111111

2588:
11111111
11111111
11111111
11111111
11111111
11111111
11111111
11111111
11111111
11111111
11111111
11111111
11111111
11111111
11111111
11111111

2589:
11111110
11111110
11111110
11111110
11111110
11111110
11111110
11111110
11111110
11111110
11111110
11111110
11111110
11111110
11111110
11111110

258A:
11111100
11111100
11111100
11111100
11111100
11111100
11111100
11111100
11111100
11111100
11111100
11111100
11111100
11111100
11111100
11111100

258B:
11111000
11111000
11111000
11111000
11111000
11111000
11111000
11111000
11111000
11111000
11111000
11111000
11111000
11111000
11111000
11111000

258C:
11110000
11110000
11110000
11110000
11110000
11110000
11110000
11110000
11110000
11110000
11110000
11110000
11110000
11110000
11110000
11110000

258D:
11100000
11100000
11100000
11100000
11100000
11100000
11100000
11100000
11100000
11100000
11100000
11100000
11100000
11100000
11100000
11100000

258E:
11000000
11000000
11000000
11000000
11000000
11000000
11000000
11000000
11000000
11000000
11000000
11000000
11000000
11000000
11000000
11000000

258F:
10000000
10000000
10000000
10000000
10000000
10000000
10000000
10000000
10000000
10000000
10000000
10000000
10000000
10000000
10000000
10000000

2590:
00001111
00001111
00001111
00001111
00001111
00001111
00001111
00001111
00001111
00001111
00001111
00001111
00001111
00001111
00001111
00001111

2591:
10001000
00100010
10001000
00100010
10001000
00100010
10001000
00100010
10001000
00100010
10001000
00100010
10001000
00100010
10001000
00100010

2592:
10101010
01010101
10101010
01010101
10101010
01010101
10101010
01010101
10101010
01010101
10101010
01010101
10101010
01010101
10101010
01010101

2593:
11101110
10111011
11101110
10111011
11101110
10111011
11101110
10111011
11101110
10111011
11101110
10111011
11101110
10111011
11101110
10111011

2594:
11111111
11111111
00000000
00000000
00000000
00000000
00000000
00000000
00000000
00000000
00000000
00000000
00000000
00000000
00000000
00000000

2595:
00000001
00000001
00000001
00000001
00000001
00000001
00000001
00000001
00000001
00000001
00000001
00000001
00000001
00000001
00000001
00000001

2596:
00000000
00000000
00000000
00000000
00000000
00000000
00000000
00000000
11110000
11110000
11110000
11110000
11110000
11110000
11110000
11110000

2597:
00000000
00000000
00000000
00000000
00000000
00000000
00000000
00000000
00001111
00001111
00001111
00001111
00001111
00001111
00001111
00001111

2598:
11110000
11110000
11110000
11110000
11110000
11110000
11110000
11110000
00000000
00000000
00000000
00000000
00000000
00000000
00000000
00000000

2599:
11110000
11110000
11110000
11110000
11110000
11110000
11110000
11110000
11111111
11111111
11111111
11111111
11111111
11111111
11111111
11111111

259A:
11110000
11110000
11110000
11110000
11110000
11110000
11110000
11110000
00001111
00001111
00001111
00001111
00001111
00001111
00001111
00001111

259B:
11111111
11111111
11111111
11111111
11111111
11111111
11111111
11111111
11110000
11110000
11110000
11110000
11110000
11110000
11110000
11110000

259C:
11111111
11111111
11111111
11111111
11111111
11111111
11111111
11111111
00001111
00001111
00001111
00001111
00001111
00001111
00001111
00001111

259D:
00001111
00001111
00001111
00001111
00001111
00001111
00001111
00001111
00000000
00000000
00000000
00000000
00000000
00000000
00000000
00000000

259E:
00001111
00001111
00001111
00001111
00001111
00001111
00001111
00001111
11110000
11110000
11110000
11110000
11110000
11110000
11110000
11110000

259F:
00001111
00001111
00001111
00001111
00001111
00001111
00001111
00001111
11111111
11111111
11111111
11111111
11111111
11111111
11111111
11111111

25A0:
00000000
00000000
00000000
00000000
00000000
00000000
00000000
01111111
01111111
01111111
01111111
01111111
01111111
01111111
00000000
00000000

25A1:
00000000
00000000
00000000
00000000
00000000
00000000
01111111
01000001
01000001
01000001
01000001
01000001
01111111
00000000
00000000
00000000

25A2:
00000000
00000000
00000000
00000000
00000000
00000000
00111110
01000001
01000001
01000001
01000001
01000001
00111110
00000000
00000000
00000000

25A3:
00000000
00000000
00000000
00000000
00000000
00000000
01111111
01000001
01011101
01011101
01011101
01000001
01111111
00000000
00000000
00000000

25A4:
00000000
00000000
00000000
00000000
00000000
00000000
01111111
01000001
01111111
01000001
01111111
01000001
01111111
00000000
00000000
00000000

25A5:
00000000
00000000
00000000
00000000
00000000
00000000
01111111
01010101
01010101
01010101
01010101
01010101
01111111
00000000
00000000
00000000

25A6:
00000000
00000000
00000000
00000000
00000000
00000000
01111111
01010101
01111111
01010101
01111111
01010101
01111111
00000000
00000000
00000000

25A7:
00000000
00000000
00000000
00000000
00000000
00000000
01111111
01010011
01001001
01100101
01010011
01001001
01111111
00000000
00000000
00000000

25A8:
00000000
00000000
00000000
00000000
00000000
00000000
01111111
01100101
01001001
01010011
01100101
01001001
01111111
00000000
00000000
00000000

25A9:
00000000
00000000
00000000
00000000
00000000
00000000
01111111
01010101
01101011
01010101
01101011
01010101
01111111
00000000
00000000
00000000

25AA:
00000000
00000000
00000000
00000000
00000000
00000000
00000000
00000000
00111100
00111100
00111100
00111100
00000000
00000000
00000000
00000000

25AB:
00000000
00000000
00000000
00000000
00000000
00000000
00111100
00100100
00100100
00111100
00000000
00000000
00000000
00000000
00000000
00000000

25AC:
00000000
00000000
00000000
00000000
00000000
00000000
01111111
01111111
01111111
01111111
00000000
00000000
00000000
00000000
00000000
00000000

25AD:
00000000
00000000
00000000
00000000
00000000
00000000
01111111
01000001
01000001
01111111
00000000
00000000
00000000
00000000
00000000
00000000

25AE:
00000000
00000000
00000000
00000000
00000000
00111100
00111100
00111100
00111100
00111100
00111100
00111100
00000000
00000000
00000000
00000000

25AF:
00000000
00000000
00000000
00000000
00000000
00111100
00100100
00100100
00100100
00100100
00100100
00111100
00000000
00000000
00000000
00000000

25B0:
00000000
00000000
00000000
00000000
00000000
00000000
00000000
00111111
01111110
11111100
00000000
00000000
00000000
00000000
00000000
00000000

25B1:
00000000
00000000
00000000
00000000
00000000
00000000
00000000
00111111
01000010
11111100
00000000
00000000
00000000
00000000
00000000
00000000

25B2:
00000000
00000000
00000000
00000000
00000000
00011000
00011000
00111100
00111100
01111110
01111110
00000000
00000000
00000000
00000000
00000000

25B3:
00000000
00000000
00000000
00000000
00000000
00011000
00011000
00100100
00100100
01000010
01111110
00000000
00000000
00000000
00000000
00000000

25B4:
00000000
00000000
00000000
00000000
00000000
00000000
00000000
00000000
00011000
00111100
01111110
00000000
00000000
00000000
00000000
00000000

25B5:
00000000
00000000
00000000
00000000
00000000
00000000
00000000
00000000
00011000
00100100
01111110
00000000
00000000
00000000
00000000
00000000

25B6:
00000000
00000000
00000000
00000000
00000000
00000000
01100000
01111000
01111110
01111110
01111000
01100000
00000000
00000000
00000000
00000000

25B7:
00000000
00000000
00000000
00000000
00000000
00000000
01100000
01011000
01000110
01000110
01011000
01100000
00000000
00000000
00000000
00000000

25B8:
00000000
00000000
00000000
00000000
00000000
00000000
00000000
00110000
00111100
00111100
00110000
00000000
00000000
00000000
00000000
00000000

25B9:
00000000
00000000
00000000
00000000
00000000
00000000
00000000
00110000
00101100
00101100
00110000
00000000
00000000
00000000
00000000
00000000

25BA:
00000000
00000000
00000000
00000000
00000000
00000000
00000000
01100000
01111000
01111110
01111000
01100000
00000000
00000000
00000000
00000000

25BB:
00000000
00000000
00000000
00000000
00000000
00000000
00000000
01100000
01011000
01000110
01011000
01100000
00000000
00000000
00000000
00000000

25BC:
00000000
00000000
00000000
00000000
00000000
01111110
01111110
00111100
00111100
00011000
00011000
00000000
00000000
00000000
00000000
00000000

25BD:
00000000
00000000
00000000
00000000
00000000
01111110
01000010
00100100
00100100
00011000
00011000
00000000
00000000
00000000
00000000
00000000

25BE:
00000000
00000000
00000000
00000000
00000000
00000000
00000000
00000000
01111110
00111100
00011000
00000000
00000000
00000000
00000000
00000000

25BF:
00000000
00000000
00000000
00000000
00000000
00000000
00000000
00000000
01111110
00100100
00011000
00000000
00000000
00000000
00000000
00000000

25C0:
00000000
00000000
00000000
00000000
00000000
00000000
00000110
00011110
01111110
01111110
00011110
00000110
00000000
00000000
00000000
00000000

25C1:
00000000
00000000
00000000
00000000
00000000
00000000
00000110
00011010
01100010
01100010
00011010
00000110
00000000
00000000
00000000
00000000

25C2:
00000000
00000000
00000000
00000000
00000000
00000000
00000000
00001100
00111100
00111100
00001100
00000000
00000000
00000000
00000000
00000000

25C3:
00000000
00000000
00000000
00000000
00000000
00000000
00000000
00001100
00110100
00110100
00001100
00000000
00000000
00000000
00000000
00000000

25C4:
00000000
00000000
00000000
00000000
00000000
00000000
00000000
00000110
00011110
01111110
00011110
00000110
00000000
00000000
00000000
00000000

25C5:
00000000
00000000
00000000
00000000
00000000
00000000
00000000
00000110
00011010
01100010
00011010
00000110
00000000
00000000
00000000
00000000

25C6:
00000000
00000000
00000000
00000000
00000000
00001000
00011100
00111110
01111111
00111110
00011100
00001000
00000000
00000000
00000000
00000000

25C7:
00000000
00000000
00000000
00000000
00000000
00001000
00010100
00100010
01000001
00100010
00010100
00001000
00000000
00000000
00000000
00000000

25C8:
00000000
00000000
00000000
00000000
00000000
00001000
00010100
00101010
01011101
00101010
00010100
00001000
00000000
00000000
00000000
00000000

25C9:
00000000
00000000
00000000
00000000
00000000
00011100
00100010
01011001
01011101
01001101
00100010
00011100
00000000
00000000
00000000
00000000

25CA:
00000000
00000000
00000000
00011000
00011000
00100100
00100100
01000010
01000010
00100100
00100100
00011000
00011000
00000000
00000000
00000000

25CB:
00000000
00000000
00000000
00000000
00000000
00011100
00100010
01000001
01000001
01000001
00100010
00011100
00000000
00000000
00000000
00000000

25CC:
00000000
00000000
00000000
00000000
00000000
00010100
00000000
01000001
00000000
01000001
00000000
00010100
00000000
00000000
00000000
00000000

25CD:
00000000
00000000
00000000
00000000
00000000
00011100
00110110
01010101
01010101
01010101
00110110
00011100
00000000
00000000
00000000
00000000

25CE:
00000000
00000000
00000000
00000000
00000000
00011100
00100010
01001001
01010101
01001001
00100010
00011100
00000000
00000000
00000000
00000000

25CF:
00000000
00000000
00000000
00000000
00000000
00011100
00111110
01111111
01111111
01111111
00111110
00011100
00000000
00000000
00000000
00000000

25D0:
00000000
00000000
00000000
00000000
00000000
00011100
00110010
01110001
01110001
01110001
00110010
00011100
00000000
00000000
00000000
00000000

25D1:
00000000
00000000
00000000
00000000
00000000
00011100
00100110
01000111
01000111
01000111
00100110
00011100
00000000
00000000
00000000
00000000

25D2:
00000000
00000000
00000000
00000000
00000000
00011100
00100010
01000001
01000001
01111111
00111110
00011100
00000000
00000000
00000000
00000000

25D3:
00000000
00000000
00000000
00000000
00000000
00011100
00111110
01111111
01000001
01000001
00100010
00011100
00000000
00000000
00000000
00000000

25D4:
00000000
00000000
00000000
00000000
00000000
00011100
00101110
01001111
01001111
01000001
00100010
00011100
00000000
00000000
00000000
00000000

25D5:
00000000
00000000
00000000
00000000
00000000
00011100
00100110
01000111
01000111
01111111
00111110
00011100
00000000
00000000
00000000
00000000

25D6:
00000000
00000000
00000000
00000000
00000000
00011000
00111000
01111000
01111000
01111000
00111000
00011000
00000000
00000000
00000000
00000000

25D7:
00000000
00000000
00000000
00000000
00000000
00001100
00001110
00001111
00001111
00001111
00001110
00001100
00000000
00000000
00000000
00000000

25D8:
11111111
11111111
11111111
11111111
11111111
11111111
11100111
11000011
11000011
11100111
11111111
11111111
11111111
11111111
11111111
11111111

25D9:
11111111
11111111
11111111
11111111
11111111
11100111
11011011
10111101
10111101
11011011
11100111
11111111
11111111
11111111
11111111
11111111

25DA:
11111111
11111111
11111111
11111111
11111111
11100111
11011011
10111101
00000000
00000000
00000000
00000000
00000000
00000000
00000000
00000000

25DB:
00000000
00000000
00000000
00000000
00000000
00000000
00000000
00000000
10111101
11011011
11100111
11111111
11111111
11111111
11111111
11111111

25DC:
00000000
00000000
00000000
00000000
00000000
00011000
00100000
01000000
01000000
00000000
00000000
00000000
00000000
00000000
00000000
00000000

25DD:
00000000
00000000
00000000
00000000
00000000
00001100
00000010
00000001
00000001
00000000
00000000
00000000
00000000
00000000
00000000
00000000

25DE:
00000000
00000000
00000000
00000000
00000000
00000000
00000000
00000000
00000001
00000001
00000010
00001100
00000000
00000000
00000000
00000000

25DF:
00000000
00000000
00000000
00000000
00000000
00000000
00000000
00000000
01000000
01000000
00100000
00011000
00000000
00000000
00000000
00000000

25E0:
00000000
00000000
00000000
00000000
00000000
00011100
00100010
01000001
01000001
00000000
00000000
00000000
00000000
00000000
00000000
00000000

25E1:
00000000
00000000
00000000
00000000
00000000
00000000
00000000
00000000
01000001
01000001
00100010
00011100
00000000
00000000
00000000
00000000

25E2:
00000001
00000001
00000001
00000011
00000011
00000111
00000111
00001111
00001111
00011111
00011111
00111111
00111111
01111111
01111111
11111111

25E3:
10000000
10000000
10000000
11000000
11000000
11100000
11100000
11110000
11110000
11111000
11111000
11111100
11111100
11111110
11111110
11111111

25E4:
11111111
11111110
11111110
11111100
11111100
11111000
11111000
11110000
11110000
11100000
11100000
11000000
11000000
10000000
10000000
10000000

25E5:
11111111
01111111
01111111
00111111
00111111
00011111
00011111
00001111
00001111
00000111
00000111
00000011
00000011
00000001
00000001
00000001

25E6:
00000000
00000000
00000000
00000000
00000000
00000000
00000000
00111000
01000100
01000100
01000100
00111000
00000000
00000000
00000000
00000000

25E7:
00000000
00000000
00000000
00000000
00000000
01111110
01110010
01110010
01110010
01110010
01111110
00000000
00000000
00000000
00000000
00000000

25E8:
00000000
00000000
00000000
00000000
00000000
01111110
01001110
01001110
01001110
01001110
01111110
00000000
00000000
00000000
00000000
00000000

25E9:
00000000
00000000
00000000
00000000
00000000
01111110
01111010
01110010
01100010
01000010
01111110
00000000
00000000
00000000
00000000
00000000

25EA:
00000000
00000000
00000000
00000000
00000000
01111110
01000010
01000110
01001110
01011110
01111110
00000000
00000000
00000000
00000000
00000000

25EB:
00000000
00000000
00000000
00000000
00000000
01111111
01001001
01001001
01001001
01001001
01111111
00000000
00000000
00000000
00000000
00000000

25EC:
00000000
00000000
00000000
00000000
00000000
00001000
00010100
00010100
00100010
00101010
01000001
01111111
00000000
00000000
00000000
00000000

25ED:
00000000
00000000
00000000
00000000
00000000
00000000
00011000
00011000
00110100
00110100
01110010
01111110
00000000
00000000
00000000
00000000

25EE:
00000000
00000000
00000000
00000000
00000000
00011000
00011000
00101100
00101100
01001110
01001110
01111110
00000000
00000000
00000000
00000000

25EF:
0000000000000000
0000000000000000
0000000111000000
0000011000110000
0000100000001000
0001000000000100
0001000000000100
0010000000000010
0010000000000010
0010000000000010
0001000000000100
0001000000000100
0000100000001000
0000011000110000
0000000111000000
0000000000000000

25F0:
00000000
00000000
00000000
00000000
00000000
00000000
00000000
00000000
01111110
01010010
01110010
01000010
01000010
01111110
00000000
00000000

25F1:
00000000
00000000
00000000
00000000
00000000
00000000
00000000
00000000
01111110
01000010
01000010
01110010
01010010
01111110
00000000
00000000

25F2:
00000000
00000000
00000000
00000000
00000000
00000000
00000000
00000000
01111110
01000010
01000010
01001110
01001010
01111110
00000000
00000000

25F3:
00000000
00000000
00000000
00000000
00000000
00000000
00000000
00000000
01111110
01001010
01001110
01000010
01000010
01111110
00000000
00000000

25F4:
00000000
00000000
00000000
00000000
00000000
00000000
00111100
01010010
10010001
11110001
10000001
10000001
01000010
00111100
00000000
00000000

25F5:
00000000
00000000
00000000
00000000
00000000
00000000
00111100
01000010
10000001
10000001
11110001
10010001
01010010
00111100
00000000
00000000

25F6:
00000000
00000000
00000000
00000000
00000000
00000000
00111100
01000010
10000001
10000001
10001111
10001001
01001010
00111100
00000000
00000000

25F7:
00000000
00000000
00000000
00000000
00000000
00000000
00111100
01001010
10001001
10001111
10000001
10000001
01000010
00111100
00000000
00000000

25F8:
11111111
10000001
10000001
10000010
10000010
10000100
10000100
10001000
10001000
10010000
10010000
10100000
10100000
11000000
11000000
10000000

25F9:
11111111
10000001
10000001
01000001
01000001
00100001
00100001
00010001
00010001
00001001
00001001
00000101
00000101
00000011
00000011
00000001

25FA:
10000000
11000000
11000000
10100000
10100000
10010000
10010000
10001000
10001000
10000100
10000100
10000010
10000010
10000001
10000001
11111111

25FB:
00000000
00000000
00000000
00000000
00000000
00000000
00000000
00000000
00000000
01111110
01000010
01000010
01000010
01000010
01111110
00000000

25FC:
00000000
00000000
00000000
00000000
00000000
00000000
00000000
00000000
01111110
01111110
01111110
01111110
01111110
01111110
00000000
00000000

25FD:
00000000
00000000
00000000
00000000
00000000
00000000
00000000
00000000
00000000
00000000
00111100
00100100
00100100
00111100
00000000
00000000

25FE:
00000000
00000000
00000000
00000000
00000000
00000000
00000000
00000000
01111100
01111100
01111100
01111100
01111100
00000000
00000000
00000000

25FF:
00000001
00000011
00000011
00000101
00000101
00001001
00001001
00010001
00010001
00100001
00100001
01000001
01000001
10000001
10000001
11111111

2600:
00000000
00000000
00001000
01001001
00100010
00000000
00011100
00111110
00111110
00011100
00000000
00100010
01001001
00001000
00000000
00000000

2601:
00000000
00000000
00000000
00000000
00100000
01110110
11111111
01111110
00000000
00000000
00000000
00000000
00000000
00000000
00000000
00000000

2602:
00000000
00000000
00000000
00000000
00011100
00111110
01111111
00001000
00001000
00001000
00001000
00010000
00000000
00000000
00000000
00000000

2603:
1000101111001000
0000001111000000
0010111111110001
0000010000100100
1000101001010000
0010100000010010
0000101001010000
0100100110010100
0000010000100001
0100011111100000
0000100000010000
0001000010001000
0111100000011110
0001000010001000
0000100000010000
0000011111100000

2604:
00000000
00000000
00000000
00100010
00100010
00100100
00100100
00101000
00101001
00000010
00110000
01001000
01001000
00110000
00000000
00000000

2605:
0000000000000000
0000000100000000
0000000100000000
0000001110000000
0000001110000000
0000011111000000
0111111111111110
0011111111111000
0001111111110000
0000111111100000
0000011111000000
0000111111100000
0001111011110000
0001100000110000
0010000000001000
0000000000000000

2606:
0000000000000000
0000000100000000
0000000100000000
0000001010000000
0000001010000000
0000010001000000
0111100000111100
0010000000001000
0001000000010000
0000100000100000
0000010001000000
0000100100100000
0001011011010000
0001100000110000
0010000000001000
0000000000000000

2607:
00000000
00000000
00000000
00000000
00000000
00000010
00000100
00001000
00010000
00100000
00010000
00001010
00000110
00001110
00000000
00000000

2608:
00000000
00000000
00000000
00000000
00000000
00000000
01111110
01000010
01000100
01001000
01010000
01001010
01000110
01001110
00000000
00000000

2609:
00000000
00000000
00000000
00000000
00000000
00000000
00111100
01000010
10000001
10011001
10011001
10000001
01000010
00111100
00000000
00000000

260A:
00000000
00000000
00000000
00000000
00000000
00000000
00011000
00100100
00100100
01100110
10100101
01000010
00000000
00000000
00000000
00000000

260B:
00000000
00000000
00000000
00000000
00000000
00000000
01000010
10100101
01100110
00100100
00100100
00011000
00000000
00000000
00000000
00000000

260C:
00000000
00000000
00000000
00000000
00000000
00000000
00000100
00001000
00110000
01001000
01001000
00110000
00000000
00000000
00000000
00000000

260D:
00000000
00000000
00000000
00000000
00000000
00000110
00001001
00001001
00000110
00001000
00110000
01001000
01001000
00110000
00000000
00000000

260E:
00000000
00000000
00000000
00000000
00000000
00000000
00000000
00111110
01100011
00000000
00101010
01100011
01111111
00000000
00000000
00000000

260F:
00000000
00000000
00000000
00000000
00000000
00000000
00111110
01000001
01011101
00111110
01001001
01000001
01111111
00000000
00000000
00000000

2610:
00000000
00000000
00000000
00000000
00000000
00000000
01111111
01000001
01000001
01000001
01000001
01000001
01000001
01111111
00000000
00000000

2611:
00000000
00000000
00000000
00000000
00000000
00000000
01111111
01000001
01000011
01000111
01101101
01111001
01010001
01111111
00000000
00000000

2612:
00000000
00000000
00000000
00000000
00000000
00000000
01111111
01000001
01100011
01010101
01001001
01010101
01100011
01111111
00000000
00000000

2613:
00000000
00000000
00000000
00000000
00100010
00100010
00010100
00010100
00001000
00001000
00010100
00010100
00100010
00100010
00000000
00000000

2614:
00000101
01010000
00000100
01000001
00011100
00111110
01111111
00001000
00001000
00001000
00001000
00010000
00000000
00000000
00000000
00000000

2615:
0000000000000000
0000100100100000
0001001001000000
0001001001000000
0000100100100000
0000100100100000
0001001001000000
0000000000000000
0001111111001000
0011111111110100
0010111111010100
0010000000010100
0010000000111000
0001111111000000
0000000000000000
0000000000000000

2616:
0000000000000000
0000000100000000
0000001010000000
0000010001000000
0000100000100000
0001000000010000
0010000000001000
0010000000001000
0010000000001000
0010000000001000
0010000000001000
0010000000001000
0010000000001000
0011111111111000
0000000000000000
0000000000000000

2617:
0000000000000000
0000000100000000
0000001110000000
0000011111000000
0000111111100000
0001111111110000
0011111111111000
0011111111111000
0011111111111000
0011111111111000
0011111111111000
0011111111111000
0011111111111000
0011111111111000
0000000000000000
0000000000000000

2618:
0000000000000000
0000000000000000
0000001010000000
0000011111000000
0000011111000000
0011001110011000
0111100100111100
0011111111111000
0111100100111100
0011000100011000
0000001000000000
0000001000000000
0000001000000000
0000010000000000
0000100000000000
0000000000000000

2619:
0000000000000000
0000000000000000
0000000000000100
0000000111001000
0010001111101000
0100011111101000
0100111111101000
0111111111011000
0011111111011100
0000111111100100
0000011111100100
0000001111100100
0000000111000100
0000000000001000
0000000000000000
0000000000000000

261A:
00000000
00000000
00000000
00000000
00000000
00000000
00000000
00000000
01111110
00011111
00011111
00001110
00000000
00000000
00000000
00000000

261B:
00000000
00000000
00000000
00000000
00000000
00000000
00000000
00000000
00111111
01111100
01111100
00111000
00000000
00000000
00000000
00000000

261C:
00000000
00000000
00000000
00000000
00000000
00000000
00000000
00000000
01111110
00010001
00011001
00001110
00000000
00000000
00000000
00000000

261D:
00000000
00000000
00000000
00000000
00000000
00000100
00000100
00011100
00110100
00100100
00100100
00011000
00000000
00000000
00000000
00000000

261E:
00000000
00000000
00000000
00000000
00000000
00000000
00000000
00000000
00111111
01000100
01001100
00111000
00000000
00000000
00000000
00000000

261F:
00000000
00000000
00000000
00000000
00000000
00000000
00000000
00011000
00100100
00100100
00110100
00011100
00000100
00000100
00000000
00000000

2620:
00000000
00000000
11100111
10100101
01111110
10000001
10100101
10100101
10000001
01011010
01011010
01000010
10111101
11100111
00000000
00000000

2621:
00000000
00000000
00000000
00000000
00111000
00000100
00000100
00001000
00001000
00010000
00010000
00100000
00100000
00011100
00000000
00000000

2622:
0000011111100000
0001100000011000
0010010000100100
0101110000111010
0101110000111010
1011111001111101
1011111001111101
1011111001111101
1000000110000001
1000000110000001
1000001111000001
0100001111000010
0100011111100010
0010001111000100
0001100000011000
0000011111100000

2623:
0000000000000000
0000000000000000
0000010001000000
0000100000100000
0001000000010000
0001000000010000
0001001110010000
0000110001100000
0011111011111000
0100010001000100
1000010101000010
1000001110000010
0000001010000000
0000010001000000
0001100000110000
0000000000000000

2624:
0000000000000000
0000001100000000
0000000100000000
0111111111111100
0010001110001000
0001111111110000
0000000100000000
0000110101100000
0001000100010000
0000111111100000
0000100100100000
0000011111000000
0000010101000000
0000001110000000
0000010101000000
0000000100000000

2625:
00000000
00000000
00000000
00000000
00000000
00000000
00011100
00100010
00010100
00001000
00111110
00001000
00001000
00001000
00000000
00000000

2626:
00000000
00000000
00000000
00000000
00000000
00010000
00111000
00010000
11111110
00010000
00010000
01110000
00011100
00010000
00000000
00000000

2627:
00000000
00000000
00000000
00000000
00011100
00010010
00010010
00011100
00010000
01010100
00111000
00010000
00111000
01010100
00000000
00000000

2628:
00000000
00000000
00000000
00000000
00000000
00010000
00111000
00010000
11111110
00010000
00010000
00010000
00010000
00010000
00000000
00000000

2629:
00000000
00000000
00000000
00000000
00000000
00000000
00000000
00011100
00001000
01001001
01111111
01001001
00001000
00011100
00000000
00000000

262A:
00000000
00000000
00000000
00000000
00011110
00100001
01000000
11000010
11000111
11000010
01000000
00100001
00011110
00000000
00000000
00000000

262B:
0000000000000000
0000000000000000
0000000000000000
0000010101000000
0000011011000000
0000000000000000
0001010101010000
0010100100101000
0010100100101000
0010100100101000
0010010101001000
0001001110010000
0000011111000000
0000000100000000
0000000000000000
0000000000000000

262C:
0000000000000000
0000000000000000
0000000000000000
0000000010000000
0000001010100000
0000010010010000
0000100111001000
0001101010101100
0001101010101100
0001100111001100
0001110010011100
0001101111101100
0001000111000100
0000001010100000
0000000010000000
0000000000000000

262D:
00000000
00000000
00000000
00000000
00000000
00000000
00001100
00000010
00111001
01111001
00001101
00111110
01100011
11000001
00000000
00000000

262E:
00000000
00000000
00000000
00000000
00000000
00000000
00111110
01001001
01001001
01001001
01011101
01101011
01001001
00111110
00000000
00000000

262F:
0000011111100000
0001100000011000
0010000000000100
0100000000000010
0100000000000010
1001110000110001
1011111000110001
1111111100000011
1110011110000011
1110011111000111
1111111111111111
0111111111111110
0111111111111110
0011111111111100
0001111111111000
0000011111100000

2630:
0000000000000000
0000000000000000
0000000000000000
0000000000000000
0111111111111100
0111111111111100
0000000000000000
0000000000000000
0111111111111100
0111111111111100
0000000000000000
0000000000000000
0111111111111100
0111111111111100
0000000000000000
0000000000000000

2631:
0000000000000000
0000000000000000
0000000000000000
0000000000000000
0111110001111100
0111110001111100
0000000000000000
0000000000000000
0111111111111100
0111111111111100
0000000000000000
0000000000000000
0111111111111100
0111111111111100
0000000000000000
0000000000000000

2632:
0000000000000000
0000000000000000
0000000000000000
0000000000000000
0111111111111100
0111111111111100
0000000000000000
0000000000000000
0111110001111100
0111110001111100
0000000000000000
0000000000000000
0111111111111100
0111111111111100
0000000000000000
0000000000000000

2633:
0000000000000000
0000000000000000
0000000000000000
0000000000000000
0111110001111100
0111110001111100
0000000000000000
0000000000000000
0111110001111100
0111110001111100
0000000000000000
0000000000000000
0111111111111100
0111111111111100
0000000000000000
0000000000000000

2634:
0000000000000000
0000000000000000
0000000000000000
0000000000000000
0111111111111100
0111111111111100
0000000000000000
0000000000000000
0111111111111100
0111111111111100
0000000000000000
0000000000000000
0111110001111100
0111110001111100
0000000000000000
0000000000000000

2635:
0000000000000000
0000000000000000
0000000000000000
0000000000000000
0111110001111100
0111110001111100
0000000000000000
0000000000000000
0111111111111100
0111111111111100
0000000000000000
0000000000000000
0111110001111100
0111110001111100
0000000000000000
0000000000000000

2636:
0000000000000000
0000000000000000
0000000000000000
0000000000000000
0111111111111100
0111111111111100
0000000000000000
0000000000000000
0111110001111100
0111110001111100
0000000000000000
0000000000000000
0111110001111100
0111110001111100
0000000000000000
0000000000000000

2637:
0000000000000000
0000000000000000
0000000000000000
0000000000000000
0111110001111100
0111110001111100
0000000000000000
0000000000000000
0111110001111100
0111110001111100
0000000000000000
0000000000000000
0111110001111100
0111110001111100
0000000000000000
0000000000000000

2638:
00000000
00000000
00000000
00000000
00000000
00000000
00000000
01001001
00111110
00111110
01110111
00111110
00111110
01001001
00000000
00000000

2639:
00000000
00000000
00000000
00111100
01000010
10000001
10100101
10000001
10011001
10100101
10000001
01000010
00111100
00000000
00000000
00000000

263A:
00000000
00000000
00000000
00000000
00111100
01000010
10000001
10100101
10000001
10100101
10011001
01000010
00111100
00000000
00000000
00000000

263B:
00000000
00000000
00000000
00000000
00111100
01111110
11111111
11011011
11111111
11011011
11100111
01111110
00111100
00000000
00000000
00000000

263C:
00000000
00000000
00000000
00000000
00000000
01001001
00101010
00011100
01110111
00011100
00101010
01001001
00000000
00000000
00000000
00000000

263D:
00000000
00000000
00000000
00000000
00111000
00001100
00000110
00000101
00000101
00000101
00000101
00000110
00001100
00111000
00000000
00000000

263E:
00000000
00000000
00000000
00000000
00001110
00011000
00110000
01010000
01010000
01010000
01010000
00110000
00011000
00001110
00000000
00000000

263F:
00000000
00000000
00000000
00100010
00100010
00011100
00100010
00100010
00100010
00011100
00001000
00111110
00001000
00001000
00000000
00000000

2640:
00000000
00000000
00000000
00000000
00000000
00011100
00100010
00100010
00100010
00011100
00001000
00111110
00001000
00001000
00000000
00000000

2641:
00000000
00000000
00000000
00001000
00001000
00111110
00001000
00001000
00011100
00100010
00100010
00100010
00011100
00000000
00000000
00000000

2642:
00000000
00000000
00000000
00000000
00000000
00000111
00000011
00000101
00111000
01000100
01000100
01000100
00111000
00000000
00000000
00000000

2643:
00000000
00000000
00000000
00000000
00000010
00000010
00000010
00111010
01000110
00000110
00001010
01111110
00000010
00000010
00000000
00000000

2644:
00000000
00000000
00000000
00000000
00100000
00100000
01110000
00100000
00101100
00110010
00100010
00100100
00100100
00100100
00000000
00000000

2645:
00000000
00000000
00000000
00000000
00000000
01101011
00101010
00111110
00101010
01101011
00001000
00011100
00010100
00011100
00000000
00000000

2646:
00000000
00000000
00000000
00000000
00001000
01011001
11001011
01001001
01001001
01001001
00111110
00001000
00111110
00001000
00001000
00000000

2647:
00000000
00000000
00000000
00000000
01111100
01000010
01000010
01000010
01111100
01000000
01000000
01000000
01000000
01111110
00000000
00000000

2648:
00000000
00000000
00000000
00000000
00100010
01010101
00010100
00010100
00001000
00001000
00001000
00001000
00001000
00001000
00000000
00000000

2649:
00000000
00000000
00000000
00000000
00000000
00000000
00000000
01000001
00100010
00011100
00100010
00100010
00100010
00011100
00000000
00000000

264A:
00000000
00000000
00000000
00000000
01000001
00111110
00010100
00010100
00010100
00010100
00010100
00010100
00111110
01000001
00000000
00000000

264B:
00000000
00000000
00000000
00000000
00000000
00000000
00111110
01001001
01001000
00110000
00000110
00001001
01001001
00111110
00000000
00000000

264C:
00000000
00000000
00000000
00000000
00000000
00011100
00100010
00100010
00010010
01110100
10010100
10010100
01100101
00000010
00000000
00000000

264D:
00000000
00000000
00000000
00000000
01010100
01111100
01010101
01010111
01010101
01010101
01010101
01010101
00000110
01111100
00000000
00000000

264E:
00000000
00000000
00000000
00000000
00000000
00000000
00000000
00011100
00100010
00100010
01110111
00000000
01111111
00000000
00000000
00000000

264F:
00000000
00000000
00000000
00000000
01010100
01111100
01010100
01010100
01010100
01010100
01010100
01010100
01010101
00000011
00000000
00000000

2650:
00000000
00000000
00000000
00000000
00000000
00000000
00000000
00001111
00000011
01000101
00101001
00010000
00101000
01000100
00000000
00000000

2651:
00000000
00000000
00000000
00000000
00110001
01001110
10000100
00001000
00010000
00111100
01100010
10100010
10100010
00011100
00000000
00000000

2652:
00000000
00000000
00000000
00000000
00000000
00000000
00101010
01010100
00000000
00000000
00101010
01010100
00000000
00000000
00000000
00000000

2653:
00000000
00000000
00000000
00000000
00000000
01000010
01000010
00100100
00100100
01111110
00100100
00100100
01000010
01000010
00000000
00000000

2654:
00000000
00000000
00000000
00001000
00011100
00001000
01110111
01011101
01001001
01001001
00101010
01111111
01000001
01111111
00000000
00000000

2655:
00000000
00000000
00000000
00000000
00001000
00001000
01001001
00101010
00101010
01011101
00101010
00111110
00100010
00111110
00000000
00000000

2656:
00000000
00000000
00000000
00000000
00000000
01010101
01111111
01000001
01000001
00100010
00100010
01000001
01000001
01111111
00000000
00000000

2657:
00000000
00000000
00000000
00000000
00001000
00010100
00100010
00100010
00100010
00100010
00010100
01110111
01000001
01111111
00000000
00000000

2658:
00000000
00000000
00000000
00000010
00011110
00100010
01000010
01000010
00111010
00010010
00100010
01000010
01000010
01111110
00000000
00000000

2659:
00000000
00000000
00000000
00000000
00000000
00000000
00011000
00100100
00100100
00011000
00100100
00100100
01000010
01111110
00000000
00000000

265A:
00000000
00000000
00000000
00001000
00011100
00001000
01110111
01011101
01001001
01001001
00101010
01111111
01111111
01111111
00000000
00000000

265B:
00000000
00000000
00000000
00000000
00001000
00001000
01001001
00101010
00101010
01011101
00101010
00111110
00111110
00111110
00000000
00000000

265C:
00000000
00000000
00000000
00000000
00000000
01010101
01111111
01111111
01111111
00111110
00111110
01111111
01111111
01111111
00000000
00000000

265D:
00000000
00000000
00000000
00000000
00001000
00011100
00110110
00100010
00110110
00111110
00011100
01111111
01111111
01111111
00000000
00000000

265E:
00000000
00000000
00000000
00000010
00011110
00110110
01111110
01111110
00111110
00011110
00111110
01111110
01111110
01111110
00000000
00000000

265F:
00000000
00000000
00000000
00000000
00000000
00000000
00011000
00111100
00111100
00011000
00111100
00111100
01111110
01111110
00000000
00000000

2660:
00000000
00000000
00000000
00000000
00001000
00001000
00011100
00111110
01111111
01111111
01111111
00111110
00001000
00011100
00000000
00000000

2661:
00000000
00000000
00000000
00000000
00000000
00110110
01001001
01000001
01000001
01000001
00100010
00010100
00001000
00001000
00000000
00000000

2662:
00000000
00000000
00000000
00000000
00001000
00001000
00010100
00010100
00100010
00100010
00010100
00010100
00001000
00001000
00000000
00000000

2663:
00000000
00000000
00000000
00000000
00011100
00011100
00011100
00001000
01111111
01111111
01101011
00001000
00001000
00011100
00000000
00000000

2664:
00000000
00000000
00000000
00000000
00001000
00001000
00010100
00100010
01000001
01000001
01000001
00111110
00001000
00011100
00000000
00000000

2665:
00000000
00000000
00000000
00000000
00000000
00110110
01111111
01111111
01111111
01111111
00111110
00011100
00001000
00001000
00000000
00000000

2666:
00000000
00000000
00000000
00000000
00001000
00001000
00011100
00011100
00111110
00111110
00011100
00011100
00001000
00001000
00000000
00000000

2667:
00000000
00000000
00000000
00000000
00011100
00010100
00011100
00001000
01110111
01011101
01101011
00001000
00001000
00011100
00000000
00000000

2668:
00000000
00000000
00000000
00001000
01010001
10010010
10010010
10010010
01001001
01001001
01001001
01010010
10000001
01111110
00000000
00000000

2669:
00000000
00000000
00000000
00000000
00001000
00001000
00001000
00001000
00001000
00001000
00001000
00111000
01111000
01110000
00000000
00000000

266A:
00000000
00000000
00000000
00000000
00001000
00001100
00001010
00001010
00001000
00001000
00001000
00111000
01111000
01110000
00000000
00000000

266B:
00000000
00000000
00000000
00011100
00010111
00010001
00010001
00010001
00010001
01110001
11110001
11100111
00001111
00001110
00000000
00000000

266C:
00000000
00000000
00000000
00011100
00010111
00010001
00011101
00010111
00010001
01110001
11110001
11100111
00001111
00001110
00000000
00000000

266D:
00000000
00000000
01000000
01000000
01000000
01000000
01011000
01100100
01000100
01001000
01010000
01100000
00000000
00000000
00000000
00000000

266E:
00000000
00000000
01000000
01000100
01001100
01010100
01100100
01001100
01010100
01100100
01000100
00000100
00000000
00000000
00000000
00000000

266F:
00000000
00000100
00000100
00100110
00101100
00110100
01100110
00101100
00110100
01100100
00100000
00100000
00000000
00000000
00000000
00000000

2670:
00000000
00000000
00000000
00000000
00010100
00001000
00001000
01001001
00111110
01001001
00001000
00001000
00001000
00010100
00000000
00000000

2671:
00000000
00000000
00000000
00000000
00011100
00010100
00001000
01101011
01011101
01101011
00001000
00001000
00010100
00001000
00000000
00000000

2672:
0000001111000000
0000010100100000
0000101010011000
0001001001001000
0000101011010000
0000010000110000
0011000000000100
0100100000001010
1000110000010001
0101000000001001
1010000000000101
1010111000100110
0101001001011000
0101001010000110
0001111001011100
0000000000100000

2673:
0000001110000000
0000010001000000
0000010001000000
0000100000100000
0000000000101000
0011100100011000
0001101100111000
0010100100000000
0010000100001000
0100001110000100
0100000000000100
1000000000100010
1000000001000010
0111111011111100
0000000001000000
0000000000100000

2674:
0000001110000000
0000010001000000
0000010001000000
0000100000100000
0000000000101000
0011101100011000
0001100010111000
0010100100000000
0010001000001000
0100001110000100
0100000000000100
1000000000100010
1000000001000010
0111111011111100
0000000001000000
0000000000100000

2675:
0000001110000000
0000010001000000
0000010001000000
0000100000100000
0000000000101000
0011101100011000
0001100010111000
0010101100000000
0010000010001000
0100001100000100
0100000000000100
1000000000100010
1000000001000010
0111111011111100
0000000001000000
0000000000100000

2676:
0000001110000000
0000010001000000
0000010001000000
0000100000100000
0000000000101000
0011101010011000
0001101010111000
0010101110000000
0010000010001000
0100000010000100
0100000000000100
1000000000100010
1000000001000010
0111111011111100
0000000001000000
0000000000100000

2677:
0000001110000000
0000010001000000
0000010001000000
0000100000100000
0000000000101000
0011101110011000
0001101000111000
0010101100000000
0010000010001000
0100001100000100
0100000000000100
1000000000100010
1000000001000010
0111111011111100
0000000001000000
0000000000100000

2678:
0000001110000000
0000010001000000
0000010001000000
0000100000100000
0000000000101000
0011100110011000
0001101000111000
0010101110000000
0010001001001000
0100000110000100
0100000000000100
1000000000100010
1000000001000010
0111111011111100
0000000001000000
0000000000100000

2679:
0000001110000000
0000010001000000
0000010001000000
0000100000100000
0000000000101000
0011101110011000
0001100010111000
0010100100000000
0010000100001000
0100000100000100
0100000000000100
1000000000100010
1000000001000010
0111111011111100
0000000001000000
0000000000100000

267A:
0000001110000000
0000010001000000
0000010001000000
0000100000100000
0000000000101000
0011100000011000
0001100000111000
0010100000000000
0010000000001000
0100000000000100
0100000000000100
1000000000100010
1000000001000010
0111111011111100
0000000001000000
0000000000100000

267B:
0000001111000000
0000010111100000
0000111011111000
0001111001111000
0000111011110000
0000010000110000
0011000000000100
0111100000001110
1111110000011111
0111000000001111
1110000000000111
1110111000100110
0101111001111000
0101111011111110
0001111001111100
0000000000100000

267C:
0000011111100000
0001111111111000
0011111001111100
0111110110111110
0111101111011110
1111111110001111
1111011111011111
1110011111111111
1111001111101111
1111011111101111
1110111111110111
0110111110110110
0111000100001110
0011111110111100
0001111111111000
0000011111100000

267D:
0000011111100000
0001100000011000
0010000110000100
0100001001000010
0100010000100010
1000000001110001
1000100000100001
1001100000000001
1000110000010001
1000100000010001
1001000000001001
0101000001001010
0100111011110010
0010000001000100
0001100000011000
0000011111100000

267E:
0000000000000000
0000000000000000
0000000000000000
0000001110000000
0000110001100000
0001000000010000
0010000000001000
0010011011001000
0100100100100100
0100100100100100
0010011011001000
0010000000001000
0001000000010000
0000110001100000
0000001110000000
0000000000000000

267F:
0000000000000000
0000000000000000
0000000000000000
0000011000000000
0000011000000000
0000010000000000
0000011110000000
0000010000000000
0001011111100000
0010000000100000
0010000000010000
0010000001010000
0001000010001100
0000111100000000
0000000000000000
0000000000000000

2680:
0000000000000000
0000000000000000
0000000000000000
0000000000000000
0001111111110000
0001000000010000
0001000000010000
0001000000010000
0001000100010000
0001000000010000
0001000000010000
0001000000010000
0001111111110000
0000000000000000
0000000000000000
0000000000000000

2681:
0000000000000000
0000000000000000
0000000000000000
0000000000000000
0001111111110000
0001000000010000
0001000000010000
0001010000010000
0001000000010000
0001000001010000
0001000000010000
0001000000010000
0001111111110000
0000000000000000
0000000000000000
0000000000000000

2682:
0000000000000000
0000000000000000
0000000000000000
0000000000000000
0001111111110000
0001000000010000
0001010000010000
0001000000010000
0001000100010000
0001000000010000
0001000001010000
0001000000010000
0001111111110000
0000000000000000
0000000000000000
0000000000000000

2683:
0000000000000000
0000000000000000
0000000000000000
0000000000000000
0001111111110000
0001000000010000
0001010001010000
0001000000010000
0001000000010000
0001000000010000
0001010001010000
0001000000010000
0001111111110000
0000000000000000
0000000000000000
0000000000000000

2684:
0000000000000000
0000000000000000
0000000000000000
0000000000000000
0001111111110000
0001000000010000
0001010001010000
0001000000010000
0001000100010000
0001000000010000
0001010001010000
0001000000010000
0001111111110000
0000000000000000
0000000000000000
0000000000000000

2685:
0000000000000000
0000000000000000
0000000000000000
0000000000000000
0001111111110000
0001000000010000
0001010001010000
0001000000010000
0001010001010000
0001000000010000
0001010001010000
0001000000010000
0001111111110000
0000000000000000
0000000000000000
0000000000000000

2686:
0000000000000000
0000000000000000
0000000000000000
0000001111000000
0000010000100000
0000100000010000
0001000000001000
0010000000000100
0010000001100100
0010000001100100
0010000000000100
0001000000001000
0000100000010000
0000010000100000
0000001111000000
0000000000000000

2687:
0000000000000000
0000000000000000
0000000000000000
0000001111000000
0000010000100000
0000100000010000
0001000000001000
0010000000000100
0010011001100100
0010011001100100
0010000000000100
0001000000001000
0000100000010000
0000010000100000
0000001111000000
0000000000000000

2688:
0000000000000000
0000000000000000
0000000000000000
0000001111000000
0000011111100000
0000111111110000
0001111111111000
0011111111111100
0011111110011100
0011111110011100
0011111111111100
0001111111111000
0000111111110000
0000011111100000
0000001111000000
0000000000000000

2689:
0000000000000000
0000000000000000
0000000000000000
0000001111000000
0000011111100000
0000111111110000
0001111111111000
0011111111111100
0011100110011100
0011100110011100
0011111111111100
0001111111111000
0000111111110000
0000011111100000
0000001111000000
0000000000000000

268A:
0000000000000000
0000000000000000
0000000000000000
0000000000000000
0000000000000000
0000000000000000
0000000000000000
0000000000000000
0111111111111100
0111111111111100
0000000000000000
0000000000000000
0000000000000000
0000000000000000
0000000000000000
0000000000000000

268B:
0000000000000000
0000000000000000
0000000000000000
0000000000000000
0000000000000000
0000000000000000
0000000000000000
0000000000000000
0111110001111100
0111110001111100
0000000000000000
0000000000000000
0000000000000000
0000000000000000
0000000000000000
0000000000000000

268C:
0000000000000000
0000000000000000
0000000000000000
0000000000000000
0000000000000000
0000000000000000
0111111111111100
0111111111111100
0000000000000000
0000000000000000
0111111111111100
0111111111111100
0000000000000000
0000000000000000
0000000000000000
0000000000000000

268D:
0000000000000000
0000000000000000
0000000000000000
0000000000000000
0000000000000000
0000000000000000
0111110001111100
0111110001111100
0000000000000000
0000000000000000
0111111111111100
0111111111111100
0000000000000000
0000000000000000
0000000000000000
0000000000000000

268E:
0000000000000000
0000000000000000
0000000000000000
0000000000000000
0000000000000000
0000000000000000
0111111111111100
0111111111111100
0000000000000000
0000000000000000
0111110001111100
0111110001111100
0000000000000000
0000000000000000
0000000000000000
0000000000000000

268F:
0000000000000000
0000000000000000
0000000000000000
0000000000000000
0000000000000000
0000000000000000
0111110001111100
0111110001111100
0000000000000000
0000000000000000
0111110001111100
0111110001111100
0000000000000000
0000000000000000
0000000000000000
0000000000000000

2690:
00000000
00000000
00000000
01110000
01001110
01000010
01000010
01110010
01001110
01000000
01000000
01000000
01000000
01000000
00000000
00000000

2691:
00000000
00000000
00000000
01110000
01111110
01111110
01111110
01111110
01001110
01000000
01000000
01000000
01000000
01000000
00000000
00000000

2692:
0000000000000000
0000100000110010
0101110001111100
0011111001111110
0111110000011111
1111100000100111
0111010001000011
0010001010000001
0000000100000000
0000001010000000
0000010001000000
0000100000100000
0001000000010000
0010000000001000
0100000000000100
0000000000000000

2693:
0000000000000000
0000000000000000
0000001110000000
0000010001000000
0000010001000000
0000001110000000
0000000100000000
0000011111000000
0000000100000000
0010000100001000
0111000100011100
0010000100001000
0001000100010000
0000111111100000
0000000000000000
0000000000000000

2694:
0000000000000000
0100000000000100
0010000000001000
0001000000010000
0000100000100000
0000010001000000
0000001010000000
0000000100000000
0000001010000000
0000010001000000
0010100000101000
0001000000010000
0010100000101000
0100000000000100
0000000000000000
0000000000000000

2695:
0000000000000000
0000000100000000
0000000100000000
0000111111110000
0001000100110000
0001000100000000
0000111111000000
0000000100100000
0000000100100000
0000011111000000
0000100100000000
0000011110000000
0000000101000000
0000001110000000
0000000100000000
0000000000000000

2696:
0000000000000000
0000000000000000
0000000000000000
0000000100000000
0001000100010000
0111111111111100
0011100100111000
0101010001010100
0101010001010100
1001001010010010
1001001010010010
1111111011111110
0111110001111100
0011100000111000
0000000000000000
0000000000000000

2697:
0000000000000000
0000000000000000
0000000000000000
0000000000000000
0000001111100000
0000011111110000
0000101111111000
0000101111111000
0001000111110000
0001000011100000
0001000000000000
0000000111110000
0000001001001000
0000010001000100
0000000000000000
0000000000000000

2698:
0000000000000000
0000000000000000
0000001110000000
0000010001000000
0000010001000000
0000010001000000
0000001110000000
0000000100000000
0011100100111000
0011110101111000
0001110101110000
0000110101100000
0000001110000000
0000000100000000
0000000100000000
0000000000000000

2699:
0000000000000000
0000000000000000
0000000100000000
0010000100001000
0001011111010000
0000100000100000
0001000000010000
0001000000010000
0111000100011100
0001000000010000
0001000000010000
0000100000100000
0001011111010000
0010000100001000
0000000100000000
0000000000000000

269A:
0000000000000000
0000000100000000
0000001010000000
0011100100111000
0111111111111100
1111110101111110
0000010101000000
0000001110000000
0000000100000000
0000000100000000
0000000100000000
0000000100000000
0000000100000000
0000000100000000
0000000000000000
0000000000000000

269B:
0000000110000000
0000001001000000
0000001001000000
0111010000101110
1000111001110001
1000010110100001
0100111001110010
0011010110101100
0011010110101100
0100111001110010
1000010110100001
1000111001110001
0111010000101110
0000001001000000
0000001001000000
0000000110000000

269C:
0000000100000000
0000001010000000
0000010001000000
0011010001011000
0100110001100100
1000010001000010
1011001010011010
1100101010100110
0001101010110000
0001000000010000
0001101110110000
0000101010100000
0011101010111000
0010011011001000
0001100100110000
0000000100000000

269D:
0000000100000000
0000001010000000
0000010001000000
0000010001000000
0000100000000000
0110101111111100
1000100000000010
1000100000100010
0110000000100100
0001100000010000
0000011001010000
0000000010001000
0010000100001000
0010011001001000
0001100000110000
0000000000000000

269E:
0011000000000000
0000110000000000
0000001100000000
0000000011000000
0000000000110000
0000000000001100
0000000000000000
0011111111111100
0000000000000000
0000000000001100
0000000000110000
0000000011000000
0000001100000000
0000110000000000
0011000000000000
0000000000000000

269F:
0000000000001100
0000000000110000
0000000011000000
0000001100000000
0000110000000000
0011000000000000
0000000000000000
0011111111111100
0000000000000000
0011000000000000
0000110000000000
0000001100000000
0000000011000000
0000000000110000
0000000000001100
0000000000000000

26A0:
0000000000000000
0000000100000000
0000001010000000
0000001010000000
0000010001000000
0000010001000000
0000100100100000
0000100100100000
0001000100010000
0001000100010000
0010000100001000
0010000000001000
0100000100000100
0100000000000100
0111111111111100
0000000000000000

26A1:
00000000
00000000
00000000
00000000
00000010
00000100
00001000
00010000
00100000
01111110
00000100
00001000
00010000
00100000
01000000
00000000

26A2:
0000000000000000
0000000000000000
0000000000000000
0000000000000000
0000000000000000
0000111011100000
0001000100010000
0010001010001000
0010001010001000
0001000100010000
0000111011100000
0000010001000000
0000111011100000
0000010001000000
0000000000000000
0000000000000000

26A3:
0000000000000000
0000000000000000
0000000000000000
0000000111000000
0000000011000000
0000000101000000
0000111000111000
0001000100011000
0010001110101000
0010010101000000
0001101000100000
0000110000100000
0000010001000000
0000001110000000
0000000000000000
0000000000000000

26A4:
0000000000000000
0000000000111000
0000000000011000
0000000000101000
0000000111000000
0000001000100000
0000011100010000
0000101010010000
0001000101100000
0001000011000000
0000100010000000
0000011100000000
0000001000000000
0000011100000000
0000001000000000
0000000000000000

26A5:
0000000000000000
0000000000000000
0000000000000000
0000000000000000
0000000001110000
0000000000110000
0000000001010000
0000001110000000
0000010001000000
0000100000100000
0000100000100000
0000010001000000
0000001110000000
0000000100000000
0000001110000000
0000000100000000

26A6:
0000000000000000
0000000000000000
0000000000000000
0000000000000000
0000000000111000
0000000000011000
0000000010101000
0000000001000000
0000111010100000
0001000100000000
0010000010000000
0010000010000000
0001000100000000
0000111000000000
0000000000000000
0000000000000000

26A7:
0000000000000000
0000000000000000
0000000000000000
1110000000001110
1100000000000110
1010100000001010
0001000000010000
0010101110100000
0000010001000000
0000100000100000
0000100000100000
0000010001000000
0000001110000000
0000000100000000
0000001110000000
0000000100000000

26A8:
00000000
00000000
00010000
00111000
01010100
00010000
00111000
00010000
00111000
01000100
10000010
10000010
01000100
00111000
00000000
00000000

26A9:
0000000000000000
0000000000000000
0000000000000000
0000000000000000
0000000000000000
0000000000000000
0000000000000000
0000000000000000
0001110000000000
0010001000001000
0100000101000100
0100000111111110
0100000101000100
0010001000001000
0001110000000000
0000000000000000

26AA:
00000000
00000000
00000000
00000000
00000000
00000000
00000000
00000000
00111000
01000100
10000010
10000010
10000010
01000100
00111000
00000000

26AB:
00000000
00000000
00000000
00000000
00000000
00000000
00000000
00000000
00111000
01111100
11111110
11111110
11111110
01111100
00111000
00000000

26AC:
00000000
00000000
00000000
00000000
00000000
00000000
00000000
00000000
00000000
00011100
00100010
00100010
00100010
00011100
00000000
00000000

26AD:
0000000000000000
0000000000000000
0000000000000000
0000000000000000
0000000000000000
0000000000000000
0000000000000000
0000000000000000
0000111011100000
0001000100010000
0010001010001000
0010001010001000
0001000100010000
0000111011100000
0000000000000000
0000000000000000

26AE:
0000000000000000
0000000000000000
0000000000000000
0000000000000000
0000000000000000
0000000000000000
0000000000000000
0000000000000000
0000000010000000
0000111010111000
0001000111000100
0001000111000100
0001000111000100
0000111010111000
0000000010000000
0000000000000000

26AF:
0000000000000000
0000000000000000
0000000000000000
0000000000000000
0000000000000000
0000000000000000
0000000000000000
0000000000000000
0000000000000000
0011100000111000
0100010001000100
0100011111000100
0100010001000100
0011100000111000
0000000000000000
0000000000000000

26B0:
0000000000000000
0000000000000000
0000110000000000
0001001111000000
0010000000111110
0100000000000010
0100000000000010
0100000000000010
0100000000000010
0110000000111110
0101001111000010
0010111000111110
0001101111000000
0000110000000000
0000000000000000
0000000000000000

26B1:
0000000000000000
0000011111000000
0000001010000000
0000111111100000
0001000000010000
0010000000001000
0010000000001000
0001000000010000
0001000000010000
0001000000010000
0000100000100000
0000100000100000
0000100000100000
0000011111000000
0000000000000000
0000000000000000

26B2:
00000000
00000000
00000000
00000000
00000000
00011100
00100010
00100010
00100010
00011100
00001000
00001000
00001000
00001000
00000000
00000000

26B3:
00000000
00000000
00000000
00000000
00000000
00111000
01000100
00000010
00000010
00000100
00011000
00010000
01111100
00010000
00000000
00000000

26B4:
00000000
00000000
00000000
00000000
00010000
00101000
01000100
10000010
01000100
00101000
00010000
00010000
01111100
00010000
00000000
00000000

26B5:
00000000
00000000
00000000
00000000
10010010
01010100
00111000
11111110
00111000
01010100
10010010
00010000
01111100
00010000
00000000
00000000

26B6:
0000000000000000
0000000000000000
0000000000000000
0000000100000000
0000000100000000
0000000100000000
0000000100000000
0011100100111000
0000010001000000
0000001010000000
0111100100111100
0000010001000000
0000001010000000
0000000100000000
0000000000000000
0000000000000000

26B7:
00000000
00000000
00000000
00010010
00010100
00011000
00010100
00010010
00010000
00111000
01000100
01000100
01000100
00111000
00000000
00000000

26B8:
00000000
00000000
00000000
00000000
00011100
00111000
01110000
01110000
01110000
00111000
00011100
00001000
00111110
00001000
00000000
00000000

26B9:
00000000
00000000
00000000
00000000
00000000
00000000
01000010
00100100
00011000
11111111
00011000
00100100
01000010
00000000
00000000
00000000

26BA:
00000000
00000000
00000000
00000000
00000000
00000000
01000100
01000100
01000100
00101000
00101000
00101000
00010000
11111110
00000000
00000000

26BB:
00000000
00000000
00000000
00000000
00000000
00000000
11111110
00010000
00101000
00101000
00101000
01000100
01000100
01000100
00000000
00000000

26BC:
00000000
00000000
00000000
00000000
00000000
00000000
00000000
11111110
10000010
10000010
10000010
10010010
10010010
11111110
00010000
00011110

26BD:
0000000000000000
0000000000000000
0000000111000000
0000011100110000
0000111100111000
0001011100111100
0001000000000100
0010000111000010
0010001111100010
0011100111001110
0001110000011100
0001100000001100
0000100111001000
0000011111110000
0000000111000000
0000000000000000

26BE:
0000000000000000
0000000000000000
0000000111000000
0000011000110000
0000110000011000
0001001000100100
0001000000000100
0010000101000010
0010000000000010
0010000101000010
0001000000000100
0001001000100100
0000110000011000
0000011000110000
0000000111000000
0000000000000000

26BF:
0000000000000000
0000000000000000
0111111111111100
0100000000000100
0100001110000100
0100010001000100
0100010001000100
0100001110000100
0100000100000100
0100000100000100
0100000100000100
0100000111000100
0100000100000100
0100000000000100
0111111111111100
0000000000000000

26C0:
0000000000000000
0000000000000000
0000000000000000
0000000000000000
0000000000000000
0000011111100000
0001100000011000
0010000110000100
0010000110000100
0011100000011100
0010111111110100
0010101001010100
0001101001011000
0000011111100000
0000000000000000
0000000000000000

26C1:
0000000000000000
0000000000000000
0000011111100000
0001100000011000
0010000110000100
0010000110000100
0011100000011100
0010111111110100
0010101001010100
0011101001011100
0010111111110100
0010101001010100
0001101001011000
0000011111100000
0000000000000000
0000000000000000

26C2:
0000000000000000
0000000000000000
0000000000000000
0000000000000000
0000111111110000
0011100000011100
0110011111100110
0101111001111010
0101111001111010
0100011111100010
0101000000001010
0101010110101010
0110010110100110
0011100000011100
0000111111110000
0000000000000000

26C3:
0000000000000000
0000111111110000
0011100000011100
0110011111100110
0101111001111010
0101111001111010
0100011111100010
0101000000001010
0101010110101010
0100010110100010
0101000000001010
0101010110101010
0110010110100110
0011100000011100
0000111111110000
0000000000000000

26C4:
0000001111000000
0000001111000000
0000111111110000
0000010000100000
0000101001010000
0000100000010000
0000101001010000
0000100110010000
0000010000100000
0000011111100000
0000100000010000
0001000010001000
0111100000011110
0001000010001000
0000100000010000
0000011111100000

26C5:
0000000000000000
0000000000000000
0000000000000000
0000000100100000
0000000101001000
0000000000010000
0000000011000000
0000011100101100
0000100110100000
0001000001100000
0010000000010000
0010000000010000
0001000001100000
0000111110000000
0000000000000000
0000000000000000

26C6:
0000000000000000
0010001000100010
0100010001000100
0000000010001000
0001000000000000
0010001000100010
0100010001000100
0000000010001000
0001000000000000
0010001000100010
0100010001000100
0000000010000000
0001000000010010
0010001000100100
0100010001001000
0000000000000000

26C7:
1000101111001000
0000001111000000
0010111111110001
0000011111100100
1000110110110000
0010111111110010
0000110110110000
0100111001110100
0000011111100001
0100011111100000
0000111111110000
0001111101111000
0111111111111110
0001111101111000
0000111111110000
0000011111100000

26C8:
0000000000000000
0000011100100000
0000100011001100
0001000010110010
0010000100000010
0010000010000010
0001000100000100
0000101000011000
0000011111100000
0010000000000000
0100010001000000
0000000010000000
0001000000010000
0010001000100000
0100010001000000
0000000000000000

26C9:
0000000000000000
0011111111111000
0010000000001000
0010000000001000
0010000000001000
0010000000001000
0010000000001000
0010000000001000
0010000000001000
0001000000010000
0000100000100000
0000010001000000
0000001010000000
0000000100000000
0000000000000000
0000000000000000

26CA:
0000000000000000
0011111111111000
0011111111111000
0011111111111000
0011111111111000
0011111111111000
0011111111111000
0011111111111000
0011111111111000
0001111111110000
0000111111100000
0000011111000000
0000001110000000
0000000100000000
0000000000000000
0000000000000000

26CB:
0000000000000000
0000000000000000
0000000000000000
0111111111110000
0100010100010000
0100100010010000
0101000001010000
0110000000110000
0100000000010000
0110000000110000
0101000001010000
0100100010010000
0100010100010000
0111111111110000
0000000000000000
0000000000000000

26CC:
0000000000000000
0000000000000000
0000000000000000
0000000000000000
0010000000100000
0001000001000000
0000100010000000
0000010000000000
0000001000000000
0000000100000000
0000100010000000
0001000001000000
0010000000100000
0000000000000000
0000000000000000
0000000000000000

26CD:
0000000000000000
0011110000000000
0100001000000000
0100001000000000
1000000100000000
1111111100000000
1111111100000000
1111111100000000
0100001000000000
0100001000000000
0000000001000000
0000000010100000
0000000100010000
0000001000001000
0000010000000100
0000111111111110

26CE:
0000000000000000
0000000000000000
0000000000000000
0000000000000000
0000000000000000
0000010001000000
0000010001000000
0000010001010000
0001111001001000
0010010101001000
0010010011110000
0001010001000000
0000010001000000
0000011001100000
0000000000000000
0000000000000000

26CF:
0000000000000000
0100000011000000
0010011100000000
0001110000000000
0001110000000000
0011111000000000
0011001100000000
0010000110000000
0100000011000000
0100000001100000
0000000000110000
0000000000011000
0000000000001100
0000000000000110
0000000000000000
0000000000000000

26D0:
0000000000000000
0000000011100000
0000001100010000
0000010111001000
0000001111111000
0000010011101000
0000000000110000
0000000001000000
0001110000000000
0010000110000000
0010001000000000
0001101011000000
0000001000100000
0011110000100000
0000000000000000
0000000000000000

26D1:
0000000000000000
0000000000000000
0000011100000000
0001110111000000
0011100011100000
0111110111110000
1111111111111000
0100000000010000
0100000000010000
0100000000010000
0010000000100000
0010000000100000
0001100011000000
0000011100000000
0000000000000000
0000000000000000

26D2:
0000000000000000
0000000000000000
0000011100000000
0001100011000000
0010000000100000
0101000001010000
0100100010010000
1000000100001000
1000001000001000
1000010000001000
0100100010010000
0101000001010000
0010000000100000
0001100011000000
0000011100000000
0000000000000000

26D3:
0000000000000000
0010001000010000
0010101000111000
0001110001010100
0000100001000100
0001110001000100
0010101001010100
0010001000111000
0010001000010000
0010101000111000
0001110001010100
0000100001000100
0001110001000100
0010101001010100
0010001000111000
0000000000010000

26D4:
0000000000000000
0000000000000000
0000000000000000
0000011100000000
0001111111000000
0011111111100000
0111111111110000
0111111111110000
1100000000011000
1100000000011000
0111111111110000
0111111111110000
0011111111100000
0001111111000000
0000011100000000
0000000000000000

26D5:
0000000000000000
0000000000000000
0000110000110000
0001111000110000
0010110100110000
0000110000110000
0000100011100000
0000101111000000
0000101000000000
0000101111000000
0000100011100000
0000110000110000
0000110010110100
0000110001111000
0000110000110000
0000000000000000

26D6:
0000000000000000
0000000000000000
0000000110000000
0000001111000000
0000011111100000
0000101111010000
0001000111011000
0010101011011100
0111101111011110
0011101101010100
0001101110001000
0000111111010000
0000011111100000
0000001111000000
0000000110000000
0000000000000000

26D7:
0000000000000000
0000000110000000
0000001001000000
0000010000100000
0000100000010000
0001010000101000
0010111000100100
0101010100100010
1000010000100001
0100010010101010
0010010001110100
0001000000101000
0000100000010000
0000010000100000
0000001001000000
0000000110000000

26D8:
0000000000000000
0000000000000000
0000011111111100
0000011111111100
0000011111111100
0000111111111100
0001111111111100
0011111111111100
0011111111111100
0011111111111100
0011111111111100
0011111111111100
0011111111111100
0011111111111100
0000000000000000
0000000000000000

26D9:
0000000000000000
0000000000000000
0001100000000110
0001100100000110
0001100100000110
0001100100000110
0011000000000110
0110000100000110
1100000100000110
1100000100000110
1100000000000110
1100000100000110
1100000100000110
1100000100000110
0000000000000000
0000000000000000

26DA:
0000000000000000
0000000000000000
0111100000011110
0111100000011110
0111000000001110
0110000000000110
0000000000000000
0000000000000000
0000000000000000
0000000000000000
0110000000000110
0111000000001110
0111100000011110
0111100000011110
0000000000000000
0000000000000000

26DB:
0000000000000000
0000000000000000
0000000000000000
0000000000000000
0001111111110000
0001100000110000
0000110001100000
0000110001100000
0000011011000000
0000011111000000
0000001110000000
0000001110000000
0000000100000000
0000000100000000
0000000000000000
0000000000000000

26DC:
0000000000000000
0000000000000000
0001100000000011
0001100001000011
0001100001000011
0001100001000011
0011000000000011
0110000001000011
1100000001000011
1100000001000011
1100010000000011
1100010001000011
1100010001000011
1100010001000011
0000000000000000
0000000000000000

26DD:
0000000000000000
0000000000000000
0000000000000000
0011111111111000
0011000000011000
0010100000101000
0010010001001000
0010001010001000
0010000100001000
0010001010001000
0010010001001000
0010100000101000
0011000000011000
0011111111111000
0000000000000000
0000000000000000

26DE:
0000000000000000
0000000000000000
1111110111111000
1111100011111000
1110000000111000
1101000000011000
1100100000011000
1000010000001000
0000001000000000
1000000100001000
1100000010011000
1100000001011000
1110000000111000
1111100011111000
1111110111111000
0000000000000000

26DF:
0000000000000000
0000000000000000
0111111111110000
0111111111110000
0111111111111100
0111111111110010
0111111111110010
0111111111111110
0111111111111110
0111111111111110
0110111111110110
0101011111101010
0011100000011100
0001000000001000
0000000000000000
0000000000000000

26E0:
0000000000000000
0111111111111110
0011111000000010
0001110001000010
0000100001000010
0000000000000010
0000000001000010
0000000001000010
0000000000000010
0000000001000010
0000000001000010
0000000000000010
0000000001000010
0000000001000010
0000000000000010
0000000000000000

26E1:
0000000000000000
0100000000000000
0110000000000000
0111000000000000
0111100000000000
0111000000000000
0110000000000000
0100000000000000
0100000010000000
0100000001000000
0100001000100000
0100011000010000
0100111000001000
0101111000000100
0111111111111110
0000000000000000

26E2:
00000000
00000000
00000000
00010000
00111000
01111100
00010000
00010000
01111100
10000010
10111010
10111010
10000010
01111100
00000000
00000000

26E3:
0000000000000000
0000000100000000
0001100100110000
0001100100110000
0000000100000000
0000000100000000
0000001110000000
0000110001100000
0000100000100000
0001000000010000
0001000000010000
0001000000010000
0000100000100000
0000110001100000
0000001110000000
0000000000000000

26E4:
0000000000000000
0000000100000000
0000000100000000
0000001010000000
0000001010000000
0000001010000000
0111111111111100
0010010001001000
0001010001010000
0000110001100000
0000101010100000
0000100100100000
0001011011010000
0001100000110000
0010000000001000
0000000000000000

26E5:
0000000000000000
0000000100000000
0000000100000000
0000001010000000
0000001010000000
0000000010000000
0111111101011100
0010000001001000
0001010000010000
0000100001100000
0000101000000000
0000100100100000
0001010011010000
0001100000110000
0010000000001000
0000000000000000

26E6:
0000000000000000
0000000100000000
0000000100000000
0000001010000000
0000001010000000
0000001000000000
0111010111111100
0010010000001000
0001000001010000
0000110000100000
0000000010100000
0000100100100000
0001011001010000
0001100000110000
0010000000001000
0000000000000000

26E7:
0000000000000000
0010000000001000
0001100000110000
0001011011010000
0000100100100000
0000101010100000
0000110001100000
0001010001010000
0010010001001000
0111111111111100
0000001010000000
0000001010000000
0000001010000000
0000000100000000
0000000100000000
0000000000000000

26E8:
0000000000000000
0000000000000000
0000000000000000
0011111111110000
0010000000010000
0010001100010000
0010001100010000
0010111111010000
0010111111010000
0010001100010000
0010001100010000
0010000000010000
0011000000110000
0000110011000000
0000001100000000
0000000000000000

26E9:
0000000000000000
0000000000000000
1111111111111110
0001000000010000
0001000000010000
0001000000010000
0001111111110000
0001000000010000
0001000000010000
0001000000010000
0001000000010000
0001000000010000
0001000000010000
0001000000010000
0000000000000000
0000000000000000

26EA:
0000000100000000
0000000100000000
0000011111000000
0000000100000000
0000000100000000
0000001110000000
0000011111000000
0001111111110000
0111110001111100
0011100000111000
0011001110011000
0011011111011000
0011011111011000
0011011111011000
0000000000000000
0000000000000000

26EB:
0000000000000000
0000000000000000
0000000000000000
0000111110000000
0000100010000000
0111100011110000
0100000000010000
0100000000010000
0100000000010000
0100000000010000
0100000000010000
0100000000010000
0100000000010000
0100000000010000
0000000000000000
0000000000000000

26EC:
0000000000000000
0000000000000000
0000000000000000
0000000000000000
0000000000000000
0000000110000000
0000000110000000
0000000000000000
0000000000000000
0000000000000000
0000000000000000
0000110000110000
0000110000110000
0000000000000000
0000000000000000
0000000000000000

26ED:
0000000000000000
0000000000000000
0000000000000000
0000000100000000
0001000100010000
0000101110100000
0000010001000000
0000100000100000
0011100000111000
0000100000100000
0000010001000000
0000101110100000
0001000100010000
0000000100000000
0000000000000000
0000000000000000

26EE:
0000000000000000
0000000000000000
0000000000000000
0000000100000000
0001000100010000
0000101110100000
0000010001000100
0000100000100100
0111100000111100
0100100000100000
0100010001000000
0000101110100000
0001000100010000
0000000100000000
0000000000000000
0000000000000000

26EF:
0000000000000000
0000000000000000
0000000000000000
0000000100000000
0001000100010000
0000101110100000
0000010001000000
0000101110100000
0011101110111000
0000101110100000
0000010001000000
0000101110100000
0001000100010000
0000000100000000
0000000000000000
0000000000000000

26F0:
0000000000000000
0000000000000000
0000000000000000
0000000000000000
0000000100000000
0000001010000000
0000010001100000
0000010000010000
0000100000011000
0001001111111000
0011111111111100
0011111111111100
0111111111111110
0111111111111110
0000000000000000
0000000000000000

26F1:
0000000000000000
0000011111100000
0001100000011000
0010100000100100
0100011111100010
0111100100011110
0100000100000010
0000001000000000
0000001000000000
0000001000000000
0000010000000000
0000010000000000
0000010000000000
0111111111111110
0111111111111110
0000000000000000

26F2:
0000000000000000
0001010001010000
0010001010001000
0100001010000100
0100000000000100
0100001110000100
0100011111000100
0000011111000000
0000000000000000
0111111111111100
0011111111111000
0000111111100000
0000111111100000
0001111111110000
0011111111111000
0000000000000000

26F3:
0000000000000000
0000000110000000
0000000111100000
0000000111111000
0000000100000000
0000000100000000
0000000100000000
0000000100000000
0000000100000000
0011110101111000
0111110101111100
1111110001111110
0111111011111100
0011111111111000
0000011111000000
0000000000000000

26F4:
0000000000000000
0000000000000000
0000001100000000
0000001100000000
0000001100000000
0000011111100000
0000101001010000
0001001001001000
0010001001001000
1111111111111100
0011111111111000
0001111111111000
0000111111110000
0000000000000000
0000000000000000
0000000000000000

26F5:
0000000000000000
0000000100000000
0000000110000000
0000000101000000
0000010101000000
0000110100100000
0001010100100000
0010010100010000
0100010100010000
1111110111111000
0000000100000000
1111111111111100
0011111111111000
0001111111111000
0000111111110000
0000000000000000

26F6:
0000000000000000
0011100000011100
0100000000000010
0100000000000010
0100000000000010
0000000000000000
0000000000000000
0000000000000000
0000000000000000
0000000000000000
0000000000000000
0100000000000010
0100000000000010
0100000000000010
0011100000011100
0000000000000000

26F7:
0000000000000000
0000000000000000
0011100000000000
0011100000000000
0011100000000000
0000011000000000
0000111000100000
0111111111110000
0001110000100000
0001110000001100
0000111000110000
0000111111000000
0000001100000000
0001110000000000
0000000000000000
0000000000000000

26F8:
0000000000000000
0000000000000000
0000000000000000
0000000000000000
0000000000000000
0000000011110000
0000000011110000
0000000011110000
0000000011110000
0001111111110000
0011111111110000
0011111111100000
0000100001000000
0011111111111000
0000000000000000
0000000000000000

26F9:
0000000000000000
0000001110000000
0000001110000000
0000001110000000
0000000000000000
0000001111111100
0000011110000000
0000101110000000
0001001110001100
0010001110001100
0000001110000000
0000011011000000
0000011011000000
0000110001100000
0000110001100000
0111100000111100

26FA:
0000000000000000
0000011000000000
0000010100000000
0000111010000000
0000111001000000
0000111000100000
0001111100010000
0001111100001000
0001111100000100
0011111110000010
0011111110000100
0011000110001000
0111000111001000
0111000111010000
0111000111100000
0000000000000000

26FB:
0000000000000000
0000000000000000
0000011111000000
0001100000110000
0010000000001000
0011000000011000
0000100000100000
0000010001000000
0000010001000000
0000010001000000
0000100000100000
0011000000011000
0010000000001000
0001100000110000
0000011111000000
0000000000000000

26FC:
0000000000000000
0000000000000000
0000000100000000
0000000100000000
0000000100000000
0000000100000000
0000011111000000
0000000000000000
0000000000000000
0001000000010000
0001000000010000
0001000000010000
0001000000010000
0111110001111100
0000000000000000
0000000000000000

26FD:
0000000000000000
0000000000000000
0000111110000000
0001111111011000
0001000001000100
0001000001000010
0001111111110010
0001111111001010
0001111111001010
0001111111001010
0001111111001010
0001111111000100
0001111111000000
0111111111110000
0000000000000000
0000000000000000

26FE:
0000000000000000
0111111111111110
0111111111111110
0111000000000110
0111000000011010
0111000000011010
0111000000011010
0111000000000110
0111100000001110
0111110000011110
0100111111110010
0100011111100010
0110000000000110
0111100000011110
0111111111111110
0000000000000000

26FF:
0000000000000000
0000000000000000
0111111111111100
0100000000000100
0100000000000100
0111111111111100
0111111111111100
0100000000000100
0100000000000100
0111111111111100
0100000000000000
0100000000000000
0100000000000000
0100000000000000
0100000000000000
0000000000000000

2700:
0000000000000000
0000000000000000
0011100000000100
0111110000011110
0110110000111100
0111111101111000
0011111111110000
0000001111100000
0011111111110000
0111111101111000
0110110000111100
0111110000011110
0011100000000100
0000000000000000
0000000000000000
0000000000000000

2701:
0000000000000000
0011100000000000
0111110000000000
0110110000000000
0111110000000000
0011110000000000
0000111000000000
0111111111111100
1111111111111110
1101100111000000
1111100011100000
0111000000000000
0000000000000000
0000000000000000
0000000000000000
0000000000000000

2702:
0000000000000000
0000000000000000
0011100000000110
0111110000011100
0110110000111000
0111111101110000
0011111111100000
0000001111000000
0011111111100000
0111111101110000
0110110000111000
0111110000011100
0011100000000110
0000000000000000
0000000000000000
0000000000000000

2703:
0000000000000000
0000000000000000
0000000000000000
0000000000000000
0111000000000000
1111100011100000
1101100111000000
1111111111111110
0111111111111100
0000111000000000
0011110000000000
0111110000000000
0110110000000000
0111110000000000
0011100000000000
0000000000000000

2704:
0000000000000000
0000000000000000
0111000000001100
1000100000110010
1010111001000100
1000000110001000
0111100100010000
0000011000100000
0111100001010000
1000000110001000
1010111001000100
1000100000110010
0111000000001100
0000000000000000
0000000000000000
0000000000000000

2705:
0000000000000000
0000000000000000
0000000000000000
0000000000000000
0000000000000100
0000000000001010
0000000000010010
0000000000100100
0010000001001000
0101000010010000
0101000100100000
0010101001000000
0010010010000000
0001000100000000
0000111000000000
0000000000000000

2706:
0000011111000000
0001100000110000
0010000000001000
0100000111000100
0100011111100100
1000111111110010
1000111101110010
1001111001100010
1001110000000010
1001111100000010
0100111100000100
0100011000000100
0010000000001000
0001100000110000
0000011111000000
0000000000000000

2707:
0000011111000000
0001100100110000
0010001110001000
0100001110000100
0100000100000100
1000001110000010
1000011111000010
1000011111000010
1000011111000010
1000101110100010
0101110001110100
0101100000110100
0010000000001000
0001100000110000
0000011111000000
0000000000000000

2708:
0000000000000000
0000100000000000
0000111100000000
0000011000000000
0000011111000000
1100001110000000
1110001111000000
0111111111111110
0111111111111110
1110001111000000
1100001110000000
0000011111000000
0000011000000000
0000111100000000
0000100000000000
0000000000000000

2709:
0000000000000000
0000000000000000
0000000000000000
0000000000000000
0111111111111110
0110000000000110
0101000000001010
0100100110010010
0100011111100010
0100011111100010
0100100110010010
0101000000001010
0110000000000110
0111111111111110
0000000000000000
0000000000000000

270A:
0000000000000000
0000000000000000
0000000000000000
0000000000000000
0000001101100000
0000110010010000
0001010010010000
0011010111111000
0101010100000100
0101010011100100
0101010011000100
0011011100000100
0010100000001000
0001000000010000
0000111111100000
0000000000000000

270B:
0000000000000000
0000101010000000
0001010101000000
0001010101000000
0011010101000000
0101010101000000
0101010101001100
0101010101010010
0100000000100010
0100000000000100
0100000000001000
0010000000010000
0001000000010000
0000111111100000
0000000000000000
0000000000000000

270C:
0001100000110000
0010010001001000
0010001010001000
0001001010010000
0001000100010000
0000100100100000
0000100000100000
0111110011111100
1001001010000010
1001001001110010
1001001000100010
1001001001000010
0111110000000100
0010000000001000
0001111111110000
0000000000000000

270D:
0000000000000000
0000000000001000
0000000000011100
0000000000111000
0000001111110111
0000110011110101
0001000111001101
0010001110000101
0100011100000101
0110111111100101
0001001000000101
0010111111111101
0111000000000101
0110000000000111
0000000000000000
0000000000000000

270E:
0000000000000000
0000000000000000
0001100000000000
0010011000000000
0101010100000000
0100101010000000
0111000101000000
0010100010100000
0001010001010000
0000101000101000
0000010100101000
0000001011001000
0000000100011000
0000000011111000
0000000000000000
0000000000000000

270F:
0000000000000000
0000000000000000
0000000000000000
0000000000000000
0011111111110000
0101000000101000
1000111111110100
1010100000010110
1000111111110100
0101000000101000
0011111111110000
0000000000000000
0000000000000000
0000000000000000
0000000000000000
0000000000000000

2710:
0000000000000000
0000000000000000
0000000011111000
0000000100011000
0000001011001000
0000010100101000
0000101000101000
0001010001010000
0010100010100000
0111000101000000
0100101010000000
0101010100000000
0010011000000000
0001100000000000
0000000000000000
0000000000000000

2711:
0000000000000000
0000000000000000
0000000000000000
0000000000000000
0000000011110000
0111100100001000
1000011001101100
1000000011111110
1000011001101100
0111100100001000
0000000011110000
0000000000000000
0000000000000000
0000000000000000
0000000000000000
0000000000000000

2712:
0000000000000000
0000000000000000
0000000000000000
0000000000000000
0000000011100000
0111100111110000
1111111100111000
1111111100001110
1111111100111000
0111100111110000
0000000011100000
0000000000000000
0000000000000000
0000000000000000
0000000000000000
0000000000000000

2713:
00000000
00000000
00000000
00000000
00000001
00000001
00000010
00000010
01000100
01000100
00101000
00101000
00010000
00010000
00000000
00000000

2714:
0000000000000000
0000000000000000
0000000000000000
0000000000000000
0000000000000100
0000000000001110
0100000000011100
1110000000111000
1110000001110000
0111000011100000
0111000111000000
0011101110000000
0011111100000000
0001111000000000
0000110000000000
0000000000000000

2715:
0000000000000000
0000000000000000
0001000000010000
0011100000111000
0001110001110000
0000111011100000
0000011111000000
0000001110000000
0000011111000000
0000111011100000
0001110001110000
0011100000111000
0001000000010000
0000000000000000
0000000000000000
0000000000000000

2716:
0001000000010000
0011100000111000
0111110001111100
1111111011111110
0111111111111100
0011111111111000
0001111111110000
0000111111100000
0001111111110000
0011111111111000
0111111111111100
1111111011111110
0111110001111100
0011100000111000
0001000000010000
0000000000000000

2717:
00000000
00000000
00000000
00000000
00100001
00100010
00010100
00010100
00001000
00001000
00010100
00010100
00100010
00100010
01000000
01000000

2718:
0000000000000000
0110000000011000
0111000001110000
0011000111100000
0011101110000000
0001111100000000
0000111000000000
0001111100000000
0001101110000000
0011100111000000
0011000011100000
0111000001110000
0110000000111000
0110000000010000
0010000000000000
0000000000000000

2719:
0000011111000000
0000010001000000
0000010101000000
0000010101000000
0000010101000000
1111110101111110
1000000100000010
1011111111111010
1000000100000010
1111110101111110
0000010101000000
0000010101000000
0000010101000000
0000010001000000
0000011111000000
0000000000000000

271A:
0000011111000000
0000011111000000
0000011111000000
0000011111000000
0000011111000000
1111111111111110
1111111111111110
1111111111111110
1111111111111110
1111111111111110
0000011111000000
0000011111000000
0000011111000000
0000011111000000
0000011111000000
0000000000000000

271B:
0000001110000000
0000001110000000
0000001110000000
0000001110000000
0000001110000000
0000001110000000
1111110001111110
1111110001111110
1111110001111110
0000001110000000
0000001110000000
0000001110000000
0000001110000000
0000001110000000
0000001110000000
0000000000000000

271C:
0000011111000000
0000011111000000
0000011111000000
0000011111000000
0000011111000000
1111100000111110
1111100000111110
1111100000111110
1111100000111110
1111100000111110
0000011111000000
0000011111000000
0000011111000000
0000011111000000
0000011111000000
0000000000000000

271D:
0000000000000000
0000000000000000
0000001110000000
0000001110000000
0000001110000000
0001111111110000
0001111111110000
0001111111110000
0000001110000000
0000001110000000
0000001110000000
0000001110000000
0000001110000000
0000000000000000
0000000000000000
0000000000000000

271E:
0000011110000000
0000010011000000
0000010011000000
0000010011000000
0111110011111000
0100000000001100
0100000000001100
0111110011111100
0011110011111100
0000010011000000
0000010011000000
0000010011000000
0000010011000000
0000011111000000
0000001111000000
0000000000000000

271F:
0000000000000000
0000111111100000
0000100000100000
0111101110111100
0100001110000100
0101111111110100
0101111111110100
0101111111110100
0100001110000100
0111101110111100
0000101110100000
0000101110100000
0000101110100000
0000100000100000
0000111111100000
0000000000000000

2720:
0000000000000000
0000111111111000
0000001111100000
0010000111000010
0010000111000010
0011000111000110
0011111111111110
0011111111111110
0011111111111110
0011000111000110
0010000111000010
0010000111000010
0000001111100000
0000111111111000
0000000000000000
0000000000000000

2721:
0000000000000000
0000000000000000
0000000100000000
0000001010000000
0000010001000000
0111111111111100
0010010001001000
0001100000110000
0000100000100000
0001100000110000
0010010001001000
0111111111111100
0000010001000000
0000001010000000
0000000100000000
0000000000000000

2722:
0000001110000000
0000011111000000
0000011111000000
0000001110000000
0000001110000000
0110000100001100
1111100100111110
1111111111111110
1111100100111110
0110000100001100
0000001110000000
0000001110000000
0000011111000000
0000011111000000
0000001110000000
0000000000000000

2723:
0000001110000000
0000011111000000
0000011111000000
0000011111000000
0000001110000000
0111000100011100
1111100100111110
1111111111111110
1111100100111110
0111000100011100
0000001110000000
0000011111000000
0000011111000000
0000011111000000
0000001110000000
0000000000000000

2724:
0000011111000000
0000111111100000
0000111111100000
0000011111000000
0110001110001100
1111001110011110
1111111111111110
1111111111111110
1111111111111110
1111001110011110
0110001110001100
0000011111000000
0000111111100000
0000111111100000
0000011111000000
0000000000000000

2725:
0000000100000000
0000001110000000
0000011111000000
0000011111000000
0000000100000000
0011000100001100
0111000100001110
1111111111111111
0111000100001110
0011000100001100
0000000100000000
0000011111000000
0000011111000000
0000001110000000
0000000100000000
0000000000000000

2726:
0000000100000000
0000001110000000
0000001110000000
0000011111000000
0000011111000000
0001111111110000
0111111111111100
1111111111111110
0111111111111100
0001111111110000
0000011111000000
0000011111000000
0000001110000000
0000001110000000
0000000100000000
0000000000000000

2727:
0000000100000000
0000001010000000
0000001010000000
0000010001000000
0000010001000000
0001100000110000
0110000000001100
1000000000000010
0110000000001100
0001100000110000
0000010001000000
0000010001000000
0000001010000000
0000001010000000
0000000100000000
0000000000000000

2728:
0000000000000000
0000010000000000
0000010000000000
0000101000000000
0001000100000000
0110000011000000
0001000100010000
0000101000010000
0000010000101000
0000010011000110
0000000000101000
0000000000010000
0000000100010000
0000001010000000
0000000100000000
0000000000000000

2729:
0000000000000000
0000000100000000
0000001010000000
0000001010000000
1111110001111110
0100000000000100
0011100000111000
0000100000100000
0001000000010000
0001000100010000
0010011011001000
0010100000101000
0011000000011000
0000000000000000
0000000000000000
0000000000000000

272A:
0000011111000000
0001111111110000
0011111011111000
0111111011111100
0111110001111100
1100000000000110
1111000000011110
1111100000111110
1111000000011110
1111000100011110
0110011111001100
0110111111101100
0011111111111000
0001111111110000
0000011111000000
0000000000000000

272B:
0000000000000000
0000000100000000
0000001110000000
0000001110000000
1111111111111110
0111110001111100
0011100000111000
0000100000100000
0001110001110000
0001111111110000
0011111011111000
0011100000111000
0011000000011000
0000000000000000
0000000000000000
0000000000000000

272C:
0000000000000000
0000000100000000
0000001010000000
0000001010000000
1111110001111110
0100001110000100
0010011111001000
0001011111010000
0001001110010000
0001000000010000
0010011111001000
0010100000101000
0011000000011000
0000000000000000
0000000000000000
0000000000000000

272D:
0000000000000000
0000000100000000
0000001010000000
0001110001110000
1110000100001110
0100111111100100
0010001110001000
0001011111010000
0001010001010000
0001000100010000
0010001010001000
0010110001101000
0011000000011000
0000000000000000
0000000000000000
0000000000000000

272E:
0000000000000000
0000000100000000
0000001010000000
0001110101110000
1110001110001110
0101111111110100
0010111111101000
0001011111010000
0001011011010000
0001010101010000
0010001010001000
0010110001101000
0011000000011000
0000000000000000
0000000000000000
0000000000000000

272F:
0000000000000000
0000000100000000
0000001110000000
0000010111000000
1111100111111110
0101110110001100
0010011110111000
0001001111110000
0000111111010000
0001110110010000
0001100111010000
0011001011101000
0010110001111000
0011000000011000
0000000000000000
0000000000000000

2730:
0000000000000000
0000000100000000
0000001010000000
0000001011000000
1111110001111110
0100000000000111
0011100000111110
0000100000111100
0001000000010000
0001000100011000
0010011111001000
0010111100101100
0011110000011100
0001100000001100
0000000000000000
0000000000000000

2731:
0000000000000000
0000001110000000
0000001110000000
0000001110000000
0100001110000100
1111001110011110
0011111111111100
0000111111110000
0011111111111100
1111001110011110
0100001110000100
0000001110000000
0000001110000000
0000001110000000
0000000000000000
0000000000000000

2732:
0000000000000000
0000001110000000
0000001110000000
0000001110000000
0100001110000100
1111001110011110
0011110001111100
0000100000110000
0011110001111100
1111001110011110
0100001110000100
0000001110000000
0000001110000000
0000001110000000
0000000000000000
0000000000000000

2733:
0000000100000000
0000000100000000
0010000100001000
0001000100010000
0000110101100000
0000111111100000
0000011111000000
1111111111111110
0000011111000000
0000111111100000
0000110101100000
0001000100010000
0010000100001000
0000000100000000
0000000100000000
0000000000000000

2734:
0000000100000000
0000000100000000
0010000100001000
0001101110110000
0001111111110000
0000111111100000
0001111111100000
1111111111111110
0001111111110000
0000111111100000
0001111111110000
0001101110110000
0010000100001000
0000000100000000
0000000100000000
0000000000000000

2735:
0000000100000000
0000001010000000
0011110011111000
0010110011001000
0010011010011000
0011001010111000
0111110101001100
1000001110000110
0100110101111100
0011101010011000
0011001011001000
0010011001101000
0011111001111000
0000001010000000
0000000100000000
0000000000000000

2736:
0000000000000000
0000000100000000
0000000100000000
0000000100000000
0100001110000100
0011101110111000
0001111111110000
0000111111100000
0001111111110000
0011101110111000
0100001110000100
0000000100000000
0000000100000000
0000000100000000
0000000000000000
0000000000000000

2737:
0000100000100000
0000100000100000
0000110001100000
0000011011000000
1110011011001110
0011101110111000
0001111111110000
0000011111000000
0001111111110000
0011101110111000
1110011011001110
0000011011000000
0000110001100000
0000100000100000
0000100000100000
0000000000000000

2738:
0000100000100000
0000110001100000
0000111011100000
0000111111100000
1111111111111110
0111111111111100
0011111111111000
0001111111110000
0011111111111000
0111111111111100
1111111111111110
0000111111100000
0000111011100000
0000110001100000
0000100000100000
0000000000000000

2739:
0000000100000000
0001100100110000
0000111111100000
0100111111100100
0111111111111100
0011111111111000
0011111111111000
1111111111111110
0011111111111000
0011111111111000
0111111111111100
0100111111100100
0000111111100000
0001100100110000
0000000100000000
0000000000000000

273A:
0000100100100000
0100100100100100
0010010101001000
0001010101010000
1100101110100110
0011011111011000
0000111111100000
1111111111111110
0000111111100000
0011011111011000
1100101110100110
0001010101010000
0010010101001000
0100100100100100
0000100100100000
0000000000000000

273B:
0000000100000000
0000001110000000
0000001110000000
0000001110000000
1110000100001110
0111000100011100
0000110101100000
0000001110000000
0000110101100000
0111000100011100
1110000100001110
0000001110000000
0000001110000000
0000001110000000
0000000100000000
0000000000000000

273C:
0000001110000000
0000011111000000
0000011111000000
0110001110001100
1111000100011110
1111001110011110
0011110001111000
0000100000100000
0011110001111000
1111001110011110
1111000100011110
0110001110001100
0000011111000000
0000011111000000
0000001110000000
0000000000000000

273D:
0000001110000000
0000011111000000
0000011111000000
0110001110001100
1111001110011110
1111000100011110
0011110101111000
0000011111000000
0011110101111000
1111000100011110
1111001110011110
0110001110001100
0000011111000000
0000011111000000
0000001110000000
0000000000000000

273E:
0000001110000000
0000010001000000
0000010001000000
0111010001011100
1111110001111110
1111111011111110
0111111111111100
0010000100001000
0100001110000100
1000011111000010
1000111111100010
0111011111011100
0000011111000000
0000011111000000
0000001110000000
0000000000000000

273F:
0000001110000000
0000011111000000
0000111111100000
0111011111011100
1111111111111110
1111110001111110
1111000000011110
0111000000011100
0001100000110000
0011111011111000
0111111111111100
0111111011111100
0111111011111100
0011110001111000
0000000000000000
0000000000000000

2740:
0000001110000000
0000010001000000
0000100100100000
0111100100111100
1000010101000010
1011001110011010
1000111111100010
0110111111101100
0001011111010000
0010011111001000
0100100100100100
0101001010010100
0100001010000100
0011110001111000
0000000000000000
0000000000000000

2741:
0000001110000000
0011110001111000
0100010101000100
0101000100010100
0100110101100100
0110111111101100
1000011011000010
1011110001111010
1000011011000010
0110111111101100
0100110101100100
0101000100010100
0100010101000100
0011110001111000
0000001110000000
0000000000000000

2742:
0000011111000000
0001111011110000
0011111011111000
0101110001110100
0110011111001100
1111110001111110
1110100000101110
1000100000100010
1110100000101110
1111110001111110
0110011111001100
0101110001110100
0011111011111000
0001111011110000
0000011111000000
0000000000000000

2743:
0000001110000000
0000010011000000
0000010011000000
0111010011011100
1011110011100110
1001111110011110
0100111100111100
0011111111111000
0111001001100100
1110011001110010
1100111001111010
0111011001011100
0000011001000000
0000011001000000
0000001110000000
0000000000000000

2744:
0000000000000000
0000000100000000
0000010101000000
0000001110000000
1100100100100110
0011000100011000
0100110101100100
0000001110000000
0100110101100100
0011000100011000
1100100100100110
0000001110000000
0000010101000000
0000000100000000
0000000000000000
0000000000000000

2745:
0000000000000000
0000000100000000
0000010101000000
0000101110100000
1100100100100110
0011000100011000
0100110101100100
1000001110000010
0100110101100100
0011000100011000
1100100100100110
0000101110100000
0000010101000000
0000000100000000
0000000000000000
0000000000000000

2746:
0000100100100000
0000110101100000
0000011111000000
0001001110010000
1100100100100110
0011000100011000
1110110101101110
0000001110000000
1110110101101110
0011000100011000
1100100100100110
0001000100010000
0000011111000000
0000110101100000
0000100100100000
0000000000000000

2747:
0000000000000000
0000001111000000
0010001111000100
0001001111001000
0000100110010000
0000010110100000
0111000000001110
0111110110111110
0111110110111110
0111000000001110
0000010110100000
0000100110010000
0001001111001000
0010001111000100
0000001111000000
0000000000000000

2748:
0000011111000000
0100011111000100
0010011111001000
0001001110010000
0000101110100000
1110000000001110
1111101110111110
1111101110111110
1111101110111110
1110000000001110
0000101110100000
0001001110010000
0010011111001000
0100011111000100
0000011111000000
0000000000000000

2749:
0000001110000000
0000011111000000
0000011111000000
0111011111011100
1111101110111110
1111100100111110
0111110101111100
0000011111000000
0111110101111100
1111100100111110
1111101110111110
0111011111011100
0000011111000000
0000011111000000
0000001110000000
0000000000000000

274A:
0000000100000000
0000001110000000
0011001110011000
0011000100011000
0000100100100000
0000010101000000
0110001110001100
1111111111111110
0110001110001100
0000010101000000
0000100100100000
0011000100011000
0011001110011000
0000001110000000
0000000100000000
0000000000000000

274B:
0000000100000000
0000001110000000
0011001110011000
0011101110111000
0001100100110000
0000011111000000
0111011111011100
1111111111111110
0111011111011100
0000011111000000
0001100100110000
0011101110111000
0011001110011000
0000001110000000
0000000100000000
0000000000000000

274C:
0000000000000000
0000000000000000
0001100000110000
0011110001111000
0001111011110000
0000111111100000
0000011111000000
0000011111000000
0000111111100000
0001111011110000
0011110001111000
0011100000111000
0001000000010000
0000000000000000
0000000000000000
0000000000000000

274D:
0000000000000000
0000000000000000
0000001111000000
0000110000110000
0001000000001000
0001000000001100
0010000000000100
0010000000000110
0010000000000110
0010000000000110
0001000000001110
0001000000001100
0000110000111100
0000001111111000
0000000111100000
0000000000000000

274E:
0000000000000000
0111111111111100
0110111111101100
0100011111000100
0110001110001100
0111000100011100
0111100000111100
0111110001111100
0111100000111100
0111000100011100
0110001110001100
0100011111000100
0110111111101100
0111111111111100
0000000000000000
0000000000000000

274F:
0000000000000000
0001111111111000
0001000000001000
0001000000001110
0001000000001110
0001000000001110
0001000000001110
0001000000001110
0001000000001110
0001000000001110
0001111111111110
0000011111111110
0000011111111110
0000000000000000
0000000000000000
0000000000000000

2750:
0000000000000000
0000011111111110
0000011111111110
0001111111111110
0001000000001110
0001000000001110
0001000000001110
0001000000001110
0001000000001110
0001000000001110
0001000000001110
0001000000001000
0001111111111000
0000000000000000
0000000000000000
0000000000000000

2751:
0000000000000000
0001111111111000
0001000000001100
0001000000001110
0001000000001110
0001000000001110
0001000000001110
0001000000001110
0001000000001110
0001000000001110
0001111111111110
0000111111111110
0000011111111110
0000000000000000
0000000000000000
0000000000000000

2752:
0000000000000000
0000011111111110
0000111111111110
0001111111111110
0001000000001110
0001000000001110
0001000000001110
0001000000001110
0001000000001110
0001000000001110
0001000000001110
0001000000001100
0001111111111000
0000000000000000
0000000000000000
0000000000000000

2753:
0000000000000000
0000001110000000
0000111111100000
0001111001110000
0001100000110000
0001100011110000
0000000111100000
0000001110000000
0000001100000000
0000001100000000
0000001100000000
0000000000000000
0000001100000000
0000011110000000
0000011110000000
0000001100000000

2754:
0000011111000000
0000100000100000
0001001110010000
0001010001010000
0000100001010000
0000000010010000
0000000100100000
0000001001000000
0000001010000000
0000001010000000
0000001110000000
0000000000000000
0000001110000000
0000010001000000
0000010001000000
0000001110000000

2755:
0000001110000000
0000011011000000
0000110001100000
0000100000100000
0000110001100000
0000010001000000
0000011011000000
0000001010000000
0000001010000000
0000001110000000
0000000000000000
0000001110000000
0000010001000000
0000010001000000
0000001110000000
0000000000000000

2756:
0000000000000000
0000000100000000
0000001110000000
0000011111000000
0000001110000000
0001000100010000
0011100000111000
0111110001111100
0011100000111000
0001000100010000
0000001110000000
0000011111000000
0000001110000000
0000000100000000
0000000000000000
0000000000000000

2757:
0000000110000000
0000001111000000
0000001111000000
0000001111000000
0000001111000000
0000001111000000
0000001111000000
0000000110000000
0000000110000000
0000000110000000
0000000110000000
0000000000000000
0000000110000000
0000000110000000
0000000000000000
0000000000000000

2758:
0000000110000000
0000000110000000
0000000110000000
0000000110000000
0000000110000000
0000000110000000
0000000110000000
0000000110000000
0000000110000000
0000000110000000
0000000110000000
0000000110000000
0000000110000000
0000000110000000
0000000110000000
0000000000000000

2759:
0000001111000000
0000001111000000
0000001111000000
0000001111000000
0000001111000000
0000001111000000
0000001111000000
0000001111000000
0000001111000000
0000001111000000
0000001111000000
0000001111000000
0000001111000000
0000001111000000
0000001111000000
0000000000000000

275A:
0000111111110000
0000111111110000
0000111111110000
0000111111110000
0000111111110000
0000111111110000
0000111111110000
0000111111110000
0000111111110000
0000111111110000
0000111111110000
0000111111110000
0000111111110000
0000111111110000
0000111111110000
0000000000000000

275B:
0000000111000000
0000011100000000
0000110000000000
0000111110000000
0000111111000000
0000111111100000
0000111111100000
0000111111100000
0000011111000000
0000001110000000
0000000000000000
0000000000000000
0000000000000000
0000000000000000
0000000000000000
0000000000000000

275C:
0000001110000000
0000011111000000
0000111111100000
0000111111100000
0000111111100000
0000011111100000
0000001111100000
0000000001100000
0000000111000000
0000011100000000
0000000000000000
0000000000000000
0000000000000000
0000000000000000
0000000000000000
0000000000000000

275D:
0001110000011100
0111000001110000
1100000011000000
1111100011111000
1111110011111100
1111111011111110
1111111011111110
1111111011111110
0111110001111100
0011100000111000
0000000000000000
0000000000000000
0000000000000000
0000000000000000
0000000000000000
0000000000000000

275E:
0011100000111000
0111110001111100
1111111011111110
1111111011111110
1111111011111110
0111111001111110
0011111000111110
0000011000000110
0001110000011100
0111000001110000
0000000000000000
0000000000000000
0000000000000000
0000000000000000
0000000000000000
0000000000000000

275F:
0000000000000000
0000000000000000
0000000000000000
0000000000000000
0000011100000000
0000111110000000
0001111111000000
0001111111000000
0001111111000000
0000111111000000
0000011111000000
0000000011000000
0000001110000000
0000111000000000
0000000000000000
0000000000000000

2760:
0000000000000000
0000000000000000
0000000000000000
0000000000000000
0011100000111000
0111110001111100
1111111011111110
1111111011111110
1111111011111110
0111111001111110
0011111000111110
0000011000000110
0001110000011100
0111000001110000
0000000000000000
0000000000000000

2761:
0000000000000000
0000000000010000
0000000000010000
0000111111111110
0011111111111000
0111111000010000
0111111000010000
0011111100010000
0000111111110000
0000000000010000
0011000000110000
0111100000100000
0111100001100000
0011000111000000
0001111100000000
0000000000000000

2762:
0000001110000000
0000111111100000
0001111111110000
0001111111110000
0001111111110000
0000111111100000
0000001110000000
0000000100000000
0000000100000000
0000000000000000
0000001110000000
0000011111000000
0000011111000000
0000011111000000
0000001110000000
0000000000000000

2763:
0000000000000000
0000111011100000
0001111111110000
0001111111110000
0001111111110000
0000111111100000
0000001110000000
0000000100000000
0000000000000000
0000001110000000
0000011111000000
0000011111000000
0000011111000000
0000001110000000
0000000000000000
0000000000000000

2764:
0000000000000000
0000000000000000
0011110001111000
0111111011111100
1111111111111110
1111111111111110
1111111111111110
0111111111111100
0111111111111100
0011111111111000
0001111111110000
0000111111100000
0000011111000000
0000001110000000
0000000100000000
0000000000000000

2765:
0001110000000000
0011111100000000
0111111110000000
0111111111000000
0111111111100000
0111111111110000
0011111111111000
0001111111111100
0011111111111000
0111111111110000
0111111111100000
0111111111000000
0111111110000000
0011111100000000
0001110000000000
0000000000000000

2766:
0000000000000000
0000000000000000
0001111100000100
0010000111111000
0000000110000000
0000111001110000
0001111111111000
0001111111111000
0001111111111000
0000111111110000
0000011111100000
0000001111000000
0000000110000000
0000000110010000
0000000011100000
0000000000000000

2767:
0000000000000000
0000000000000000
0010000000000000
0001001110000000
0001011111000100
0001011111100010
0001011111110010
0001101111111110
0011101111111100
0010011111110000
0010011111100000
0010011111000000
0010001110000000
0001000000000000
0000000000000000
0000000000000000

2768:
00000000
00000000
00000000
00000010
00000100
00001100
00011000
00011000
00011000
00011000
00011000
00011000
00001100
00000100
00000010
00000000

2769:
00000000
00000000
00000000
00100000
00010000
00011000
00001100
00001100
00001100
00001100
00001100
00001100
00011000
00010000
00100000
00000000

276A:
00000000
00000000
00000000
00000110
00001100
00011100
00111000
00111000
00111000
00111000
00111000
00111000
00011100
00001100
00000110
00000000

276B:
00000000
00000000
00000000
00110000
00011000
00011100
00001110
00001110
00001110
00001110
00001110
00001110
00011100
00011000
00110000
00000000

276C:
00000000
00000000
00000000
00000110
00001100
00001100
00011000
00011000
00110000
00110000
00011000
00011000
00001100
00001100
00000110
00000000

276D:
00000000
00000000
00000000
00110000
00011000
00011000
00001100
00001100
00000110
00000110
00001100
00001100
00011000
00011000
00110000
00000000

276E:
00000000
00000000
00000000
00000111
00001110
00001110
00011100
00011100
00111000
00111000
00011100
00011100
00001110
00001110
00000111
00000000

276F:
00000000
00000000
00000000
01110000
00111000
00111000
00011100
00011100
00001110
00001110
00011100
00011100
00111000
00111000
01110000
00000000

2770:
00000000
00000000
00000000
00001111
00011110
00011110
00111100
00111100
01111000
01111000
00111100
00111100
00011110
00011110
00001111
00000000

2771:
00000000
00000000
00000000
11110000
01111000
01111000
00111100
00111100
00011110
00011110
00111100
00111100
01111000
01111000
11110000
00000000

2772:
00000000
00000000
00000000
00000100
00001000
00010000
00010000
00010000
00010000
00010000
00010000
00010000
00010000
00001000
00000100
00000000

2773:
00000000
00000000
00000000
00100000
00010000
00001000
00001000
00001000
00001000
00001000
00001000
00001000
00001000
00010000
00100000
00000000

2774:
00000000
00000000
00000000
00011110
00111000
00110000
00110000
00011000
00011000
01110000
00011000
00011000
00110000
00110000
00111000
00011110

2775:
00000000
00000000
00000000
01111000
00011100
00001100
00001100
00011000
00011000
00001110
00011000
00011000
00001100
00001100
00011100
01111000

2776:
0000011111000000
0001111111110000
0011111111111000
0111111011111100
0111110011111100
1111101011111110
1111111011111110
1111111011111110
1111111011111110
1111111011111110
0111111011111100
0111100000111100
0011111111111000
0001111111110000
0000011111000000
0000000000000000

2777:
0000011111000000
0001111111110000
0011111111111000
0111110001111100
0111101110111100
1111101110111110
1111111110111110
1111111101111110
1111111011111110
1111110111111110
0111101111111100
0111100000111100
0011111111111000
0001111111110000
0000011111000000
0000000000000000

2778:
0000011111000000
0001111111110000
0011111111111000
0111110001111100
0111101110111100
1111101110111110
1111111110111110
1111111001111110
1111111110111110
1111101110111110
0111101110111100
0111110001111100
0011111111111000
0001111111110000
0000011111000000
0000000000000000

2779:
0000011111000000
0001111111110000
0011111111111000
0111111101111100
0111111001111100
1111110101111110
1111101101111110
1111011101111110
1111000000111110
1111111101111110
0111111101111100
0111111101111100
0011111111111000
0001111111110000
0000011111000000
0000000000000000

277A:
0000011111000000
0001111111110000
0011111111111000
0111100000111100
0111101111111100
1111101111111110
1111101111111110
1111100001111110
1111111110111110
1111111110111110
0111101110111100
0111110001111100
0011111111111000
0001111111110000
0000011111000000
0000000000000000

277B:
0000011111000000
0001111111110000
0011111111111000
0111111001111100
0111110111111100
1111101111111110
1111101111111110
1111100001111110
1111101110111110
1111101110111110
0111101110111100
0111110001111100
0011111111111000
0001111111110000
0000011111000000
0000000000000000

277C:
0000011111000000
0001111111110000
0011111111111000
0111100000111100
0111111110111100
1111111110111110
1111111101111110
1111111101111110
1111111101111110
1111111011111110
0111111011111100
0111111011111100
0011111111111000
0001111111110000
0000011111000000
0000000000000000

277D:
0000011111000000
0001111111110000
0011111111111000
0111110001111100
0111101110111100
1111101110111110
1111101110111110
1111110001111110
1111101110111110
1111101110111110
0111101110111100
0111110001111100
0011111111111000
0001111111110000
0000011111000000
0000000000000000

277E:
0000011111000000
0001111111110000
0011111111111000
0111110001111100
0111101110111100
1111101110111110
1111101110111110
1111110000111110
1111111110111110
1111111110111110
0111111101111100
0111110011111100
0011111111111000
0001111111110000
0000011111000000
0000000000000000

277F:
0000011111000000
0001111111110000
0011111111111000
0111111111111100
0111101110011100
1111001101101110
1110101101101110
1111101101101110
1111101101101110
1111101101101110
0110000010011100
0111111111111100
0011111111111000
0001111111110000
0000011111000000
0000000000000000

2780:
0000011111000000
0001100000110000
0010000000001000
0100000010000100
0100000110000100
1000001110000010
1000000110000010
1000000110000010
1000000110000010
1000000110000010
0100000110000100
0100000110000100
0010000000001000
0001100000110000
0000011111000000
0000000000000000

2781:
0000011111000000
0001100000110000
0010000000001000
0100011111000100
0100111111100100
1000110001100010
1000000001100010
1000000111000010
1000011100000010
1000110000000010
0100111111100100
0100111111100100
0010000000001000
0001100000110000
0000011111000000
0000000000000000

2782:
0000011111000000
0001100000110000
0010000000001000
0100011111000100
0100111111100100
1000110001100010
1000000001100010
1000000111000010
1000000001100010
1000110001100010
0100111111100100
0100011111000100
0010000000001000
0001100000110000
0000011111000000
0000000000000000

2783:
0000011111000000
0001100000110000
0010000000001000
0100000011100100
0100000111100100
1000001101100010
1000011001100010
1000110001100010
1001111111110010
1001111111110010
0100000001100100
0100000001100100
0010000000001000
0001100000110000
0000011111000000
0000000000000000

2784:
0000011111000000
0001100000110000
0010000000001000
0100111111100100
0100111111100100
1000110000000010
1000111111000010
1000111111100010
1000000001100010
1000110001100010
0100111111100100
0100011111000100
0010000000001000
0001100000110000
0000011111000000
0000000000000000

2785:
0000011111000000
0001100000110000
0010000000001000
0100011111000100
0100111111100100
1000110000000010
1000111111000010
1000111111100010
1000110001100010
1000110001100010
0100111111100100
0100011111000100
0010000000001000
0001100000110000
0000011111000000
0000000000000000

2786:
0000011111000000
0001100000110000
0010000000001000
0100111111100100
0100111111100100
1000000001100010
1000000001100010
1000000011000010
1000001110000010
1000011000000010
0100011000000100
0100011000000100
0010000000001000
0001100000110000
0000011111000000
0000000000000000

2787:
0000011111000000
0001100000110000
0010000000001000
0100011111000100
0100111111100100
1000110001100010
1000110001100010
1000011111000010
1000110001100010
1000110001100010
0100111111100100
0100011111000100
0010000000001000
0001100000110000
0000011111000000
0000000000000000

2788:
0000011111000000
0001100000110000
0010000000001000
0100011111000100
0100111111100100
1000110001100010
1000110001100010
1000111111100010
1000011111100010
1000000001100010
0100111111100100
0100011111000100
0010000000001000
0001100000110000
0000011111000000
0000000000000000

2789:
0000011111000000
0001100000110000
0010000000001000
0100010011100100
0100110111110100
1001110110110010
1000110110110010
1000110110110010
1000110110110010
1000110110110010
0100110111110100
0100110011100100
0010000000001000
0001100000110000
0000011111000000
0000000000000000

278A:
0000011111000000
0001111111110000
0011111111111000
0111111101111100
0111111001111100
1111110001111110
1111111001111110
1111111001111110
1111111001111110
1111111001111110
0111111001111100
0111111001111100
0011111111111000
0001111111110000
0000011111000000
0000000000000000

278B:
0000011111000000
0001111111110000
0011111111111000
0111100000111100
0111000000011100
1111001110011110
1111111110011110
1111111000111110
1111100011111110
1111001111111110
0111000000011100
0111000000011100
0011111111111000
0001111111110000
0000011111000000
0000000000000000

278C:
0000011111000000
0001111111110000
0011111111111000
0111100000111100
0111000000011100
1111001110011110
1111111110011110
1111111000111110
1111111110011110
1111001110011110
0111000000011100
0111100000111100
0011111111111000
0001111111110000
0000011111000000
0000000000000000

278D:
0000011111000000
0001111111110000
0011111111111000
0111111100011100
0111111000011100
1111110010011110
1111100110011110
1111001110011110
1110000000001110
1110000000001110
0111111110011100
0111111110011100
0011111111111000
0001111111110000
0000011111000000
0000000000000000

278E:
0000011111000000
0001111111110000
0011111111111000
0111000000011100
0111000000011100
1111001111111110
1111000000111110
1111000000011110
1111111110011110
1111001110011110
0111000000011100
0111100000111100
0011111111111000
0001111111110000
0000011111000000
0000000000000000

278F:
0000011111000000
0001111111110000
0011111111111000
0111100000111100
0111000000011100
1111001111111110
1111000000111110
1111000000011110
1111001110011110
1111001110011110
0111000000011100
0111100000111100
0011111111111000
0001111111110000
0000011111000000
0000000000000000

2790:
0000011111000000
0001111111110000
0011111111111000
0111000000011100
0111000000011100
1111111110011110
1111111110011110
1111111100111110
1111110001111110
1111100111111110
0111100111111100
0111100111111100
0011111111111000
0001111111110000
0000011111000000
0000000000000000

2791:
0000011111000000
0001111111110000
0011111111111000
0111100000111100
0111000000011100
1111001110011110
1111001110011110
1111100000111110
1111001110011110
1111001110011110
0111000000011100
0111100000111100
0011111111111000
0001111111110000
0000011111000000
0000000000000000

2792:
0000011111000000
0001111111110000
0011111111111000
0111100000111100
0111000000011100
1111001110011110
1111001110011110
1111000000011110
1111100000011110
1111111110011110
0111000000011100
0111100000111100
0011111111111000
0001111111110000
0000011111000000
0000000000000000

2793:
0000011111000000
0001111111110000
0011111111111000
0111101100011100
0111001000001100
1110001001001110
1111001001001110
1111001001001110
1111001001001110
1111001001001110
0111001000001100
0111001100011100
0011111111111000
0001111111110000
0000011111000000
0000000000000000

2794:
0000000000000000
0001111110000000
0000111111000000
0000011111100000
0000001111110000
1111111111111000
1111111111111100
1111111111111110
1111111111111100
1111111111111000
0000001111110000
0000011111100000
0000111111000000
0001111110000000
0000000000000000
0000000000000000

2795:
0000000000000000
0000000000000000
0000001110000000
0000001110000000
0000001110000000
0000001110000000
0011111111111000
0011111111111000
0011111111111000
0000001110000000
0000001110000000
0000001110000000
0000001110000000
0000000000000000
0000000000000000
0000000000000000

2796:
0000000000000000
0000000000000000
0000000000000000
0000000000000000
0000000000000000
0000000000000000
0111111111111100
0111111111111100
0111111111111100
0000000000000000
0000000000000000
0000000000000000
0000000000000000
0000000000000000
0000000000000000
0000000000000000

2797:
0000000000000000
0000000000000000
0000001110000000
0000001110000000
0000001110000000
0000000000000000
0111111111111100
0111111111111100
0111111111111100
0000000000000000
0000001110000000
0000001110000000
0000001110000000
0000000000000000
0000000000000000
0000000000000000

2798:
0000000000000000
0000000000000000
0000100000000000
0001110000000000
0011111000000000
0001111000000000
0000111100100000
0000001100100000
0000000011100000
0000000011110000
0000001111110000
0000000001110000
0000000000001000
0000000000000000
0000000000000000
0000000000000000

2799:
0000000000000000
0000000000000000
0000000000000000
0000000100000000
0000000110000000
1110000011000000
1111110011110000
1111111111111110
1111110011110000
1110000011000000
0000000110000000
0000000100000000
0000000000000000
0000000000000000
0000000000000000
0000000000000000

279A:
0000000000000000
0000000000000000
0000000000000000
0000000000001000
0000000001110000
0000001111110000
0000000011110000
0000000011100000
0000001100100000
0000111100100000
0001111000000000
0011111000000000
0001110000000000
0000100000000000
0000000000000000
0000000000000000

279B:
0000000000000000
0000000000000000
0000000000000000
0000001000000000
0000000100000000
0000000111000000
0000000011110000
1111111111111110
0000000011110000
0000000111000000
0000000100000000
0000001000000000
0000000000000000
0000000000000000
0000000000000000
0000000000000000

279C:
0000000000000000
0000000011000000
0000000111100000
0000000111110000
0000000011111000
0111111111111100
1111111111111110
1111111111111110
1111111111111110
0111111111111100
0000000011111000
0000000111110000
0000000111100000
0000000011000000
0000000000000000
0000000000000000

279D:
0000000000000000
0000000000000000
0000000000010000
0000000000010000
0000000000011000
0000000000011000
1111111111111100
1111111111111110
1111111111111100
0000000000011000
0000000000011000
0000000000010000
0000000000010000
0000000000000000
0000000000000000
0000000000000000

279E:
0000000000000000
0000000000010000
0000000000010000
0000000000011000
0000000000011000
1111111111111100
1111111111111100
1111111111111110
1111111111111100
1111111111111100
0000000000011000
0000000000011000
0000000000010000
0000000000010000
0000000000000000
0000000000000000

279F:
0000000000000000
0000000000000000
0000000000000000
0000000000100000
0000000000110000
0000000000111000
1010101011111100
1010101011111110
1010101011111100
0000000000111000
0000000000110000
0000000000100000
0000000000000000
0000000000000000
0000000000000000
0000000000000000

27A0:
0000000000000000
0000000000000000
0000000000000000
0000000000100000
0000000000110000
1010101011111000
1010101011111100
1010101011111110
1010101011111100
1010101011111000
0000000000110000
0000000000100000
0000000000000000
0000000000000000
0000000000000000
0000000000000000

27A1:
0000000000000000
0000000000000000
0000000000000000
0000000000100000
0000000000110000
0000000000111000
1111111111111100
1111111111111110
1111111111111100
0000000000111000
0000000000110000
0000000000100000
0000000000000000
0000000000000000
0000000000000000
0000000000000000

27A2:
0100000000000000
0111000000000000
0010110000000000
0010001100000000
0001000011000000
0001000000110000
0000100000001100
0000011111111110
0000111111111100
0001111111110000
0001111111000000
0011111100000000
0011110000000000
0111000000000000
0100000000000000
0000000000000000

27A3:
0100000000000000
0111000000000000
0011110000000000
0011111100000000
0001111111000000
0001111111110000
0000111111111100
0000011111111110
0000100000001100
0001000000110000
0001000011000000
0010001100000000
0010110000000000
0111000000000000
0100000000000000
0000000000000000

27A4:
0100000000000000
0111000000000000
0011110000000000
0011111100000000
0001111111000000
0001111111110000
0000111111111100
0000011111111110
0000111111111100
0001111111110000
0001111111000000
0011111100000000
0011110000000000
0111000000000000
0100000000000000
0000000000000000

27A5:
0000000000000000
0000000000000000
0000000000000000
1000000000000000
1000000000010000
1100000000011000
0111111111111100
0111111111111110
0011111111111100
0000000000011000
0000000000010000
0000000000000000
0000000000000000
0000000000000000
0000000000000000
0000000000000000

27A6:
0000000000000000
0000000000000000
0000000000000000
0000000000000000
0000000000010000
0000000000011000
0011111111111100
0111111111111110
0111111111111100
1100000000011000
1000000000010000
1000000000000000
0000000000000000
0000000000000000
0000000000000000
0000000000000000

27A7:
0000000000000000
0000000010000000
0000000010000000
0000000011000000
0000011111000000
0000011111100000
0000011111100000
0000011111110000
0000011111100000
0000011111100000
0000011111000000
0000000011000000
0000000010000000
0000000010000000
0000000000000000
0000000000000000

27A8:
0000000000000000
0000000000000000
0000000000000000
0000000001000000
0000000001000000
1111111111100000
1111111111110000
1111111111111110
1111111111110000
1111111111100000
0000000001000000
0000000001000000
0000000000000000
0000000000000000
0000000000000000
0000000000000000

27A9:
0000000000000000
0000000000000000
0000000000000000
0000000001100000
0000000001110000
0111111111011000
0100000000001100
0100000000000110
0100000000001100
0111111111011000
0000000001110000
0000000001100000
0000000000000000
0000000000000000
0000000000000000
0000000000000000

27AA:
0000000000000000
0000000000000000
0000000000000000
0000000001100000
0000000001110000
0111111111101000
0110000000000100
0110000000000010
0110000000000100
0111111111101000
0000000001110000
0000000001100000
0000000000000000
0000000000000000
0000000000000000
0000000000000000

27AB:
0000000000000000
0000000000000000
0000000000001000
0000000000011000
0000000000100100
0000000001000100
0011111110000010
0100000000000010
1000000000000110
1111111100011110
1111111001111100
0000010111110000
0000111111000000
0000111100000000
0000110000000000
0000000000000000

27AC:
0000000000000000
0000110000000000
0000111100000000
0000111111000000
0000010111110000
1111111001111100
1111111100011110
1000000000000110
0100000000000010
0011111110000010
0000000001000100
0000000000100100
0000000000011000
0000000000001000
0000000000000000
0000000000000000

27AD:
0000000000000000
0000000000000000
0000000010000000
0000000011000000
1111111110100000
1000000000010000
1000000000001000
1000000000000100
1000000000001110
1000000000011100
1111111110111000
0111111111110000
0000000011100000
0000000001000000
0000000000000000
0000000000000000

27AE:
0000000000000000
0000000001000000
0000000011100000
0111111111110000
1111111110111000
1000000000011100
1000000000001110
1000000000000100
1000000000001000
1000000000010000
1111111110100000
0000000011000000
0000000010000000
0000000000000000
0000000000000000
0000000000000000

27AF:
0000000000000000
0000000000000000
0000000001000000
0000000001100000
0000000001010000
1111111111001000
0100000000000100
0100000000000010
0100000000000111
1111111111001110
0111111111011100
0000000001111000
0000000001110000
0000000000100000
0000000000000000
0000000000000000

27B0:
00000000
00000000
00000000
00000000
00000000
01100011
00011100
00100010
00100010
00100010
00011100
00000000
00000000
00000000
00000000
00000000

27B1:
0000000000000000
0000000000100000
0000000001110000
0000000001111000
0111111111011100
1111111111001110
0100000000000111
0100000000000010
0100000000000100
1111111111001000
0000000001010000
0000000001100000
0000000001000000
0000000000000000
0000000000000000
0000000000000000

27B2:
0000011111000000
0001111111110000
0011111101111000
0111111100111100
0111111100011100
0000000000001110
0000000000000110
0000000000000010
0000000000000110
0000000000001110
0111111100011100
0111111100111100
0011111101111000
0001111111110000
0000011111000000
0000000000000000

27B3:
0000000000000000
0000000000000000
0000000000000000
0000000000000000
1111111000000000
0100100100001000
0010010010001100
0001111111111110
0010010010001100
0100100100001000
1111111000000000
0000000000000000
0000000000000000
0000000000000000
0000000000000000
0000000000000000

27B4:
0000000000000000
0000000000000000
0000010000000000
0000011000000000
0000011100000000
0011111100000000
0001111100000000
0000111100001000
0000000010001000
0000000001011000
0000000000111000
0000000001111000
0000000111111000
0000000000000000
0000000000000000
0000000000000000

27B5:
0000000000000000
0000000000000000
0000000000000000
0000000000000000
0000000000000000
0111110000001000
0011111000001100
0001111111111110
0011111000001100
0111110000001000
0000000000000000
0000000000000000
0000000000000000
0000000000000000
0000000000000000
0000000000000000

27B6:
0000000000000000
0000000000000000
0000000000000000
0000000111111000
0000000001111000
0000000000111000
0000000001011000
0000000010001000
0000111100001000
0001111100000000
0011111100000000
0000011100000000
0000011000000000
0000010000000000
0000000000000000
0000000000000000

27B7:
0000000000000000
0000000000000000
0000001000000000
0000001100000000
0000001110000000
0000001110000000
0011111110001000
0001111110001000
0000111111011000
0000000011111000
0000000001111000
0000000011111000
0000001111111000
0000000000000000
0000000000000000
0000000000000000

27B8:
0000000000000000
0000000000000000
0000000000000000
0000000000100000
1111110000010000
0111111000011000
0011111111111100
0001111111111110
0011111111111100
0111111000011000
1111110000010000
0000000000100000
0000000000000000
0000000000000000
0000000000000000
0000000000000000

27B9:
0000000000000000
0000000000000000
0000000000000000
0000001111111000
0000000011111000
0000000001111000
0000000011111000
0000111111011000
0001111110001000
0011111110001000
0000001110000000
0000001110000000
0000001100000000
0000001000000000
0000000000000000
0000000000000000

27BA:
0000000000000000
0000000000000000
0000000001100000
0000000011110000
0000000011110000
0111100000111000
1111111100001100
1111111111111110
1111111100001100
0111100000111000
0000000011110000
0000000011110000
0000000001100000
0000000000000000
0000000000000000
0000000000000000

27BB:
0000000000000000
0000000000000000
0000000000000000
0000000001000000
0110000011100000
0111100011110000
1111110001111000
1111111111111110
1111110001111000
0111100011110000
0110000011100000
0000000001000000
0000000000000000
0000000000000000
0000000000000000
0000000000000000

27BC:
0000000000000000
0000000000000000
0000000000000000
0000000000000000
1111100000010000
0111110000011000
0011111000011100
0001111111111110
0011111000011100
0111110000011000
1111100000010000
0000000000000000
0000000000000000
0000000000000000
0000000000000000
0000000000000000

27BD:
0000000000000000
0000000000000000
0000000000000000
1111100001100000
1111110001110000
0111111001111000
0111111111111100
0011111111111110
0111111111111100
0111111001111000
1111110001110000
1111100001100000
0000000000000000
0000000000000000
0000000000000000
0000000000000000

27BE:
0000000000000000
0000000000000000
0000000000000000
0000001000100000
0000000100010000
0000000010001000
1111111111000100
0000000000000010
1111111111000100
0000000010001000
0000000100010000
0000001000100000
0000000000000000
0000000000000000
0000000000000000
0000000000000000

27BF:
0000000000000000
0000000000000000
0000000000000000
0000000000000000
0000000000000000
1110001111000111
0001110000111000
0010001001000100
0010001001000100
0010001001000100
0001110000111000
0000000000000000
0000000000000000
0000000000000000
0000000000000000
0000000000000000

27C0:
00000000
00000000
00000000
00000000
00000000
00000000
00000000
00000000
01000000
01000100
01001000
01010000
01100000
01111110
00000000
00000000

27C1:
0000000000000000
0000000000000000
0000000100000000
0000001010000000
0000001010000000
0000010001000000
0000010001000000
0000100100100000
0000101010100000
0001001010010000
0001010001010000
0010011111001000
0010000000001000
0011111111111000
0000000000000000
0000000000000000

27C2:
00000000
00000000
00000000
00000000
00000000
00000000
00000000
00000000
00010000
00010000
00010000
00010000
00010000
01111100
00000000
00000000

27C3:
0000000000000000
0000000000000000
0000000000000000
0000000000000000
0000000000000000
0000011111111000
0000100000000000
0001000000110000
0001000001001000
0001000001001000
0001000000110000
0000100000000000
0000011111111000
0000000000000000
0000000000000000
0000000000000000

27C4:
0000000000000000
0000000000000000
0000000000000000
0000000000000000
0000000000000000
0001111111100000
0000000000010000
0000110000001000
0001001000001000
0001001000001000
0000110000001000
0000000000010000
0001111111100000
0000000000000000
0000000000000000
0000000000000000

27C5:
00000000
00000000
00000000
00000000
00011100
00100010
00100010
00000100
00000100
00001000
00001000
00010000
00010000
00001110
00000000
00000000

27C6:
00000000
00000000
00000000
00000000
00011100
00100010
00100010
00010000
00010000
00001000
00001000
00000100
00000100
00111000
00000000
00000000

27C7:
00000000
00000000
00000000
00000000
00000000
00000000
01000001
01000001
00101010
00100010
00010100
00010100
00001000
00001000
00000000
00000000

27C8:
0000000000000000
0000000000000000
0000000000000000
0000000000000000
0000000000000000
0100000011111110
0100000100000000
0010001000000000
0010001000000000
0001001000000000
0001001000000000
0000100100000000
0000100011111110
0000000000000000
0000000000000000
0000000000000000

27C9:
0000000000000000
0000000000000000
0000000000000000
0000000000000000
0000000000000000
0111111100000010
0000000010000010
0000000001000100
0000000001000100
0000000001001000
0000000001001000
0000000010010000
0111111100010000
0000000000000000
0000000000000000
0000000000000000

27CA:
00000000
00000000
00000000
00000000
00010000
00010000
00010000
00010000
00111000
00010000
00010000
00010000
00010000
00010000
00000000
00000000

27CB:
0000000000000000
0000000000000000
0000000000000000
0000000000000000
0000000000000000
0000000000010000
0000000000100000
0000000001000000
0000000010000000
0000000100000000
0000001000000000
0000010000000000
0000100000000000
0000000000000000
0000000000000000
0000000000000000

27CC:
0000000000000000
0000000000000000
0011111111111100
0010000000000000
0001000000000000
0001000000000000
0000100000000000
0000100000000000
0000100000000000
0000100000000000
0000100000000000
0000100000000000
0001000000000000
0001000000000000
0010000000000000
0010000000000000

27CD:
0000000000000000
0000000000000000
0000000000000000
0000000000000000
0000000000000000
0000100000000000
0000010000000000
0000001000000000
0000000100000000
0000000010000000
0000000001000000
0000000000100000
0000000000010000
0000000000000000
0000000000000000
0000000000000000

27CE:
0000000000000000
0000000000000000
0000000000000000
0001111111111100
0001000000000100
0001000010000100
0001000010000100
0001000101000100
0001000101000100
0001001000100100
0001001000100100
0001010000010100
0001010000010100
0001111111111100
0000000000000000
0000000000000000

27CF:
0000000000000000
0000000000000000
0000000000000000
0001111111111100
0001010000010100
0001010000010100
0001001000100100
0001001000100100
0001000101000100
0001000101000100
0001000010000100
0001000010000100
0001000000000100
0001111111111100
0000000000000000
0000000000000000

27D0:
0000000000000000
0000000000000000
0000000000000000
0000000000000000
0000000000000000
0000000010000000
0000000101000000
0000001000100000
0000010000010000
0000100010001000
0000010000010000
0000001000100000
0000000101000000
0000000010000000
0000000000000000
0000000000000000

27D1:
00000000
00000000
00000000
00000000
00000000
00000000
00001000
00001000
00010100
00010100
00100010
00101010
01000001
01000001
00000000
00000000

27D2:
0000000000000000
0000000000000000
0000000000000000
0000000000000000
0001000100010000
0001000100010000
0001000100010000
0001000100010000
0001000100010000
0001000100010000
0001000100010000
0001000100010000
0000100100100000
0000011111000000
0000000000000000
0000000000000000

27D3:
00000000
00000000
00000000
00000000
00000000
00000000
00000000
00000000
00000010
00000010
00010010
00000010
00000010
01111110
00000000
00000000

27D4:
00000000
00000000
00000000
00000000
00000000
00000000
00000000
00000000
01111110
01000000
01000000
01001000
01000000
01000000
00000000
00000000

27D5:
0000000000000000
0000000000000000
0000000000000000
0000000000000000
0011100000000100
0000110000001100
0000101000010100
0000100100100100
0000100011000100
0000100011000100
0000100100100100
0000101000010100
0000110000001100
0011100000000100
0000000000000000
0000000000000000

27D6:
0000000000000000
0000000000000000
0000000000000000
0000000000000000
0010000000011100
0011000000110000
0010100001010000
0010010010010000
0010001100010000
0010001100010000
0010010010010000
0010100001010000
0011000000110000
0010000000011100
0000000000000000
0000000000000000

27D7:
0000000000000000
0000000000000000
0000000000000000
0000000000000000
0111000000001110
0001100000011000
0001010000101000
0001001001001000
0001000110001000
0001000110001000
0001001001001000
0001010000101000
0001100000011000
0111000000001110
0000000000000000
0000000000000000

27D8:
0000000000000000
0000000000000000
0000000100000000
0000000100000000
0000000100000000
0000000100000000
0000000100000000
0000000100000000
0000000100000000
0000000100000000
0000000100000000
0000000100000000
0000000100000000
0001111111110000
0000000000000000
0000000000000000

27D9:
0000000000000000
0000000000000000
0001111111110000
0000000100000000
0000000100000000
0000000100000000
0000000100000000
0000000100000000
0000000100000000
0000000100000000
0000000100000000
0000000100000000
0000000100000000
0000000100000000
0000000000000000
0000000000000000

27DA:
0000000000000000
0000000000000000
0000000000000000
0000000000000000
0000000000000000
0000001010000000
0000001010000000
0111111011111100
0000001010000000
0111111011111100
0000001010000000
0000001010000000
0000000000000000
0000000000000000
0000000000000000
0000000000000000

27DB:
0000000000000000
0000000000000000
0000000000000000
0000000000000000
0000000000000000
0000001010000000
0000001010000000
0000001010000000
0111111011111100
0000001010000000
0000001010000000
0000001010000000
0000000000000000
0000000000000000
0000000000000000
0000000000000000

27DC:
0000000000000000
0000000000000000
0000000000000000
0000000000000000
0000000000000000
0000000000000000
0000000000000000
0001110000000000
0010001000000000
0010001111111100
0010001000000000
0001110000000000
0000000000000000
0000000000000000
0000000000000000
0000000000000000

27DD:
0000000000000000
0000000000000000
0000000000000000
0000000000000000
0000000000000000
0000000000000000
0100000000000000
0100000000000000
0100000000000000
0111111111111110
0100000000000000
0100000000000000
0100000000000000
0000000000000000
0000000000000000
0000000000000000

27DE:
0000000000000000
0000000000000000
0000000000000000
0000000000000000
0000000000000000
0000000000000000
0000000000000010
0000000000000010
0000000000000010
0111111111111110
0000000000000010
0000000000000010
0000000000000010
0000000000000000
0000000000000000
0000000000000000

27DF:
00000000
00000000
00000000
00000000
00111000
01000100
01000100
00111000
00010000
00010000
00010000
00010000
00010000
01111100
00000000
00000000

27E0:
00000000
00000000
00000000
00010000
00101000
00101000
01000100
01000100
11111110
01000100
01000100
00101000
00101000
00010000
00000000
00000000

27E1:
0000000000000000
0000000100000000
0000001010000000
0000001010000000
0000010001000000
0000100000100000
0011000000011000
0100000000000100
0011000000011000
0000100000100000
0000010001000000
0000001010000000
0000001010000000
0000000100000000
0000000000000000
0000000000000000

27E2:
0000000000000000
0000000010000000
0000000101000000
0000000101000000
0000001000100000
0000010000010000
0001100000001100
1110000000000010
0001100000001100
0000010000010000
0000001000100000
0000000101000000
0000000101000000
0000000010000000
0000000000000000
0000000000000000

27E3:
0000000000000000
0000000100000000
0000001010000000
0000001010000000
0000010001000000
0000100000100000
0011000000011000
0100000000000111
0011000000011000
0000100000100000
0000010001000000
0000001010000000
0000001010000000
0000000100000000
0000000000000000
0000000000000000

27E4:
0000000000000000
0001111111111110
0001000000000010
0001000000000010
0001000000000010
0001000000000010
0001000000000010
1111000000000010
0001000000000010
0001000000000010
0001000000000010
0001000000000010
0001000000000010
0001111111111110
0000000000000000
0000000000000000

27E5:
0000000000000000
0111111111111000
0100000000001000
0100000000001000
0100000000001000
0100000000001000
0100000000001000
0100000000001111
0100000000001000
0100000000001000
0100000000001000
0100000000001000
0100000000001000
0111111111111000
0000000000000000
0000000000000000

27E6:
00000000
00111110
00101000
00101000
00101000
00101000
00101000
00101000
00101000
00101000
00101000
00101000
00101000
00111110
00000000
00000000

27E7:
00000000
01111100
00010100
00010100
00010100
00010100
00010100
00010100
00010100
00010100
00010100
00010100
00010100
01111100
00000000
00000000

27E8:
00000000
00000000
00000100
00001000
00001000
00010000
00010000
00100000
00100000
00010000
00010000
00001000
00001000
00000100
00000000
00000000

27E9:
00000000
00000000
00100000
00010000
00010000
00001000
00001000
00000100
00000100
00001000
00001000
00010000
00010000
00100000
00000000
00000000

27EA:
00000000
00000000
00001010
00010100
00010100
00101000
00101000
01010000
01010000
00101000
00101000
00010100
00010100
00001010
00000000
00000000

27EB:
00000000
00000000
01010000
00101000
00101000
00010100
00010100
00001010
00001010
00010100
00010100
00101000
00101000
01010000
00000000
00000000

27EC:
00000000
00000000
00000000
00000010
00000100
00001100
00010100
00010100
00010100
00010100
00010100
00010100
00001100
00000100
00000010
00000000

27ED:
00000000
00000000
00000000
01000000
00100000
00110000
00101000
00101000
00101000
00101000
00101000
00101000
00110000
00100000
01000000
00000000

27EE:
00000000
00000000
00000000
00000010
00000100
00001000
00001000
00001000
00001000
00001000
00001000
00001000
00001000
00000100
00000010
00000000

27EF:
00000000
00000000
00000000
01000000
00100000
00010000
00010000
00010000
00010000
00010000
00010000
00010000
00010000
00100000
01000000
00000000

27F5:
0000000000000000
0000000000000000
0000000000000000
0000000000000000
0000000000000000
0001000000000000
0010000000000000
0111111111111111
0010000000000000
0001000000000000
0000000000000000
0000000000000000
0000000000000000
0000000000000000
0000000000000000
0000000000000000

27F6:
0000000000000000
0000000000000000
0000000000000000
0000000000000000
0000000000000000
0000000000001000
0000000000000100
1111111111111110
0000000000000100
0000000000001000
0000000000000000
0000000000000000
0000000000000000
0000000000000000
0000000000000000
0000000000000000

27F7:
0000000000000000
0000000000000000
0000000000000000
0000000000000000
0000000000000000
0001000000001000
0010000000000100
0111111111111110
0010000000000100
0001000000001000
0000000000000000
0000000000000000
0000000000000000
0000000000000000
0000000000000000
0000000000000000

27F9:
0000000000000000
0000000000000000
0000000000000000
0000000000000000
0000000000010000
0000000000001000
1111111111111100
0000000000000010
1111111111111100
0000000000001000
0000000000010000
0000000000000000
0000000000000000
0000000000000000
0000000000000000
0000000000000000

27FA:
0000000000000000
0000000000000000
0000000000000000
0000000000000000
0000100000010000
0001000000001000
0011111111111100
0100000000000010
0011111111111100
0001000000001000
0000100000010000
0000000000000000
0000000000000000
0000000000000000
0000000000000000
0000000000000000

2800:
00000000
00000000
00000000
00100010
00000000
00000000
00100010
00000000
00000000
00100010
00000000
00000000
00100010
00000000
00000000
00000000

2801:
00000000
00000000
00000000
00110010
00110000
00000000
00100010
00000000
00000000
00100010
00000000
00000000
00100010
00000000
00000000
00000000

2802:
00000000
00000000
00000000
00100010
00000000
00000000
00110010
00110000
00000000
00100010
00000000
00000000
00100010
00000000
00000000
00000000

2803:
00000000
00000000
00000000
00110010
00110000
00000000
00110010
00110000
00000000
00100010
00000000
00000000
00100010
00000000
00000000
00000000

2804:
00000000
00000000
00000000
00100010
00000000
00000000
00100010
00000000
00000000
00110010
00110000
00000000
00100010
00000000
00000000
00000000

2805:
00000000
00000000
00000000
00110010
00110000
00000000
00100010
00000000
00000000
00110010
00110000
00000000
00100010
00000000
00000000
00000000

2806:
00000000
00000000
00000000
00100010
00000000
00000000
00110010
00110000
00000000
00110010
00110000
00000000
00100010
00000000
00000000
00000000

2807:
00000000
00000000
00000000
00110010
00110000
00000000
00110010
00110000
00000000
00110010
00110000
00000000
00100010
00000000
00000000
00000000

2808:
00000000
00000000
00000000
00100110
00000110
00000000
00100010
00000000
00000000
00100010
00000000
00000000
00100010
00000000
00000000
00000000

2809:
00000000
00000000
00000000
00110110
00110110
00000000
00100010
00000000
00000000
00100010
00000000
00000000
00100010
00000000
00000000
00000000

280A:
00000000
00000000
00000000
00100110
00000110
00000000
00110010
00110000
00000000
00100010
00000000
00000000
00100010
00000000
00000000
00000000

280B:
00000000
00000000
00000000
00110110
00110110
00000000
00110010
00110000
00000000
00100010
00000000
00000000
00100010
00000000
00000000
00000000

280C:
00000000
00000000
00000000
00100110
00000110
00000000
00100010
00000000
00000000
00110010
00110000
00000000
00100010
00000000
00000000
00000000

280D:
00000000
00000000
00000000
00110110
00110110
00000000
00100010
00000000
00000000
00110010
00110000
00000000
00100010
00000000
00000000
00000000

280E:
00000000
00000000
00000000
00100110
00000110
00000000
00110010
00110000
00000000
00110010
00110000
00000000
00100010
00000000
00000000
00000000

280F:
00000000
00000000
00000000
00110110
00110110
00000000
00110010
00110000
00000000
00110010
00110000
00000000
00100010
00000000
00000000
00000000

2810:
00000000
00000000
00000000
00100010
00000000
00000000
00100110
00000110
00000000
00100010
00000000
00000000
00100010
00000000
00000000
00000000

2811:
00000000
00000000
00000000
00110010
00110000
00000000
00100110
00000110
00000000
00100010
00000000
00000000
00100010
00000000
00000000
00000000

2812:
00000000
00000000
00000000
00100010
00000000
00000000
00110110
00110110
00000000
00100010
00000000
00000000
00100010
00000000
00000000
00000000

2813:
00000000
00000000
00000000
00110010
00110000
00000000
00110110
00110110
00000000
00100010
00000000
00000000
00100010
00000000
00000000
00000000

2814:
00000000
00000000
00000000
00100010
00000000
00000000
00100110
00000110
00000000
00110010
00110000
00000000
00100010
00000000
00000000
00000000

2815:
00000000
00000000
00000000
00110010
00110000
00000000
00100110
00000110
00000000
00110010
00110000
00000000
00100010
00000000
00000000
00000000

2816:
00000000
00000000
00000000
00100010
00000000
00000000
00110110
00110110
00000000
00110010
00110000
00000000
00100010
00000000
00000000
00000000

2817:
00000000
00000000
00000000
00110010
00110000
00000000
00110110
00110110
00000000
00110010
00110000
00000000
00100010
00000000
00000000
00000000

2818:
00000000
00000000
00000000
00100110
00000110
00000000
00100110
00000110
00000000
00100010
00000000
00000000
00100010
00000000
00000000
00000000

2819:
00000000
00000000
00000000
00110110
00110110
00000000
00100110
00000110
00000000
00100010
00000000
00000000
00100010
00000000
00000000
00000000

281A:
00000000
00000000
00000000
00100110
00000110
00000000
00110110
00110110
00000000
00100010
00000000
00000000
00100010
00000000
00000000
00000000

281B:
00000000
00000000
00000000
00110110
00110110
00000000
00110110
00110110
00000000
00100010
00000000
00000000
00100010
00000000
00000000
00000000

281C:
00000000
00000000
00000000
00100110
00000110
00000000
00100110
00000110
00000000
00110010
00110000
00000000
00100010
00000000
00000000
00000000

281D:
00000000
00000000
00000000
00110110
00110110
00000000
00100110
00000110
00000000
00110010
00110000
00000000
00100010
00000000
00000000
00000000

281E:
00000000
00000000
00000000
00100110
00000110
00000000
00110110
00110110
00000000
00110010
00110000
00000000
00100010
00000000
00000000
00000000

281F:
00000000
00000000
00000000
00110110
00110110
00000000
00110110
00110110
00000000
00110010
00110000
00000000
00100010
00000000
00000000
00000000

2820:
00000000
00000000
00000000
00100010
00000000
00000000
00100010
00000000
00000000
00100110
00000110
00000000
00100010
00000000
00000000
00000000

2821:
00000000
00000000
00000000
00110010
00110000
00000000
00100010
00000000
00000000
00100110
00000110
00000000
00100010
00000000
00000000
00000000

2822:
00000000
00000000
00000000
00100010
00000000
00000000
00110010
00110000
00000000
00100110
00000110
00000000
00100010
00000000
00000000
00000000

2823:
00000000
00000000
00000000
00110010
00110000
00000000
00110010
00110000
00000000
00100110
00000110
00000000
00100010
00000000
00000000
00000000

2824:
00000000
00000000
00000000
00100010
00000000
00000000
00100010
00000000
00000000
00110110
00110110
00000000
00100010
00000000
00000000
00000000

2825:
00000000
00000000
00000000
00110010
00110000
00000000
00100010
00000000
00000000
00110110
00110110
00000000
00100010
00000000
00000000
00000000

2826:
00000000
00000000
00000000
00100010
00000000
00000000
00110010
00110000
00000000
00110110
00110110
00000000
00100010
00000000
00000000
00000000

2827:
00000000
00000000
00000000
00110010
00110000
00000000
00110010
00110000
00000000
00110110
00110110
00000000
00100010
00000000
00000000
00000000

2828:
00000000
00000000
00000000
00100110
00000110
00000000
00100010
00000000
00000000
00100110
00000110
00000000
00100010
00000000
00000000
00000000

2829:
00000000
00000000
00000000
00110110
00110110
00000000
00100010
00000000
00000000
00100110
00000110
00000000
00100010
00000000
00000000
00000000

282A:
00000000
00000000
00000000
00100110
00000110
00000000
00110010
00110000
00000000
00100110
00000110
00000000
00100010
00000000
00000000
00000000

282B:
00000000
00000000
00000000
00110110
00110110
00000000
00110010
00110000
00000000
00100110
00000110
00000000
00100010
00000000
00000000
00000000

282C:
00000000
00000000
00000000
00100110
00000110
00000000
00100010
00000000
00000000
00110110
00110110
00000000
00100010
00000000
00000000
00000000

282D:
00000000
00000000
00000000
00110110
00110110
00000000
00100010
00000000
00000000
00110110
00110110
00000000
00100010
00000000
00000000
00000000

282E:
00000000
00000000
00000000
00100110
00000110
00000000
00110010
00110000
00000000
00110110
00110110
00000000
00100010
00000000
00000000
00000000

282F:
00000000
00000000
00000000
00110110
00110110
00000000
00110010
00110000
00000000
00110110
00110110
00000000
00100010
00000000
00000000
00000000

2830:
00000000
00000000
00000000
00100010
00000000
00000000
00100110
00000110
00000000
00100110
00000110
00000000
00100010
00000000
00000000
00000000

2831:
00000000
00000000
00000000
00110010
00110000
00000000
00100110
00000110
00000000
00100110
00000110
00000000
00100010
00000000
00000000
00000000

2832:
00000000
00000000
00000000
00100010
00000000
00000000
00110110
00110110
00000000
00100110
00000110
00000000
00100010
00000000
00000000
00000000

2833:
00000000
00000000
00000000
00110010
00110000
00000000
00110110
00110110
00000000
00100110
00000110
00000000
00100010
00000000
00000000
00000000

2834:
00000000
00000000
00000000
00100010
00000000
00000000
00100110
00000110
00000000
00110110
00110110
00000000
00100010
00000000
00000000
00000000

2835:
00000000
00000000
00000000
00110010
00110000
00000000
00100110
00000110
00000000
00110110
00110110
00000000
00100010
00000000
00000000
00000000

2836:
00000000
00000000
00000000
00100010
00000000
00000000
00110110
00110110
00000000
00110110
00110110
00000000
00100010
00000000
00000000
00000000

2837:
00000000
00000000
00000000
00110010
00110000
00000000
00110110
00110110
00000000
00110110
00110110
00000000
00100010
00000000
00000000
00000000

2838:
00000000
00000000
00000000
00100110
00000110
00000000
00100110
00000110
00000000
00100110
00000110
00000000
00100010
00000000
00000000
00000000

2839:
00000000
00000000
00000000
00110110
00110110
00000000
00100110
00000110
00000000
00100110
00000110
00000000
00100010
00000000
00000000
00000000

283A:
00000000
00000000
00000000
00100110
00000110
00000000
00110110
00110110
00000000
00100110
00000110
00000000
00100010
00000000
00000000
00000000

283B:
00000000
00000000
00000000
00110110
00110110
00000000
00110110
00110110
00000000
00100110
00000110
00000000
00100010
00000000
00000000
00000000

283C:
00000000
00000000
00000000
00100110
00000110
00000000
00100110
00000110
00000000
00110110
00110110
00000000
00100010
00000000
00000000
00000000

283D:
00000000
00000000
00000000
00110110
00110110
00000000
00100110
00000110
00000000
00110110
00110110
00000000
00100010
00000000
00000000
00000000

283E:
00000000
00000000
00000000
00100110
00000110
00000000
00110110
00110110
00000000
00110110
00110110
00000000
00100010
00000000
00000000
00000000

283F:
00000000
00000000
00000000
00110110
00110110
00000000
00110110
00110110
00000000
00110110
00110110
00000000
00100010
00000000
00000000
00000000

2840:
00000000
00000000
00000000
00100010
00000000
00000000
00100010
00000000
00000000
00100010
00000000
00000000
00110010
00110000
00000000
00000000

2841:
00000000
00000000
00000000
00110010
00110000
00000000
00100010
00000000
00000000
00100010
00000000
00000000
00110010
00110000
00000000
00000000

2842:
00000000
00000000
00000000
00100010
00000000
00000000
00110010
00110000
00000000
00100010
00000000
00000000
00110010
00110000
00000000
00000000

2843:
00000000
00000000
00000000
00110010
00110000
00000000
00110010
00110000
00000000
00100010
00000000
00000000
00110010
00110000
00000000
00000000

2844:
00000000
00000000
00000000
00100010
00000000
00000000
00100010
00000000
00000000
00110010
00110000
00000000
00110010
00110000
00000000
00000000

2845:
00000000
00000000
00000000
00110010
00110000
00000000
00100010
00000000
00000000
00110010
00110000
00000000
00110010
00110000
00000000
00000000

2846:
00000000
00000000
00000000
00100010
00000000
00000000
00110010
00110000
00000000
00110010
00110000
00000000
00110010
00110000
00000000
00000000

2847:
00000000
00000000
00000000
00110010
00110000
00000000
00110010
00110000
00000000
00110010
00110000
00000000
00110010
00110000
00000000
00000000

2848:
00000000
00000000
00000000
00100110
00000110
00000000
00100010
00000000
00000000
00100010
00000000
00000000
00110010
00110000
00000000
00000000

2849:
00000000
00000000
00000000
00110110
00110110
00000000
00100010
00000000
00000000
00100010
00000000
00000000
00110010
00110000
00000000
00000000

284A:
00000000
00000000
00000000
00100110
00000110
00000000
00110010
00110000
00000000
00100010
00000000
00000000
00110010
00110000
00000000
00000000

284B:
00000000
00000000
00000000
00110110
00110110
00000000
00110010
00110000
00000000
00100010
00000000
00000000
00110010
00110000
00000000
00000000

284C:
00000000
00000000
00000000
00100110
00000110
00000000
00100010
00000000
00000000
00110010
00110000
00000000
00110010
00110000
00000000
00000000

284D:
00000000
00000000
00000000
00110110
00110110
00000000
00100010
00000000
00000000
00110010
00110000
00000000
00110010
00110000
00000000
00000000

284E:
00000000
00000000
00000000
00100110
00000110
00000000
00110010
00110000
00000000
00110010
00110000
00000000
00110010
00110000
00000000
00000000

284F:
00000000
00000000
00000000
00110110
00110110
00000000
00110010
00110000
00000000
00110010
00110000
00000000
00110010
00110000
00000000
00000000

2850:
00000000
00000000
00000000
00100010
00000000
00000000
00100110
00000110
00000000
00100010
00000000
00000000
00110010
00110000
00000000
00000000

2851:
00000000
00000000
00000000
00110010
00110000
00000000
00100110
00000110
00000000
00100010
00000000
00000000
00110010
00110000
00000000
00000000

2852:
00000000
00000000
00000000
00100010
00000000
00000000
00110110
00110110
00000000
00100010
00000000
00000000
00110010
00110000
00000000
00000000

2853:
00000000
00000000
00000000
00110010
00110000
00000000
00110110
00110110
00000000
00100010
00000000
00000000
00110010
00110000
00000000
00000000

2854:
00000000
00000000
00000000
00100010
00000000
00000000
00100110
00000110
00000000
00110010
00110000
00000000
00110010
00110000
00000000
00000000

2855:
00000000
00000000
00000000
00110010
00110000
00000000
00100110
00000110
00000000
00110010
00110000
00000000
00110010
00110000
00000000
00000000

2856:
00000000
00000000
00000000
00100010
00000000
00000000
00110110
00110110
00000000
00110010
00110000
00000000
00110010
00110000
00000000
00000000

2857:
00000000
00000000
00000000
00110010
00110000
00000000
00110110
00110110
00000000
00110010
00110000
00000000
00110010
00110000
00000000
00000000

2858:
00000000
00000000
00000000
00100110
00000110
00000000
00100110
00000110
00000000
00100010
00000000
00000000
00110010
00110000
00000000
00000000

2859:
00000000
00000000
00000000
00110110
00110110
00000000
00100110
00000110
00000000
00100010
00000000
00000000
00110010
00110000
00000000
00000000

285A:
00000000
00000000
00000000
00100110
00000110
00000000
00110110
00110110
00000000
00100010
00000000
00000000
00110010
00110000
00000000
00000000

285B:
00000000
00000000
00000000
00110110
00110110
00000000
00110110
00110110
00000000
00100010
00000000
00000000
00110010
00110000
00000000
00000000

285C:
00000000
00000000
00000000
00100110
00000110
00000000
00100110
00000110
00000000
00110010
00110000
00000000
00110010
00110000
00000000
00000000

285D:
00000000
00000000
00000000
00110110
00110110
00000000
00100110
00000110
00000000
00110010
00110000
00000000
00110010
00110000
00000000
00000000

285E:
00000000
00000000
00000000
00100110
00000110
00000000
00110110
00110110
00000000
00110010
00110000
00000000
00110010
00110000
00000000
00000000

285F:
00000000
00000000
00000000
00110110
00110110
00000000
00110110
00110110
00000000
00110010
00110000
00000000
00110010
00110000
00000000
00000000

2860:
00000000
00000000
00000000
00100010
00000000
00000000
00100010
00000000
00000000
00100110
00000110
00000000
00110010
00110000
00000000
00000000

2861:
00000000
00000000
00000000
00110010
00110000
00000000
00100010
00000000
00000000
00100110
00000110
00000000
00110010
00110000
00000000
00000000

2862:
00000000
00000000
00000000
00100010
00000000
00000000
00110010
00110000
00000000
00100110
00000110
00000000
00110010
00110000
00000000
00000000

2863:
00000000
00000000
00000000
00110010
00110000
00000000
00110010
00110000
00000000
00100110
00000110
00000000
00110010
00110000
00000000
00000000

2864:
00000000
00000000
00000000
00100010
00000000
00000000
00100010
00000000
00000000
00110110
00110110
00000000
00110010
00110000
00000000
00000000

2865:
00000000
00000000
00000000
00110010
00110000
00000000
00100010
00000000
00000000
00110110
00110110
00000000
00110010
00110000
00000000
00000000

2866:
00000000
00000000
00000000
00100010
00000000
00000000
00110010
00110000
00000000
00110110
00110110
00000000
00110010
00110000
00000000
00000000

2867:
00000000
00000000
00000000
00110010
00110000
00000000
00110010
00110000
00000000
00110110
00110110
00000000
00110010
00110000
00000000
00000000

2868:
00000000
00000000
00000000
00100110
00000110
00000000
00100010
00000000
00000000
00100110
00000110
00000000
00110010
00110000
00000000
00000000

2869:
00000000
00000000
00000000
00110110
00110110
00000000
00100010
00000000
00000000
00100110
00000110
00000000
00110010
00110000
00000000
00000000

286A:
00000000
00000000
00000000
00100110
00000110
00000000
00110010
00110000
00000000
00100110
00000110
00000000
00110010
00110000
00000000
00000000

286B:
00000000
00000000
00000000
00110110
00110110
00000000
00110010
00110000
00000000
00100110
00000110
00000000
00110010
00110000
00000000
00000000

286C:
00000000
00000000
00000000
00100110
00000110
00000000
00100010
00000000
00000000
00110110
00110110
00000000
00110010
00110000
00000000
00000000

286D:
00000000
00000000
00000000
00110110
00110110
00000000
00100010
00000000
00000000
00110110
00110110
00000000
00110010
00110000
00000000
00000000

286E:
00000000
00000000
00000000
00100110
00000110
00000000
00110010
00110000
00000000
00110110
00110110
00000000
00110010
00110000
00000000
00000000

286F:
00000000
00000000
00000000
00110110
00110110
00000000
00110010
00110000
00000000
00110110
00110110
00000000
00110010
00110000
00000000
00000000

2870:
00000000
00000000
00000000
00100010
00000000
00000000
00100110
00000110
00000000
00100110
00000110
00000000
00110010
00110000
00000000
00000000

2871:
00000000
00000000
00000000
00110010
00110000
00000000
00100110
00000110
00000000
00100110
00000110
00000000
00110010
00110000
00000000
00000000

2872:
00000000
00000000
00000000
00100010
00000000
00000000
00110110
00110110
00000000
00100110
00000110
00000000
00110010
00110000
00000000
00000000

2873:
00000000
00000000
00000000
00110010
00110000
00000000
00110110
00110110
00000000
00100110
00000110
00000000
00110010
00110000
00000000
00000000

2874:
00000000
00000000
00000000
00100010
00000000
00000000
00100110
00000110
00000000
00110110
00110110
00000000
00110010
00110000
00000000
00000000

2875:
00000000
00000000
00000000
00110010
00110000
00000000
00100110
00000110
00000000
00110110
00110110
00000000
00110010
00110000
00000000
00000000

2876:
00000000
00000000
00000000
00100010
00000000
00000000
00110110
00110110
00000000
00110110
00110110
00000000
00110010
00110000
00000000
00000000

2877:
00000000
00000000
00000000
00110010
00110000
00000000
00110110
00110110
00000000
00110110
00110110
00000000
00110010
00110000
00000000
00000000

2878:
00000000
00000000
00000000
00100110
00000110
00000000
00100110
00000110
00000000
00100110
00000110
00000000
00110010
00110000
00000000
00000000

2879:
00000000
00000000
00000000
00110110
00110110
00000000
00100110
00000110
00000000
00100110
00000110
00000000
00110010
00110000
00000000
00000000

287A:
00000000
00000000
00000000
00100110
00000110
00000000
00110110
00110110
00000000
00100110
00000110
00000000
00110010
00110000
00000000
00000000

287B:
00000000
00000000
00000000
00110110
00110110
00000000
00110110
00110110
00000000
00100110
00000110
00000000
00110010
00110000
00000000
00000000

287C:
00000000
00000000
00000000
00100110
00000110
00000000
00100110
00000110
00000000
00110110
00110110
00000000
00110010
00110000
00000000
00000000

287D:
00000000
00000000
00000000
00110110
00110110
00000000
00100110
00000110
00000000
00110110
00110110
00000000
00110010
00110000
00000000
00000000

287E:
00000000
00000000
00000000
00100110
00000110
00000000
00110110
00110110
00000000
00110110
00110110
00000000
00110010
00110000
00000000
00000000

287F:
00000000
00000000
00000000
00110110
00110110
00000000
00110110
00110110
00000000
00110110
00110110
00000000
00110010
00110000
00000000
00000000

2880:
00000000
00000000
00000000
00100010
00000000
00000000
00100010
00000000
00000000
00100010
00000000
00000000
00100110
00000110
00000000
00000000

2881:
00000000
00000000
00000000
00110010
00110000
00000000
00100010
00000000
00000000
00100010
00000000
00000000
00100110
00000110
00000000
00000000

2882:
00000000
00000000
00000000
00100010
00000000
00000000
00110010
00110000
00000000
00100010
00000000
00000000
00100110
00000110
00000000
00000000

2883:
00000000
00000000
00000000
00110010
00110000
00000000
00110010
00110000
00000000
00100010
00000000
00000000
00100110
00000110
00000000
00000000

2884:
00000000
00000000
00000000
00100010
00000000
00000000
00100010
00000000
00000000
00110010
00110000
00000000
00100110
00000110
00000000
00000000

2885:
00000000
00000000
00000000
00110010
00110000
00000000
00100010
00000000
00000000
00110010
00110000
00000000
00100110
00000110
00000000
00000000

2886:
00000000
00000000
00000000
00100010
00000000
00000000
00110010
00110000
00000000
00110010
00110000
00000000
00100110
00000110
00000000
00000000

2887:
00000000
00000000
00000000
00110010
00110000
00000000
00110010
00110000
00000000
00110010
00110000
00000000
00100110
00000110
00000000
00000000

2888:
00000000
00000000
00000000
00100110
00000110
00000000
00100010
00000000
00000000
00100010
00000000
00000000
00100110
00000110
00000000
00000000

2889:
00000000
00000000
00000000
00110110
00110110
00000000
00100010
00000000
00000000
00100010
00000000
00000000
00100110
00000110
00000000
00000000

288A:
00000000
00000000
00000000
00100110
00000110
00000000
00110010
00110000
00000000
00100010
00000000
00000000
00100110
00000110
00000000
00000000

288B:
00000000
00000000
00000000
00110110
00110110
00000000
00110010
00110000
00000000
00100010
00000000
00000000
00100110
00000110
00000000
00000000

288C:
00000000
00000000
00000000
00100110
00000110
00000000
00100010
00000000
00000000
00110010
00110000
00000000
00100110
00000110
00000000
00000000

288D:
00000000
00000000
00000000
00110110
00110110
00000000
00100010
00000000
00000000
00110010
00110000
00000000
00100110
00000110
00000000
00000000

288E:
00000000
00000000
00000000
00100110
00000110
00000000
00110010
00110000
00000000
00110010
00110000
00000000
00100110
00000110
00000000
00000000

288F:
00000000
00000000
00000000
00110110
00110110
00000000
00110010
00110000
00000000
00110010
00110000
00000000
00100110
00000110
00000000
00000000

2890:
00000000
00000000
00000000
00100010
00000000
00000000
00100110
00000110
00000000
00100010
00000000
00000000
00100110
00000110
00000000
00000000

2891:
00000000
00000000
00000000
00110010
00110000
00000000
00100110
00000110
00000000
00100010
00000000
00000000
00100110
00000110
00000000
00000000

2892:
00000000
00000000
00000000
00100010
00000000
00000000
00110110
00110110
00000000
00100010
00000000
00000000
00100110
00000110
00000000
00000000

2893:
00000000
00000000
00000000
00110010
00110000
00000000
00110110
00110110
00000000
00100010
00000000
00000000
00100110
00000110
00000000
00000000

2894:
00000000
00000000
00000000
00100010
00000000
00000000
00100110
00000110
00000000
00110010
00110000
00000000
00100110
00000110
00000000
00000000

2895:
00000000
00000000
00000000
00110010
00110000
00000000
00100110
00000110
00000000
00110010
00110000
00000000
00100110
00000110
00000000
00000000

2896:
00000000
00000000
00000000
00100010
00000000
00000000
00110110
00110110
00000000
00110010
00110000
00000000
00100110
00000110
00000000
00000000

2897:
00000000
00000000
00000000
00110010
00110000
00000000
00110110
00110110
00000000
00110010
00110000
00000000
00100110
00000110
00000000
00000000

2898:
00000000
00000000
00000000
00100110
00000110
00000000
00100110
00000110
00000000
00100010
00000000
00000000
00100110
00000110
00000000
00000000

2899:
00000000
00000000
00000000
00110110
00110110
00000000
00100110
00000110
00000000
00100010
00000000
00000000
00100110
00000110
00000000
00000000

289A:
00000000
00000000
00000000
00100110
00000110
00000000
00110110
00110110
00000000
00100010
00000000
00000000
00100110
00000110
00000000
00000000

289B:
00000000
00000000
00000000
00110110
00110110
00000000
00110110
00110110
00000000
00100010
00000000
00000000
00100110
00000110
00000000
00000000

289C:
00000000
00000000
00000000
00100110
00000110
00000000
00100110
00000110
00000000
00110010
00110000
00000000
00100110
00000110
00000000
00000000

289D:
00000000
00000000
00000000
00110110
00110110
00000000
00100110
00000110
00000000
00110010
00110000
00000000
00100110
00000110
00000000
00000000

289E:
00000000
00000000
00000000
00100110
00000110
00000000
00110110
00110110
00000000
00110010
00110000
00000000
00100110
00000110
00000000
00000000

289F:
00000000
00000000
00000000
00110110
00110110
00000000
00110110
00110110
00000000
00110010
00110000
00000000
00100110
00000110
00000000
00000000

28A0:
00000000
00000000
00000000
00100010
00000000
00000000
00100010
00000000
00000000
00100110
00000110
00000000
00100110
00000110
00000000
00000000

28A1:
00000000
00000000
00000000
00110010
00110000
00000000
00100010
00000000
00000000
00100110
00000110
00000000
00100110
00000110
00000000
00000000

28A2:
00000000
00000000
00000000
00100010
00000000
00000000
00110010
00110000
00000000
00100110
00000110
00000000
00100110
00000110
00000000
00000000

28A3:
00000000
00000000
00000000
00110010
00110000
00000000
00110010
00110000
00000000
00100110
00000110
00000000
00100110
00000110
00000000
00000000

28A4:
00000000
00000000
00000000
00100010
00000000
00000000
00100010
00000000
00000000
00110110
00110110
00000000
00100110
00000110
00000000
00000000

28A5:
00000000
00000000
00000000
00110010
00110000
00000000
00100010
00000000
00000000
00110110
00110110
00000000
00100110
00000110
00000000
00000000

28A6:
00000000
00000000
00000000
00100010
00000000
00000000
00110010
00110000
00000000
00110110
00110110
00000000
00100110
00000110
00000000
00000000

28A7:
00000000
00000000
00000000
00110010
00110000
00000000
00110010
00110000
00000000
00110110
00110110
00000000
00100110
00000110
00000000
00000000

28A8:
00000000
00000000
00000000
00100110
00000110
00000000
00100010
00000000
00000000
00100110
00000110
00000000
00100110
00000110
00000000
00000000

28A9:
00000000
00000000
00000000
00110110
00110110
00000000
00100010
00000000
00000000
00100110
00000110
00000000
00100110
00000110
00000000
00000000

28AA:
00000000
00000000
00000000
00100110
00000110
00000000
00110010
00110000
00000000
00100110
00000110
00000000
00100110
00000110
00000000
00000000

28AB:
00000000
00000000
00000000
00110110
00110110
00000000
00110010
00110000
00000000
00100110
00000110
00000000
00100110
00000110
00000000
00000000

28AC:
00000000
00000000
00000000
00100110
00000110
00000000
00100010
00000000
00000000
00110110
00110110
00000000
00100110
00000110
00000000
00000000

28AD:
00000000
00000000
00000000
00110110
00110110
00000000
00100010
00000000
00000000
00110110
00110110
00000000
00100110
00000110
00000000
00000000

28AE:
00000000
00000000
00000000
00100110
00000110
00000000
00110010
00110000
00000000
00110110
00110110
00000000
00100110
00000110
00000000
00000000

28AF:
00000000
00000000
00000000
00110110
00110110
00000000
00110010
00110000
00000000
00110110
00110110
00000000
00100110
00000110
00000000
00000000

28B0:
00000000
00000000
00000000
00100010
00000000
00000000
00100110
00000110
00000000
00100110
00000110
00000000
00100110
00000110
00000000
00000000

28B1:
00000000
00000000
00000000
00110010
00110000
00000000
00100110
00000110
00000000
00100110
00000110
00000000
00100110
00000110
00000000
00000000

28B2:
00000000
00000000
00000000
00100010
00000000
00000000
00110110
00110110
00000000
00100110
00000110
00000000
00100110
00000110
00000000
00000000

28B3:
00000000
00000000
00000000
00110010
00110000
00000000
00110110
00110110
00000000
00100110
00000110
00000000
00100110
00000110
00000000
00000000

28B4:
00000000
00000000
00000000
00100010
00000000
00000000
00100110
00000110
00000000
00110110
00110110
00000000
00100110
00000110
00000000
00000000

28B5:
00000000
00000000
00000000
00110010
00110000
00000000
00100110
00000110
00000000
00110110
00110110
00000000
00100110
00000110
00000000
00000000

28B6:
00000000
00000000
00000000
00100010
00000000
00000000
00110110
00110110
00000000
00110110
00110110
00000000
00100110
00000110
00000000
00000000

28B7:
00000000
00000000
00000000
00110010
00110000
00000000
00110110
00110110
00000000
00110110
00110110
00000000
00100110
00000110
00000000
00000000

28B8:
00000000
00000000
00000000
00100110
00000110
00000000
00100110
00000110
00000000
00100110
00000110
00000000
00100110
00000110
00000000
00000000

28B9:
00000000
00000000
00000000
00110110
00110110
00000000
00100110
00000110
00000000
00100110
00000110
00000000
00100110
00000110
00000000
00000000

28BA:
00000000
00000000
00000000
00100110
00000110
00000000
00110110
00110110
00000000
00100110
00000110
00000000
00100110
00000110
00000000
00000000

28BB:
00000000
00000000
00000000
00110110
00110110
00000000
00110110
00110110
00000000
00100110
00000110
00000000
00100110
00000110
00000000
00000000

28BC:
00000000
00000000
00000000
00100110
00000110
00000000
00100110
00000110
00000000
00110110
00110110
00000000
00100110
00000110
00000000
00000000

28BD:
00000000
00000000
00000000
00110110
00110110
00000000
00100110
00000110
00000000
00110110
00110110
00000000
00100110
00000110
00000000
00000000

28BE:
00000000
00000000
00000000
00100110
00000110
00000000
00110110
00110110
00000000
00110110
00110110
00000000
00100110
00000110
00000000
00000000

28BF:
00000000
00000000
00000000
00110110
00110110
00000000
00110110
00110110
00000000
00110110
00110110
00000000
00100110
00000110
00000000
00000000

28C0:
00000000
00000000
00000000
00100010
00000000
00000000
00100010
00000000
00000000
00100010
00000000
00000000
00110110
00110110
00000000
00000000

28C1:
00000000
00000000
00000000
00110010
00110000
00000000
00100010
00000000
00000000
00100010
00000000
00000000
00110110
00110110
00000000
00000000

28C2:
00000000
00000000
00000000
00100010
00000000
00000000
00110010
00110000
00000000
00100010
00000000
00000000
00110110
00110110
00000000
00000000

28C3:
00000000
00000000
00000000
00110010
00110000
00000000
00110010
00110000
00000000
00100010
00000000
00000000
00110110
00110110
00000000
00000000

28C4:
00000000
00000000
00000000
00100010
00000000
00000000
00100010
00000000
00000000
00110010
00110000
00000000
00110110
00110110
00000000
00000000

28C5:
00000000
00000000
00000000
00110010
00110000
00000000
00100010
00000000
00000000
00110010
00110000
00000000
00110110
00110110
00000000
00000000

28C6:
00000000
00000000
00000000
00100010
00000000
00000000
00110010
00110000
00000000
00110010
00110000
00000000
00110110
00110110
00000000
00000000

28C7:
00000000
00000000
00000000
00110010
00110000
00000000
00110010
00110000
00000000
00110010
00110000
00000000
00110110
00110110
00000000
00000000

28C8:
00000000
00000000
00000000
00100110
00000110
00000000
00100010
00000000
00000000
00100010
00000000
00000000
00110110
00110110
00000000
00000000

28C9:
00000000
00000000
00000000
00110110
00110110
00000000
00100010
00000000
00000000
00100010
00000000
00000000
00110110
00110110
00000000
00000000

28CA:
00000000
00000000
00000000
00100110
00000110
00000000
00110010
00110000
00000000
00100010
00000000
00000000
00110110
00110110
00000000
00000000

28CB:
00000000
00000000
00000000
00110110
00110110
00000000
00110010
00110000
00000000
00100010
00000000
00000000
00110110
00110110
00000000
00000000

28CC:
00000000
00000000
00000000
00100110
00000110
00000000
00100010
00000000
00000000
00110010
00110000
00000000
00110110
00110110
00000000
00000000

28CD:
00000000
00000000
00000000
00110110
00110110
00000000
00100010
00000000
00000000
00110010
00110000
00000000
00110110
00110110
00000000
00000000

28CE:
00000000
00000000
00000000
00100110
00000110
00000000
00110010
00110000
00000000
00110010
00110000
00000000
00110110
00110110
00000000
00000000

28CF:
00000000
00000000
00000000
00110110
00110110
00000000
00110010
00110000
00000000
00110010
00110000
00000000
00110110
00110110
00000000
00000000

28D0:
00000000
00000000
00000000
00100010
00000000
00000000
00100110
00000110
00000000
00100010
00000000
00000000
00110110
00110110
00000000
00000000

28D1:
00000000
00000000
00000000
00110010
00110000
00000000
00100110
00000110
00000000
00100010
00000000
00000000
00110110
00110110
00000000
00000000

28D2:
00000000
00000000
00000000
00100010
00000000
00000000
00110110
00110110
00000000
00100010
00000000
00000000
00110110
00110110
00000000
00000000

28D3:
00000000
00000000
00000000
00110010
00110000
00000000
00110110
00110110
00000000
00100010
00000000
00000000
00110110
00110110
00000000
00000000

28D4:
00000000
00000000
00000000
00100010
00000000
00000000
00100110
00000110
00000000
00110010
00110000
00000000
00110110
00110110
00000000
00000000

28D5:
00000000
00000000
00000000
00110010
00110000
00000000
00100110
00000110
00000000
00110010
00110000
00000000
00110110
00110110
00000000
00000000

28D6:
00000000
00000000
00000000
00100010
00000000
00000000
00110110
00110110
00000000
00110010
00110000
00000000
00110110
00110110
00000000
00000000

28D7:
00000000
00000000
00000000
00110010
00110000
00000000
00110110
00110110
00000000
00110010
00110000
00000000
00110110
00110110
00000000
00000000

28D8:
00000000
00000000
00000000
00100110
00000110
00000000
00100110
00000110
00000000
00100010
00000000
00000000
00110110
00110110
00000000
00000000

28D9:
00000000
00000000
00000000
00110110
00110110
00000000
00100110
00000110
00000000
00100010
00000000
00000000
00110110
00110110
00000000
00000000

28DA:
00000000
00000000
00000000
00100110
00000110
00000000
00110110
00110110
00000000
00100010
00000000
00000000
00110110
00110110
00000000
00000000

28DB:
00000000
00000000
00000000
00110110
00110110
00000000
00110110
00110110
00000000
00100010
00000000
00000000
00110110
00110110
00000000
00000000

28DC:
00000000
00000000
00000000
00100110
00000110
00000000
00100110
00000110
00000000
00110010
00110000
00000000
00110110
00110110
00000000
00000000

28DD:
00000000
00000000
00000000
00110110
00110110
00000000
00100110
00000110
00000000
00110010
00110000
00000000
00110110
00110110
00000000
00000000

28DE:
00000000
00000000
00000000
00100110
00000110
00000000
00110110
00110110
00000000
00110010
00110000
00000000
00110110
00110110
00000000
00000000

28DF:
00000000
00000000
00000000
00110110
00110110
00000000
00110110
00110110
00000000
00110010
00110000
00000000
00110110
00110110
00000000
00000000

28E0:
00000000
00000000
00000000
00100010
00000000
00000000
00100010
00000000
00000000
00100110
00000110
00000000
00110110
00110110
00000000
00000000

28E1:
00000000
00000000
00000000
00110010
00110000
00000000
00100010
00000000
00000000
00100110
00000110
00000000
00110110
00110110
00000000
00000000

28E2:
00000000
00000000
00000000
00100010
00000000
00000000
00110010
00110000
00000000
00100110
00000110
00000000
00110110
00110110
00000000
00000000

28E3:
00000000
00000000
00000000
00110010
00110000
00000000
00110010
00110000
00000000
00100110
00000110
00000000
00110110
00110110
00000000
00000000

28E4:
00000000
00000000
00000000
00100010
00000000
00000000
00100010
00000000
00000000
00110110
00110110
00000000
00110110
00110110
00000000
00000000

28E5:
00000000
00000000
00000000
00110010
00110000
00000000
00100010
00000000
00000000
00110110
00110110
00000000
00110110
00110110
00000000
00000000

28E6:
00000000
00000000
00000000
00100010
00000000
00000000
00110010
00110000
00000000
00110110
00110110
00000000
00110110
00110110
00000000
00000000

28E7:
00000000
00000000
00000000
00110010
00110000
00000000
00110010
00110000
00000000
00110110
00110110
00000000
00110110
00110110
00000000
00000000

28E8:
00000000
00000000
00000000
00100110
00000110
00000000
00100010
00000000
00000000
00100110
00000110
00000000
00110110
00110110
00000000
00000000

28E9:
00000000
00000000
00000000
00110110
00110110
00000000
00100010
00000000
00000000
00100110
00000110
00000000
00110110
00110110
00000000
00000000

28EA:
00000000
00000000
00000000
00100110
00000110
00000000
00110010
00110000
00000000
00100110
00000110
00000000
00110110
00110110
00000000
00000000

28EB:
00000000
00000000
00000000
00110110
00110110
00000000
00110010
00110000
00000000
00100110
00000110
00000000
00110110
00110110
00000000
00000000

28EC:
00000000
00000000
00000000
00100110
00000110
00000000
00100010
00000000
00000000
00110110
00110110
00000000
00110110
00110110
00000000
00000000

28ED:
00000000
00000000
00000000
00110110
00110110
00000000
00100010
00000000
00000000
00110110
00110110
00000000
00110110
00110110
00000000
00000000

28EE:
00000000
00000000
00000000
00100110
00000110
00000000
00110010
00110000
00000000
00110110
00110110
00000000
00110110
00110110
00000000
00000000

28EF:
00000000
00000000
00000000
00110110
00110110
00000000
00110010
00110000
00000000
00110110
00110110
00000000
00110110
00110110
00000000
00000000

28F0:
00000000
00000000
00000000
00100010
00000000
00000000
00100110
00000110
00000000
00100110
00000110
00000000
00110110
00110110
00000000
00000000

28F1:
00000000
00000000
00000000
00110010
00110000
00000000
00100110
00000110
00000000
00100110
00000110
00000000
00110110
00110110
00000000
00000000

28F2:
00000000
00000000
00000000
00100010
00000000
00000000
00110110
00110110
00000000
00100110
00000110
00000000
00110110
00110110
00000000
00000000

28F3:
00000000
00000000
00000000
00110010
00110000
00000000
00110110
00110110
00000000
00100110
00000110
00000000
00110110
00110110
00000000
00000000

28F4:
00000000
00000000
00000000
00100010
00000000
00000000
00100110
00000110
00000000
00110110
00110110
00000000
00110110
00110110
00000000
00000000

28F5:
00000000
00000000
00000000
00110010
00110000
00000000
00100110
00000110
00000000
00110110
00110110
00000000
00110110
00110110
00000000
00000000

28F6:
00000000
00000000
00000000
00100010
00000000
00000000
00110110
00110110
00000000
00110110
00110110
00000000
00110110
00110110
00000000
00000000

28F7:
00000000
00000000
00000000
00110010
00110000
00000000
00110110
00110110
00000000
00110110
00110110
00000000
00110110
00110110
00000000
00000000

28F8:
00000000
00000000
00000000
00100110
00000110
00000000
00100110
00000110
00000000
00100110
00000110
00000000
00110110
00110110
00000000
00000000

28F9:
00000000
00000000
00000000
00110110
00110110
00000000
00100110
00000110
00000000
00100110
00000110
00000000
00110110
00110110
00000000
00000000

28FA:
00000000
00000000
00000000
00100110
00000110
00000000
00110110
00110110
00000000
00100110
00000110
00000000
00110110
00110110
00000000
00000000

28FB:
00000000
00000000
00000000
00110110
00110110
00000000
00110110
00110110
00000000
00100110
00000110
00000000
00110110
00110110
00000000
00000000

28FC:
00000000
00000000
00000000
00100110
00000110
00000000
00100110
00000110
00000000
00110110
00110110
00000000
00110110
00110110
00000000
00000000

28FD:
00000000
00000000
00000000
00110110
00110110
00000000
00100110
00000110
00000000
00110110
00110110
00000000
00110110
00110110
00000000
00000000

28FE:
00000000
00000000
00000000
00100110
00000110
00000000
00110110
00110110
00000000
00110110
00110110
00000000
00110110
00110110
00000000
00000000

28FF:
00000000
00000000
00000000
00110110
00110110
00000000
00110110
00110110
00000000
00110110
00110110
00000000
00110110
00110110
00000000
00000000

2980:
00000000
00000000
00000000
00101010
00101010
00101010
00101010
00101010
00101010
00101010
00101010
00101010
00101010
00101010
00101010
00000000

2981:
00000000
00000000
00000000
00000000
00000000
00000000
00011000
00111100
01111110
01111110
00111100
00011000
00000000
00000000
00000000
00000000

2982:
00000000
00000000
00000000
00000000
00011000
00100100
00100100
00011000
00000000
00000000
00011000
00100100
00100100
00011000
00000000
00000000

2983:
00000000
00000000
00011110
00100100
00100100
00010100
00010100
00100100
01000100
00100100
00010100
00010100
00100100
00100100
00011110
00000000

2984:
00000000
00000000
01111000
00100100
00100100
00101000
00101000
00100100
00100010
00100100
00101000
00101000
00100100
00100100
01111000
00000000

2985:
00000000
00000000
00000000
00001100
00011000
00011000
00101000
00101000
00101000
00101000
00101000
00101000
00011000
00011000
00001100
00000000

2986:
00000000
00000000
00000000
00110000
00011000
00011000
00010100
00010100
00010100
00010100
00010100
00010100
00011000
00011000
00110000
00000000

2987:
00000000
00000000
00000000
00001100
00010100
00010100
00100100
00100100
00100100
00100100
00100100
00100100
00010100
00010100
00001100
00000000

2988:
00000000
00000000
00000000
00110000
00101000
00101000
00100100
00100100
00100100
00100100
00100100
00100100
00101000
00101000
00110000
00000000

2989:
00000000
00000000
00000000
00000100
00001100
00001100
00010100
00010100
00100100
00100100
00010100
00010100
00001100
00001100
00000100
00000000

298A:
00000000
00000000
00000000
00100000
00110000
00110000
00101000
00101000
00100100
00100100
00101000
00101000
00110000
00110000
00100000
00000000

298B:
00000000
00000000
00000000
00001110
00001000
00001000
00001000
00001000
00001000
00001000
00001000
00001000
00001000
00001110
00000000
00001110

298C:
00000000
00000000
00000000
01110000
00010000
00010000
00010000
00010000
00010000
00010000
00010000
00010000
00010000
01110000
00000000
01110000

298D:
00000000
00000000
00000000
00011110
00011000
00010100
00010010
00010000
00010000
00010000
00010000
00010000
00010000
00010000
00011110
00000000

298E:
00000000
00000000
00000000
01111000
00001000
00001000
00001000
00001000
00001000
00001000
00001000
01001000
00101000
00011000
01111000
00000000

298F:
00000000
00000000
00000000
00011110
00010000
00010000
00010000
00010000
00010000
00010000
00010000
00010010
00010100
00011000
00011110
00000000

2990:
00000000
00000000
00000000
01111000
00011000
00101000
01001000
00001000
00001000
00001000
00001000
00001000
00001000
00001000
01111000
00000000

2991:
00000000
00000000
00000000
00000100
00001000
00001000
00010000
00010000
00100110
00100110
00010000
00010000
00001000
00001000
00000100
00000000

2992:
00000000
00000000
00000000
00100000
00010000
00010000
00001000
00001000
01100100
01100100
00001000
00001000
00010000
00010000
00100000
00000000

2993:
0000000000000000
0000000000000000
0000000000000000
0000000001000000
0000000010001100
0000000011110000
0000000110000000
0000001100000000
0000110100000000
0001000100000000
0000110100000000
0000001100000000
0000000110000000
0000000011110000
0000000010001100
0000000001000000

2994:
0000000000000000
0000000000000000
0000000000000000
0000000100000000
0001100010000000
0000011110000000
0000000011000000
0000000001100000
0000000001011000
0000000001000100
0000000001011000
0000000001100000
0000000011000000
0000011110000000
0001100010000000
0000000100000000

2995:
0000000000000000
0000000000000000
0000000000000000
0000000010100000
0001100101000000
0000011101000000
0000001110000000
0000001011100000
0000001010011000
0000001010000100
0000001010011000
0000001001100000
0000000111000000
0000011101000000
0001100010100000
0000000000000000

2996:
0000000000000000
0000000000000000
0000000000000000
0000001010000000
0000000101001100
0000000101110000
0000000011100000
0000001110100000
0000110010100000
0001000010100000
0000110010100000
0000001100100000
0000000111000000
0000000101110000
0000001010001100
0000000000000000

2997:
00000000
00000000
00000000
00001100
00011000
00111000
00111000
00111000
00111000
00111000
00111000
00111000
00111000
00011000
00001100
00000000

2998:
00000000
00000000
00000000
00110000
00011000
00011100
00011100
00011100
00011100
00011100
00011100
00011100
00011100
00011000
00110000
00000000

2999:
00000000
00000000
00000000
00000000
00001000
00000000
00000000
00001000
00000000
00000000
00001000
00000000
00000000
00001000
00000000
00000000

299A:
00000000
00100000
00010000
00001000
00010000
00100000
00010000
00001000
00010000
00100000
00010000
00001000
00010000
00100000
00010000
00001000

299B:
00000000
00000000
00000000
00000000
00000000
00000000
00000000
00000000
01000000
00101000
00010000
00101000
00100100
01111110
00100000
00000000

299C:
00000000
00000000
00000000
00000000
00000000
00000000
00000000
01000000
01000000
01000000
01000000
01110000
01010000
01111110
00000000
00000000

299D:
00000000
00000000
00000000
00000000
00000000
00000000
01000000
01000000
01000000
01111000
01000100
01010100
01000100
01111111
00000000
00000000

299E:
0000000000000000
0000000000000000
0000000000000000
0000000000000000
0000000000010000
0000000000100000
0000000001000000
0000000010011100
0000000100100000
0000001000011000
0000010000000100
0000100000111000
0001000000000000
0011111111111110
0000000000000000
0000000000000000

299F:
00000000
00000000
00000000
00000000
00000000
00000000
00000000
00000000
00000000
00000000
00000110
00011000
00100000
01111110
00000000
00000000

29A0:
00000000
00000000
00000000
00000000
00000000
00000000
00000000
01010000
00110000
00101000
00100110
00101000
00110000
01010000
00000000
00000000

29A1:
00000000
00000000
00000000
00000000
00000000
00000000
00000000
00000000
01000001
00111110
01100011
00010100
00001000
00001000
00000000
00000000

29A2:
00000000
00000000
00000000
00000000
00000000
00000000
00000000
00000000
01111110
00000100
00001000
00010000
00100000
01000000
00000000
00000000

29A3:
00000000
00000000
00000000
00000000
00000000
00000000
00000000
00000000
01000000
00100000
00010000
00001000
00000100
01111110
00000000
00000000

29A4:
00000000
00000000
00000000
00000000
00000000
00000000
00000000
00000000
00000010
00000100
00001000
00010000
00100000
01111110
00000000
01111110

29A5:
00000000
00000000
00000000
00000000
00000000
00000000
00000000
00000000
01000000
00100000
00010000
00001000
00000100
01111110
00000000
01111110

29A6:
00000000
00000000
00000000
00000000
00000000
00000000
00000000
00000000
00000000
00000000
00000000
01000000
00100000
00011110
00000000
00000000

29A7:
00000000
00000000
00000000
00000000
00000000
00000000
00000000
00000000
00000000
00000000
00000000
00011110
00100000
01000000
00000000
00000000

29A8:
0000000000000000
0000000000000000
0000000000000000
0000000001111000
0000000000011000
0000000100101000
0000000011001000
0000000011000000
0000000100100000
0000001000100000
0000010000010000
0000100000010000
0001000000010000
0011111111111110
0000000000010000
0000000000000000

29A9:
0000000000000000
0000000000000000
0000000000000000
0000111100000000
0000110000000000
0000101001000000
0000100110000000
0000000110000000
0000001001000000
0000001000100000
0000010000010000
0000010000001000
0000010000000100
0011111111111110
0000010000000000
0000000000000000

29AA:
0000000000000000
0000000000000000
0000000000000000
0000000000010000
0011111111111110
0001000000010000
0000100000010000
0000010000010000
0000001000100000
0000000100100000
0000000011000000
0000000011001000
0000000100101000
0000000000011000
0000000001111000
0000000000000000

29AB:
0000000000000000
0000000000000000
0000000000000000
0000010000000000
0011111111111110
0000010000000100
0000010000001000
0000010000010000
0000001000100000
0000001001000000
0000000110000000
0000100110000000
0000101001000000
0000110000000000
0000111100000000
0000000000000000

29AC:
0000000000000000
0000000000000000
0000000000000000
0001000000000000
0001000000000000
0001000000111100
0011111000001100
0001000110010100
0001000001100100
0001000001100000
0001000010010000
0001000100000000
0001001000000000
0001010000000000
0001100000000000
0001000000000000

29AD:
0000000000000000
0000000000000000
0000000000000000
0000000000001000
0000000000001000
0011110000001000
0011000001111100
0010100110001000
0010011000001000
0000011000001000
0000100100001000
0000000010001000
0000000001001000
0000000000101000
0000000000011000
0000000000001000

29AE:
0000000000000000
0000000000000000
0000000000000000
0001000000000000
0001100000000000
0001010000000000
0001001000000000
0001000100000000
0001000010010000
0001000001100000
0001000001100100
0001000110010100
0011111000001100
0001000000111100
0001000000000000
0001000000000000

29AF:
0000000000000000
0000000000000000
0000000000000000
0000000000001000
0000000000011000
0000000000101000
0000000001001000
0000000010001000
0000100100001000
0000011000001000
0010011000001000
0010100110001000
0011000001111100
0011110000001000
0000000000001000
0000000000001000

29B0:
0000000000000000
0000000000000000
0000000000000000
0000000000000000
0000000000000000
0001011111000000
0000100000100000
0001010000010000
0001001000010000
0001000100010000
0001000010010000
0001000001010000
0000100000100000
0000011111010000
0000000000000000
0000000000000000

29B1:
0000000000000000
0000000000000000
0000000000000000
0000011111000000
0000000000000000
0000011111010000
0000100000100000
0001000001010000
0001000010010000
0001000100010000
0001001000010000
0001010000010000
0000100000100000
0001011111000000
0000000000000000
0000000000000000

29B2:
0000000000000000
0000000100000000
0000001010000000
0000000100000000
0000000000000000
0000011111010000
0000100000100000
0001000001010000
0001000010010000
0001000100010000
0001001000010000
0001010000010000
0000100000100000
0001011111000000
0000000000000000
0000000000000000

29B3:
0000000100000000
0000000010000000
0000111111000000
0000000010000000
0000000100000000
0000011111010000
0000100000100000
0001000001010000
0001000010010000
0001000100010000
0001001000010000
0001010000010000
0000100000100000
0001011111000000
0000000000000000
0000000000000000

29B4:
0000001000000000
0000010000000000
0000111111000000
0000010000000000
0000001000000000
0000011111010000
0000100000100000
0001000001010000
0001000010010000
0001000100010000
0001001000010000
0001010000010000
0000100000100000
0001011111000000
0000000000000000
0000000000000000

29B5:
0000000000000000
0000000000000000
0000000000000000
0000000000000000
0000000000000000
0000011111000000
0000100000100000
0001000000010000
0001000000010000
0011111111111000
0001000000010000
0001000000010000
0000100000100000
0000011111000000
0000000000000000
0000000000000000

29B6:
0000000000000000
0000000000000000
0000000000000000
0000000000000000
0000000000000000
0000011111000000
0000100100100000
0001000100010000
0001000100010000
0001000100010000
0001000100010000
0001000100010000
0000100100100000
0000011111000000
0000000000000000
0000000000000000

29B7:
0000000000000000
0000000000000000
0000000000000000
0000000000000000
0000000000000000
0000011111000000
0000100000100000
0001001010010000
0001001010010000
0001001010010000
0001001010010000
0001001010010000
0000100000100000
0000011111000000
0000000000000000
0000000000000000

29B8:
0000000000000000
0000000000000000
0000000000000000
0000000000000000
0000000000000000
0000011111000000
0000100000100000
0001010000010000
0001001000010000
0001000100010000
0001000010010000
0001000001010000
0000100000100000
0000011111000000
0000000000000000
0000000000000000

29B9:
0000000000000000
0000000000000000
0000000000000000
0000000000000000
0000000000000000
0000011111000000
0000100000100000
0001000100010000
0001000100010000
0001000100010000
0001000100010000
0001011111010000
0000100000100000
0000011111000000
0000000000000000
0000000000000000

29BA:
0000000000000000
0000000000000000
0000000000000000
0000000000000000
0000000000000000
0000011111000000
0000100100100000
0001000100010000
0001000100010000
0001111111110000
0001000000010000
0001000000010000
0000100000100000
0000011111000000
0000000000000000
0000000000000000

29BB:
0000000000000000
0000000000000000
0000000000000000
0000000000000000
0000000000000000
0001011111010000
0000100000100000
0001010001010000
0001001010010000
0001000100010000
0001001010010000
0001010001010000
0000100000100000
0001011111010000
0000000000000000
0000000000000000

29BC:
0000000000000000
0000000000000000
0000000000000000
0000001111100000
0000010000010000
0000100000001000
0001001000100100
0001000001000100
0001000010000100
0001000100000100
0001001000100100
0000100000001000
0000010000010000
0000001111100000
0000000000000000
0000000000000000

29BD:
0000000000000000
0000000100000000
0000001110000000
0000010101000000
0000000100000000
0000011111000000
0000100100100000
0001000100010000
0001000100010000
0001000100010000
0001000100010000
0001000100010000
0000100100100000
0000011111000000
0000000100000000
0000000000000000

29BE:
0000000000000000
0000000000000000
0000000000000000
0000001111100000
0000010000010000
0000100111001000
0001001000100100
0001010000010100
0001010000010100
0001010000010100
0001001000100100
0000100111001000
0000010000010000
0000001111100000
0000000000000000
0000000000000000

29BF:
0000000000000000
0000000000000000
0000000000000000
0000001111100000
0000010000010000
0000100111001000
0001001111100100
0001011111110100
0001011111110100
0001011111110100
0001001111100100
0000100111001000
0000010000010000
0000001111100000
0000000000000000
0000000000000000

29C0:
0000000000000000
0000000000000000
0000000000000000
0000001111100000
0000010000010000
0000100000001000
0001000011000100
0001001100000100
0001010000000100
0001001100000100
0001000011000100
0000100000001000
0000010000010000
0000001111100000
0000000000000000
0000000000000000

29C1:
0000000000000000
0000000000000000
0000000000000000
0000001111100000
0000010000010000
0000100000001000
0001000110000100
0001000001100100
0001000000010100
0001000001100100
0001000110000100
0000100000001000
0000010000010000
0000001111100000
0000000000000000
0000000000000000

29C2:
0000000000000000
0000000000000000
0000000000000000
0000000000000000
0000000000000000
0001111100000000
0010000010000000
0100000001000000
0100000001001000
0100000001010100
0100000001001000
0100000001000000
0010000010000000
0001111100000000
0000000000000000
0000000000000000

29C3:
0000000000000000
0000000000000000
0000000000000000
0000000000000000
0000000000000000
0000111110000000
0001000001000000
0010000000100000
0010000000111100
0010000000100000
0010000000111100
0010000000100000
0001000001000000
0000111110000000
0000000000000000
0000000000000000

29C4:
0000000000000000
0000000000000000
0000000000000000
0001111111111100
0001000000001100
0001000000010100
0001000000100100
0001000001000100
0001000010000100
0001000100000100
0001001000000100
0001010000000100
0001100000000100
0001111111111100
0000000000000000
0000000000000000

29C5:
0000000000000000
0000000000000000
0000000000000000
0001111111111100
0001100000000100
0001010000000100
0001001000000100
0001000100000100
0001000010000100
0001000001000100
0001000000100100
0001000000010100
0001000000001100
0001111111111100
0000000000000000
0000000000000000

29C6:
0000000000000000
0000000000000000
0000000000000000
0001111111111100
0001000000000100
0001000010000100
0001010010010100
0001001010100100
0001000111000100
0001001010100100
0001010010010100
0001000010000100
0001000000000100
0001111111111100
0000000000000000
0000000000000000

29C7:
0000000000000000
0000000000000000
0000000000000000
0001111111111100
0001000000000100
0001000000000100
0001000111000100
0001001000100100
0001001000100100
0001001000100100
0001000111000100
0001000000000100
0001000000000100
0001111111111100
0000000000000000
0000000000000000

29C8:
0000000000000000
0000000000000000
0000000000000000
0001111111111100
0001000000000100
0001000000000100
0001001111100100
0001001000100100
0001001000100100
0001001000100100
0001001111100100
0001000000000100
0001000000000100
0001111111111100
0000000000000000
0000000000000000

29C9:
0000000000000000
0000000000000000
0011111111000000
0010000001000000
0010000001000000
0010000001000000
0010001111111100
0010001001000100
0010001001000100
0011111111000100
0000001000000100
0000001000000100
0000001000000100
0000001111111100
0000000000000000
0000000000000000

29CA:
0000000000000000
0000000100000000
0000000000000000
0000000100000000
0000001010000000
0000001010000000
0000010001000000
0000010001000000
0000100000100000
0000100000100000
0001000000010000
0001000000010000
0010000000001000
0010000000001000
0111111111111100
0000000000000000

29CB:
0000000000000000
0000000000000000
0000000100000000
0000001010000000
0000001010000000
0000010001000000
0000010001000000
0000100000100000
0000100000100000
0001000000010000
0001000000010000
0010000000001000
0010000000001000
0111111111111100
0000000000000000
0111111111111100

29CC:
0000000000000000
0000000010000000
0000000101000000
0000000101000000
0000001000100000
0000001000100000
0000010000010000
0000010000010000
0000100111001000
0000101000001000
0001000110000100
0001000001000100
0010001110000010
0010000000000010
0111111111111111
0000000000000000

29CD:
0000000000000000
0000000000000000
0000000100000000
0000001010000000
0000001010000000
0000010001000000
0000010001000000
0000100000100000
0000100000100000
0001000000010000
0001000000010000
0010000000001000
0010000000001000
1111111111111110
0000000000000000
0000000000000000

29CE:
0001100000000000
0001011000000000
0001000110000000
0001000001100000
0001000000010000
0001000001100000
0001000110000000
0001011000110000
0001100011010000
0000001100010000
0000110000010000
0001000000010000
0000110000010000
0000001100010000
0000000011010000
0000000000110000

29CF:
0000000000000000
0000000000000000
0000000000000000
0000000000000000
0000000000000000
0000000001101000
0000000110101000
0000011000101000
0001100000101000
0010000000101000
0001100000101000
0000011000101000
0000000110101000
0000000001101000
0000000000000000
0000000000000000

29D0:
0000000000000000
0000000000000000
0000000000000000
0000000000000000
0000000000000000
0010110000000000
0010101100000000
0010100011000000
0010100000110000
0010100000001000
0010100000110000
0010100011000000
0010101100000000
0010110000000000
0000000000000000
0000000000000000

29D1:
00000000
00000000
00000000
00000000
00000000
00000000
01000001
01100011
01110101
01111001
01110101
01100011
01000001
00000000
00000000
00000000

29D2:
00000000
00000000
00000000
00000000
00000000
00000000
01000001
01100011
01010111
01001111
01010111
01100011
01000001
00000000
00000000
00000000

29D3:
00000000
00000000
00000000
00000000
00000000
00000000
01000001
01100011
01110111
01111111
01110111
01100011
01000001
00000000
00000000
00000000

29D4:
00000000
00000000
00000000
00000000
00000000
00000000
01000001
01100010
01110100
01111000
01110100
01100010
01000001
00000000
00000000
00000000

29D5:
00000000
00000000
00000000
00000000
00000000
00000000
01000001
00100011
00010111
00001111
00010111
00100011
01000001
00000000
00000000
00000000

29D6:
00000000
00000000
00000000
00000000
00000000
00000000
00000000
11111110
01000100
00101000
00010000
00101000
01000100
11111110
00000000
00000000

29D7:
00000000
00000000
00000000
00000000
00000000
00000000
00000000
11111110
01111100
00111000
00010000
00111000
01111100
11111110
00000000
00000000

29D8:
00000000
00000000
00100000
00010000
00001000
00010000
00100000
00010000
00001000
00010000
00100000
00010000
00001000
00010000
00100000
00000000

29D9:
00000000
00000000
00001000
00010000
00100000
00010000
00001000
00010000
00100000
00010000
00001000
00010000
00100000
00010000
00001000
00000000

29DA:
0000000000000000
0000000000000000
0000010001000000
0000001000100000
0000000100010000
0000001000100000
0000010001000000
0000001000100000
0000000100010000
0000001000100000
0000010001000000
0000001000100000
0000000100010000
0000001000100000
0000010001000000
0000000000000000

29DB:
0000000000000000
0000000000000000
0000000100010000
0000001000100000
0000010001000000
0000001000100000
0000000100010000
0000001000100000
0000010001000000
0000001000100000
0000000100010000
0000001000100000
0000010001000000
0000001000100000
0000000100010000
0000000000000000

29DC:
00000000
00000000
00000000
00000000
00000000
00000000
00000000
00110000
01001001
01001001
00110110
00000000
00000000
00000000
00000000
00000000

29DD:
00000000
00000000
00000000
00000000
00000000
00011100
00100010
00110110
01001001
01001001
00110110
00000000
00000000
00000000
00000000
00000000

29DE:
00000000
00000000
00000000
00000000
00000000
00000000
00001000
00101010
01011101
01011101
00101010
00001000
00000000
00000000
00000000
00000000

29DF:
0000000000000000
0000000000000000
0000000000000000
0000000000000000
0000000000000000
0000000000000000
0000000000000000
0011000000001100
0100100000010010
0100111111110010
0100100000010010
0011000000001100
0000000000000000
0000000000000000
0000000000000000
0000000000000000

29E0:
0000000000000000
0000000000000000
0011111111111000
0011111111111100
0011000000000100
0011000000000100
0011000000000100
0011000000000100
0011000000000100
0011000000000100
0011000000000100
0011000000000100
0011000000000100
0011111111111100
0000000000000000
0000000000000000

29E1:
00000000
00000000
00000000
00000000
00000000
00000000
00000000
00000000
00000110
00011010
01100010
01111110
00000000
01111110
00000000
00000000

29E2:
0000000000000000
0000000000000000
0000000000000000
0000000000000000
0000000000000000
0000000000000000
0000000000000000
0000000000000000
0010000100001000
0010000100001000
0010000100001000
0010000100001000
0010000100001000
0011111111111000
0000000000000000
0000000000000000

29E3:
0000000000000000
0000000000000000
0000000000000000
0000000000010010
0000000000100100
0000000001001000
0000000010010000
0111111111111110
0000001001000000
0111111111111110
0000100100000000
0001001000000000
0010010000000000
0100100000000000
0000000000000000
0000000000000000

29E4:
0000000000000000
0000000000000000
0000011001000000
0000100110010010
0000000000100100
0000000001001000
0000000010010000
0111111111111110
0000001001000000
0111111111111110
0000100100000000
0001001000000000
0010010000000000
0100100000000000
0000000000000000
0000000000000000

29E5:
0000000000000000
0000000000000000
0000000000000000
0000000000000000
0000000000010010
0000000000100100
0000000001001000
0111111111111110
0000000100100000
0111111111111110
0000010010000000
0111111111111110
0001001000000000
0010010000000000
0100100000000000
0000000000000000

29E6:
0000000000000000
0000000000000000
0000000000000000
0000000000000000
0100000000000010
0100000000000010
0111111111111110
0100000000000010
0100000000000010
0111111111111110
0100000000000010
0100000000000010
0000000000000000
0000000000000000
0000000000000000
0000000000000000

29E7:
0000000000000000
0000000000000000
0000000000000000
0000000000000000
0000000100000000
0000000100000000
0001111111110000
0000000100000000
0000000100000000
0001111111110000
0000000100000000
0000000100000000
0000000000000000
0000000000000000
0000000000000000
0000000000000000

29E8:
0000000000000000
0000000000000000
0000000000000000
0111111111111100
0011111100001000
0011111100001000
0001111100010000
0001111100010000
0000111100100000
0000111100100000
0000011101000000
0000011101000000
0000001110000000
0000001110000000
0000000100000000
0000000000000000

29E9:
0000000000000000
0000000000000000
0000000000000000
0111111111111100
0010000111111000
0010000111111000
0001000111110000
0001000111110000
0000100111100000
0000100111100000
0000010111000000
0000010111000000
0000001110000000
0000001110000000
0000000100000000
0000000000000000

29EA:
0000000000000000
0000000000000000
0000000000000000
0000000100000000
0000001110000000
0000011111000000
0000111111100000
0001111111110000
0000111111100000
0000011111000000
0000001110000000
0000000100000000
0000010101000000
0000001110000000
0000000100000000
0000000000000000

29EB:
00000000
00000000
00010000
00111000
00111000
01111100
01111100
11111110
01111100
01111100
00111000
00111000
00010000
00000000
00000000
00000000

29EC:
0000000000000000
0000000000000000
0000000000000000
0000000000000000
0000000111000000
0000001000100000
0000010000010000
0000010000010000
0000010000010000
0000001000100000
0000000111000000
0000000010000000
0000001010100000
0000000111000000
0000000010000000
0000000000000000

29ED:
0000000000000000
0000000000000000
0000000000000000
0000000000000000
0000000111000000
0000001111100000
0000011111110000
0000011111110000
0000011111110000
0000001111100000
0000000111000000
0000000010000000
0000001010100000
0000000111000000
0000000010000000
0000000000000000

29EE:
00000000
00000000
00000000
01111100
00010000
11111110
10000010
10000010
10000010
10000010
10000010
11111110
00010000
01111100
00000000
00000000

29EF:
00000000
00000000
00000000
01111100
00010000
11111110
11111110
11111110
11111110
11111110
11111110
11111110
00010000
01111100
00000000
00000000

29F0:
00000000
00000000
00000000
01111100
00010000
00010000
00101000
01000100
10000010
01000100
00101000
00010000
00010000
01111100
00000000
00000000

29F1:
00000000
00000000
00000000
01111100
00010000
00010000
00111000
01111100
11111110
01111100
00111000
00010000
00010000
01111100
00000000
00000000

29F2:
00000000
00000000
00000000
01111100
00010000
00111000
01000100
10000010
10000010
10000010
01000100
00111000
00010000
01111100
00000000
00000000

29F3:
00000000
00000000
00000000
01111100
00010000
00111000
01111100
11111110
11111110
11111110
01111100
00111000
00010000
01111100
00000000
00000000

29F4:
0000000000000000
0000000000000000
0000000000000000
0000000000000000
0000000000000000
0100000000001000
0000000000000100
0001111111111110
0000000000000100
0100000000001000
0000000000000000
0000000000000000
0000000000000000
0000000000000000
0000000000000000
0000000000000000

29F5:
00000000
00000000
00000000
00000000
01000000
01000000
00100000
00100000
00010000
00010000
00001000
00001000
00000100
00000100
00000000
00000000

29F6:
00000000
00000000
01111000
00000000
00000100
00000100
00001000
00001000
00010000
00010000
00100000
00100000
01000000
01000000
00000000
00000000

29F7:
00000000
00000000
00000000
01000000
01000000
00100000
00100000
01111100
00010000
00001000
00001000
00000100
00000100
00000000
00000000
00000000

29F8:
00000001
00000001
00000010
00000010
00000100
00000100
00001000
00001000
00010000
00010000
00100000
00100000
01000000
01000000
00000000
00000000

29F9:
10000000
10000000
01000000
01000000
00100000
00100000
00010000
00010000
00001000
00001000
00000100
00000100
00000010
00000010
00000000
00000000

29FA:
00000000
00000000
00000000
00000000
00000000
00101000
00101000
11111110
00101000
00101000
00000000
00000000
00000000
00000000
00000000
00000000

29FB:
00000000
00000000
00000000
00000000
00000000
01010100
01010100
11111110
01010100
01010100
00000000
00000000
00000000
00000000
00000000
00000000

29FC:
00000000
00000000
00000010
00000010
00000100
00011000
01100000
10000000
01100000
00011000
00000100
00000010
00000010
00000000
00000000
00000000

29FD:
00000000
00000000
10000000
10000000
01000000
00110000
00001100
00000010
00001100
00110000
01000000
10000000
10000000
00000000
00000000
00000000

29FE:
0000000000000000
0000000000000000
0000000000000000
0000011111000000
0000011111000000
0000001110000000
0110000100001100
0111100100111100
0111111111111100
0111100100111100
0110000100001100
0000001110000000
0000001110000000
0000011111000000
0000011111000000
0000000000000000

29FF:
0000000000000000
0000000000000000
0000000000000000
0000000000000000
0000000000000000
0110000000001100
0111100000111100
0111111111111100
0111100000111100
0110000000001100
0000000000000000
0000000000000000
0000000000000000
0000000000000000
0000000000000000
0000000000000000

2A00:
0000000000000000
0000000000000000
0000000000000000
0000001111100000
0000010000010000
0000100000001000
0001000000000100
0001000000000100
0001000010000100
0001000000000100
0001000000000100
0000100000001000
0000010000010000
0000001111100000
0000000000000000
0000000000000000

2A01:
0000000000000000
0000000000000000
0000000000000000
0000001111100000
0000010010010000
0000100010001000
0001000010000100
0001000010000100
0001111111111100
0001000010000100
0001000010000100
0000100010001000
0000010010010000
0000001111100000
0000000000000000
0000000000000000

2A02:
0000000000000000
0000000000000000
0000000000000000
0000001111100000
0000010000010000
0000110000011000
0001001000100100
0001000101000100
0001000010000100
0001000101000100
0001001000100100
0000110000011000
0000010000010000
0000001111100000
0000000000000000
0000000000000000

2A03:
0000000000000000
0000000000000000
0000000000000000
0001000000100000
0001000000100000
0001000000100000
0001000000100000
0001000000100000
0001001100100000
0001001100100000
0001000000100000
0001000000100000
0000100001000000
0000011110000000
0000000000000000
0000000000000000

2A04:
0000000000000000
0000000000000000
0000000000000000
0001000000010000
0001000000010000
0001000000010000
0001000000010000
0001000100010000
0001000100010000
0001011111010000
0001000100010000
0001000100010000
0000100000100000
0000011111000000
0000000000000000
0000000000000000

2A05:
0000000000000000
0000000000000000
0000000000000000
0001111111110000
0001000000010000
0001000000010000
0001000000010000
0001000000010000
0001000000010000
0001000000010000
0001000000010000
0001000000010000
0001000000010000
0001000000010000
0000000000000000
0000000000000000

2A06:
0000000000000000
0000000000000000
0000000000000000
0001000000010000
0001000000010000
0001000000010000
0001000000010000
0001000000010000
0001000000010000
0001000000010000
0001000000010000
0001000000010000
0001000000010000
0001111111110000
0000000000000000
0000000000000000

2A07:
0000000000000000
0000000000000000
0000000000000000
0000001001000000
0000010110100000
0000010110100000
0000100110010000
0000100110010000
0001001001001000
0001001001001000
0010010000100100
0010010000100100
0100100000010010
0100100000010010
0000000000000000
0000000000000000

2A08:
0000000000000000
0000000000000000
0000000000000000
0100100000010010
0100100000010010
0010010000100100
0010010000100100
0001001001001000
0001001001001000
0000100110010000
0000100110010000
0000010110100000
0000010110100000
0000001001000000
0000000000000000
0000000000000000

2A09:
0000000000000000
0000000000000000
0000000000000000
0010000000001000
0001000000010000
0000100000100000
0000010001000000
0000001010000000
0000000100000000
0000001010000000
0000010001000000
0000100000100000
0001000000010000
0010000000001000
0000000000000000
0000000000000000

2A0A:
0000000000000000
0000000000000000
0000000000000000
0000000000000000
0001111111110000
0001000000010000
0000101100000000
0000010010000000
0000101001000000
0000101001000000
0000010010000000
0000101100000000
0001000000010000
0001111111110000
0000000000000000
0000000000000000

2A0B:
00000000
00000110
00001010
00001000
01111110
01001010
00101000
00011000
00001000
00011000
00101000
01001010
01111110
00001000
00101000
00110000

2A0C:
0000000000000000
0000100100100100
0001011011011010
0001001001001000
0001001001001000
0001001001001000
0001001001001000
0001001001001000
0001001001001000
0001001001001000
0001001001001000
0001001001001000
0001001001001000
0101101101101000
0010010010010000
0000000000000000

2A0D:
00000000
00000110
00001010
00001000
00001000
00001000
00001000
00001000
00111110
00001000
00001000
00001000
00001000
00101000
00110000
00000000

2A0E:
00000000
00000110
00001010
00001000
00001000
00001000
00001000
00111110
00001000
00111110
00001000
00001000
00001000
00101000
00110000
00000000

2A0F:
00000000
00000110
00001010
00001000
00001000
00001000
00001010
00001100
00001000
00011000
00101000
00001000
00001000
00101000
00110000
00000000

2A10:
00000000
00000110
00001010
00001000
00001000
00001000
00011100
00101010
00101000
00011100
00001000
00001000
00001000
00101000
00110000
00000000

2A11:
00000000
00000110
00001010
00001000
00001000
00001000
00001000
00001000
00101111
00101011
00011101
00001000
00001000
00101000
00110000
00000000

2A12:
00000000
00000110
00001010
00001000
00001000
00001000
00001110
00000010
00001010
00000010
00001110
00001000
00001000
00101000
00110000
00000000

2A13:
00000000
00000110
00001010
00001000
00001000
00001000
00001100
00000010
00001010
00000010
00001100
00001000
00001000
00101000
00110000
00000000

2A14:
00000000
00001100
00010100
00010000
00010000
00010000
00011110
00010001
00000101
00010001
00011110
00010000
00010000
01010000
01100000
00000000

2A15:
00000000
00000110
00001010
00001000
00001000
00001000
00011100
00100010
00101010
00100010
00011100
00001000
00001000
00101000
00110000
00000000

2A16:
00000000
00000110
00001010
00001000
00001000
00001000
00111110
00101010
00101010
00101010
00111110
00001000
00001000
00101000
00110000
00000000

2A17:
00000000
00000110
00001010
00001000
00001000
00101000
01001000
11111110
01001001
00101010
00001000
00001000
00001000
00101000
00110000
00000000

2A18:
00000000
00000110
00001010
00001000
00001000
01001001
00101010
00011100
00001000
00011100
00101010
01001001
00001000
00101000
00110000
00000000

2A19:
00000000
00000110
00001010
00001000
00001000
00001000
00011100
00101010
00101010
00101010
00101010
00001000
00001000
00101000
00110000
00000000

2A1A:
00000000
00000110
00001010
00001000
00001000
00001000
00101010
00101010
00101010
00101010
00011100
00001000
00001000
00101000
00110000
00000000

2A1B:
00000000
00000110
00001010
00001000
00001000
00001000
00001000
00001000
00001000
00001000
00001000
00001000
00101000
00110000
00000000
00111110

2A1C:
00111110
00000000
00000110
00001010
00001000
00001000
00001000
00001000
00001000
00001000
00001000
00001000
00001000
00101000
00110000
00000000

2A1D:
0000000000000000
0000000000000000
0000000000000000
0000000000000000
0001000000001000
0001100000011000
0001010000101000
0001001001001000
0001000110001000
0001000110001000
0001001001001000
0001010000101000
0001100000011000
0001000000001000
0000000000000000
0000000000000000

2A1E:
00000000
00000000
00000000
00000000
00000010
00000110
00001010
00010010
00100010
00100010
00010010
00001010
00000110
00000010
00000000
00000000

2A1F:
00000000
00000000
00000000
00000000
00000000
00011000
00100100
00100100
00011000
00000000
00011000
00100100
00100100
00011100
00000100
00011000

2A20:
0000000000000000
0000000000000000
0000000000000000
0001000100000000
0000100010000000
0000010001000000
0000001000100000
0000000100010000
0000000010001000
0000000100010000
0000001000100000
0000010001000000
0000100010000000
0001000100000000
0000000000000000
0000000000000000

2A21:
00100000
00110000
00101000
00100100
00100000
00100000
00100000
00100000
00100000
00100000
00100000
00100000
00100000
00100000
00000000
00000000

2A22:
00000000
00000000
00001000
00010100
00001000
00000000
00001000
00001000
00001000
01111111
00001000
00001000
00001000
00000000
00000000
00000000

2A23:
00000000
00000000
00001000
00010100
00100010
00000000
00001000
00001000
00001000
01111111
00001000
00001000
00001000
00000000
00000000
00000000

2A24:
00000000
00000000
00000000
00110010
01001100
00000000
00001000
00001000
00001000
01111111
00001000
00001000
00001000
00000000
00000000
00000000

2A25:
00000000
00000000
00000000
00000000
00000000
00000000
00001000
00001000
00001000
01111111
00001000
00001000
00001000
00000000
00001000
00000000

2A26:
00000000
00000000
00000000
00000000
00000000
00000000
00001000
00001000
00001000
01111111
00001000
00001000
00001000
00000000
00110010
01001100

2A27:
00000000
00000000
00000000
00000000
00000000
00000000
00010000
00010000
00010000
11111110
00010000
00010110
00010001
00000010
00000100
00000111

2A28:
00000000
00000000
00000000
00000000
00000000
00000000
00001000
00001000
00001000
01111111
00001000
00011100
00111110
00001000
00000000
00000000

2A29:
00000000
00000000
00000000
00000000
00011000
00001000
00001000
00010000
00000000
01111110
00000000
00000000
00000000
00000000
00000000
00000000

2A2A:
00000000
00000000
00000000
00000000
00000000
00000000
00000000
00000000
00000000
01111110
00000000
00001000
00000000
00000000
00000000
00000000

2A2B:
00000000
00000000
00000000
00000000
00000000
00000000
00000000
01000000
00000000
01111110
00000000
00000010
00000000
00000000
00000000
00000000

2A2C:
00000000
00000000
00000000
00000000
00000000
00000000
00000000
00000010
00000000
01111110
00000000
01000000
00000000
00000000
00000000
00000000

2A2D:
0000000000000000
0000000000000000
0000000000000000
0000000000000000
0000000110000000
0000011000000000
0000100010000000
0000100010000000
0001000010000000
0001011111110000
0001000010000000
0000100010000000
0000100010000000
0000011000000000
0000000110000000
0000000000000000

2A2E:
0000000000000000
0000000000000000
0000000000000000
0000000000000000
0000000110000000
0000000001100000
0000000100010000
0000000100010000
0000000100001000
0000111111101000
0000000100001000
0000000100010000
0000000100010000
0000000001100000
0000000110000000
0000000000000000

2A2F:
00000000
00000000
00000000
00000000
00000000
00000000
00000000
00100010
00010100
00001000
00010100
00100010
00000000
00000000
00000000
00000000

2A30:
00000000
00000000
00000000
00000000
00011000
00011000
00000000
01000010
00100100
00011000
00100100
01000010
00000000
00000000
00000000
00000000

2A31:
00000000
00000000
00000000
00000000
00000000
00000000
00000000
01000010
00100100
00011000
00100100
01000010
00000000
01111110
00000000
00000000

2A32:
00000000
00000000
00000000
00000000
00000000
00000000
00000000
01000010
00100100
00011000
00100100
01000010
01111110
00000000
00000000
00000000

2A33:
0000000000000000
0000000000000000
0000000000000000
0000000000000000
0000000000000000
0000001000100000
0000000101000000
0000100010001000
0000010101010000
0000001000100000
0000010101010000
0000100010001000
0000000101000000
0000001000100000
0000000000000000
0000000000000000

2A34:
0000000000000000
0000000000000000
0000000000000000
0000000000000000
0000000110000000
0000011000000000
0000100000000000
0000101000010000
0001000100100000
0001000011000000
0001000100100000
0000101000010000
0000100000000000
0000011000000000
0000000110000000
0000000000000000

2A35:
0000000000000000
0000000000000000
0000000000000000
0000000000000000
0000000110000000
0000000001100000
0000000000010000
0000100001010000
0000010010001000
0000001100001000
0000010010001000
0000100001010000
0000000000010000
0000000001100000
0000000110000000
0000000000000000

2A36:
0000000000000000
0000000110000000
0000001001000000
0000000000000000
0000001111000000
0000110000110000
0001000000001000
0001010000101000
0010001001000100
0010000110000100
0010001001000100
0001010000101000
0001000000001000
0000110000110000
0000001111000000
0000000000000000

2A37:
0000000000000000
0000011111100000
0001100000011000
0010001111000100
0100110000110010
0101000000001010
1001010000101001
1010001001000101
1010000110000101
1010001001000101
1001010000101001
0101000000001010
0100110000110010
0010001111000100
0001100000011000
0000011111100000

2A38:
0000000000000000
0000000000000000
0000000000000000
0000000000000000
0000000000000000
0000001111100000
0000010000010000
0000100010001000
0000100000001000
0000101111101000
0000100000001000
0000100010001000
0000010000010000
0000001111100000
0000000000000000
0000000000000000

2A39:
0000000000000000
0000000100000000
0000001010000000
0000001010000000
0000010001000000
0000010001000000
0000100000100000
0000100100100000
0001000100010000
0001011111010000
0010000100001000
0010000100001000
0100000000000100
0111111111111100
0000000000000000
0000000000000000

2A3A:
0000000000000000
0000000100000000
0000001010000000
0000001010000000
0000010001000000
0000010001000000
0000100000100000
0000100000100000
0001000000010000
0001011111010000
0010000000001000
0010000000001000
0100000000000100
0111111111111100
0000000000000000
0000000000000000

2A3B:
0000000000000000
0000000100000000
0000001010000000
0000001010000000
0000010001000000
0000010001000000
0000100000100000
0000110001100000
0001001010010000
0001000100010000
0010001010001000
0010010001001000
0100000000000100
0111111111111100
0000000000000000
0000000000000000

2A3C:
00000000
00000000
00000000
00000000
00000000
00000000
00000000
00000000
00000010
00000010
01111110
00000000
00000000
00000000
00000000
00000000

2A3D:
00000000
00000000
00000000
00000000
00000000
00000000
00000000
00000000
01000000
01000000
01111110
00000000
00000000
00000000
00000000
00000000

2A3E:
00000000
00000000
00000000
00000000
00000000
00001000
00010100
00010100
00001000
00000000
00001000
00010100
00010100
00001100
00000100
00011000

2A3F:
00000000
00000000
00000000
00000000
00100010
00100010
00100010
00100010
00100010
00100010
00100010
00100010
00100010
01111111
00000000
00000000

2A40:
00000000
00000000
00000000
00000000
00000000
00000000
00111100
01000010
01000010
01011010
01011010
01000010
01000010
01000010
00000000
00000000

2A41:
00000000
00000000
00000000
00000000
00000000
00000000
01000001
01000001
01000001
01011101
01000001
01000001
01000001
00111110
00000000
00000000

2A42:
00000000
00000000
00000000
00000000
01111110
00000000
01000010
01000010
01000010
01000010
01000010
01000010
01000010
00111100
00000000
00000000

2A43:
00000000
00000000
00000000
00000000
01111110
00000000
00111100
01000010
01000010
01000010
01000010
01000010
01000010
01000010
00000000
00000000

2A44:
00000000
00000000
00000000
00000000
00000000
00000000
00111110
01000001
01000001
01000001
01000001
01001001
01010101
01010101
00000000
00000000

2A45:
00000000
00000000
00000000
00000000
00000000
00000000
01010101
01010101
01001001
01000001
01000001
01000001
01000001
00111110
00000000
00000000

2A46:
00000000
00000000
00000000
00000000
00000000
00100100
00100100
00100100
00011000
00000000
00011000
00100100
00100100
00100100
00000000
00000000

2A47:
00000000
00000000
00000000
00000000
00000000
00011000
00100100
00100100
00100100
00000000
00100100
00100100
00100100
00011000
00000000
00000000

2A48:
00000000
00000000
00000000
00100100
00100100
00100100
00011000
00000000
00111100
00000000
00011000
00100100
00100100
00100100
00000000
00000000

2A49:
00000000
00000000
00000000
00011000
00100100
00100100
00100100
00000000
00111100
00000000
00100100
00100100
00100100
00011000
00000000
00000000

2A4A:
00000000
00000000
00000000
00000000
00000000
00000000
00000000
00000000
00000000
00000000
10010010
10010010
10010010
01101100
00000000
00000000

2A4B:
00000000
00000000
00000000
00000000
00000000
00000000
00000000
00000000
00000000
00000000
01101100
10010010
10010010
10010010
00000000
00000000

2A4C:
00000000
00000000
00000000
00000000
00000000
11111111
01000010
01000010
01000010
01000010
01000010
01000010
01000010
00111100
00000000
00000000

2A4D:
00000000
00000000
00000000
00000000
00000000
00000000
00111100
01000010
01000010
01000010
01000010
01000010
01000010
11111111
00000000
00000000

2A4E:
0000000000000000
0000000000000000
0000000000000000
0001111111110000
0001000000010000
0001011111010000
0001010001010000
0001010001010000
0001010001010000
0001010001010000
0001010001010000
0001010001010000
0001010001010000
0001010001010000
0000000000000000
0000000000000000

2A4F:
0000000000000000
0000000000000000
0000000000000000
0001010001010000
0001010001010000
0001010001010000
0001010001010000
0001010001010000
0001010001010000
0001010001010000
0001010001010000
0001011111010000
0001000000010000
0001111111110000
0000000000000000
0000000000000000

2A50:
0000000000000000
0000000000000000
0000000000000000
0000000000000000
0011111111111110
0001000000000100
0001000000000100
0001000101000100
0001000010000100
0001010101010100
0001001000100100
0001010101010100
0001000010001100
0000100101001000
0000011111110000
0000000000000000

2A51:
0000000000000000
0000000000000000
0000000000000000
0000000100000000
0000000000000000
0000000100000000
0000001010000000
0000001010000000
0000010001000000
0000010001000000
0000100000100000
0000100000100000
0001000000010000
0001000000010000
0000000000000000
0000000000000000

2A52:
0000000000000000
0000000000000000
0000000000000000
0000000100000000
0000000000000000
0001000000010000
0001000000010000
0000100000100000
0000100000100000
0000010001000000
0000010001000000
0000001010000000
0000001010000000
0000000100000000
0000000000000000
0000000000000000

2A53:
0000000000000000
0000000000000000
0000000000000000
0000000100000000
0000001010000000
0000001010000000
0000010001000000
0000010001000000
0000100000100000
0000100100100000
0001001010010000
0001001010010000
0010010001001000
0010010001001000
0000000000000000
0000000000000000

2A54:
0000000000000000
0000000000000000
0000000000000000
0010010001001000
0010010001001000
0001001010010000
0001001010010000
0000100100100000
0000100000100000
0000010001000000
0000010001000000
0000001010000000
0000001010000000
0000000100000000
0000000000000000
0000000000000000

2A55:
0000000000000000
0000000000000000
0000000000000000
0000000000000000
0000000000000000
0000001001000000
0000010110100000
0000010110100000
0000100110010000
0000100110010000
0001001001001000
0001001001001000
0010010000100100
0010010000100100
0000000000000000
0000000000000000

2A56:
0000000000000000
0000000000000000
0000000000000000
0000000000000000
0000000000000000
0010010000100100
0010010000100100
0001001001001000
0001001001001000
0000100110010000
0000100110010000
0000010110100000
0000010110100000
0000001001000000
0000000000000000
0000000000000000

2A57:
0000000000000000
0000000000000000
0000000000000000
0000000000000000
0001000000001000
0001000000010000
0001000000100000
0001000001000000
0001000010000000
0001000100000000
0001001000000000
0001010000000000
0001100000000000
0001000000000000
0000000000000000
0000000000000000

2A58:
0000000000000000
0000000000000000
0000000000000000
0000000000000000
0000000000000100
0000000000001100
0000000000010100
0000000000100100
0000000001000100
0000000010000100
0000000100000100
0000001000000100
0000010000000100
0000100000000100
0000000000000000
0000000000000000

2A59:
0000000000000000
0000000000000000
0000000000000000
0000000000000000
0000000000000000
0100000000000100
0010000000001000
0001000100010000
0000101010100000
0000010001000000
0000101010100000
0001000100010000
0010000000001000
0100000000000100
0000000000000000
0000000000000000

2A5A:
0000000000000000
0000000000000000
0000000000000000
0000000100000000
0000001110000000
0000001110000000
0000010101000000
0000010101000000
0000100100100000
0000100100100000
0001000100010000
0001000100010000
0010000100001000
0010000100001000
0000000000000000
0000000000000000

2A5B:
0000000000000000
0000000000000000
0000000000000000
0010000100001000
0010000100001000
0001000100010000
0001000100010000
0000100100100000
0000100100100000
0000010101000000
0000010101000000
0000001110000000
0000001110000000
0000000100000000
0000000000000000
0000000000000000

2A5C:
0000000000000000
0000000000000000
0000000000000000
0000000100000000
0000001010000000
0000001010000000
0000010001000000
0000010001000000
0011111111111000
0000100000100000
0001000000010000
0001000000010000
0010000000001000
0010000000001000
0000000000000000
0000000000000000

2A5D:
0000000000000000
0000000000000000
0000000000000000
0010000000001000
0010000000001000
0001000000010000
0001000000010000
0000100000100000
0011111111111000
0000010001000000
0000010001000000
0000001010000000
0000001010000000
0000000100000000
0000000000000000
0000000000000000

2A5E:
0000000000000000
0001111111110000
0000000000000000
0001111111110000
0000000000000000
0000000100000000
0000001010000000
0000001010000000
0000010001000000
0000010001000000
0000100000100000
0000100000100000
0001000000010000
0001000000010000
0000000000000000
0000000000000000

2A5F:
0000000000000000
0000000000000000
0000000000000000
0000000100000000
0000001010000000
0000001010000000
0000010001000000
0000010001000000
0000100000100000
0000100000100000
0001000000010000
0001000000010000
0000000000000000
0001111111110000
0000000000000000
0000000000000000

2A60:
0000000000000000
0000000000000000
0000000000000000
0000000100000000
0000001010000000
0000001010000000
0000010001000000
0000010001000000
0000100000100000
0000100000100000
0001000000010000
0001000000010000
0000000000000000
0001111111110000
0000000000000000
0001111111110000

2A61:
0000000000000000
0000000000000000
0000000000000000
0000000000000000
0000000000000000
0000000000000000
0000000000000000
0000000000000000
0000000000000000
0000010001000000
0000001010000000
0000000100000000
0000000000000000
0001111111110000
0000000000000000
0000000000000000

2A62:
0000000000000000
0000000000000000
0000000000000000
0001111111110000
0000000000000000
0001111111110000
0000000000000000
0001000000010000
0001000000010000
0000100000100000
0000100000100000
0000010001000000
0000010001000000
0000001010000000
0000001010000000
0000000100000000

2A63:
0000000000000000
0000000000000000
0000000000000000
0001000000010000
0001000000010000
0000100000100000
0000100000100000
0000010001000000
0000010001000000
0000001010000000
0000001010000000
0000000100000000
0000000000000000
0001111111110000
0000000000000000
0001111111110000

2A64:
0000000000000000
0000000000000000
0000000000000000
0000000000011000
0000000001101000
0000000110001000
0000011000001000
0001100000001000
0011111111111000
0001100000001000
0000011000001000
0000000110001000
0000000001101000
0000000000011000
0000000000000000
0000000000000000

2A65:
0000000000000000
0000000000000000
0000000000000000
0011000000000000
0010110000000000
0010001100000000
0010000011000000
0010000000110000
0011111111111000
0010000000110000
0010000011000000
0010001100000000
0010110000000000
0011000000000000
0000000000000000
0000000000000000

2A66:
00000000
00000000
00000000
00000000
00000000
00000000
00000000
01111111
00000000
01111111
00000000
00001000
00000000
00000000
00000000
00000000

2A67:
00000000
00000000
00000000
00000000
00000000
00001000
00000000
01111111
00000000
01111111
00000000
01111111
00000000
00000000
00000000
00000000

2A68:
0000000000000000
0000000000000000
0000000000000000
0000000000000000
0000000000000000
0000001010000000
0000001010000000
0011111111111000
0000001010000000
0011111111111000
0000001010000000
0011111111111000
0000001010000000
0000000000000000
0000000000000000
0000000000000000

2A69:
0000000000000000
0000000000000000
0000000000000000
0000000000000000
0000000000000000
0000010101000000
0000010101000000
0011111111111000
0000010101000000
0011111111111000
0000010101000000
0011111111111000
0000010101000000
0000000000000000
0000000000000000
0000000000000000

2A6A:
00000000
00000000
00000000
00000000
00000000
00000000
00100000
00000000
01100100
10011000
00000000
00000000
00000000
00000000
00000000
00000000

2A6B:
00000000
00000000
00000000
00000000
00000000
00000000
00001000
00000000
01100100
10011000
00000000
01000000
00000000
00000000
00000000
00000000

2A6C:
00000000
00000000
00000000
00000000
00000000
00000000
00000000
01100100
10011000
00000000
11111100
00000000
01100100
10011000
00000000
00000000

2A6D:
00000000
00000000
00000000
00000000
00010000
00000000
00110010
01001100
00000000
01111110
00000000
01111110
00000000
00000000
00000000
00000000

2A6E:
00000000
00000000
00000000
00000000
00101010
00011100
00001000
00011100
00101010
00000000
01111111
00000000
01111111
00000000
00000000
00000000

2A6F:
00000000
00000000
00000000
00110000
01001000
10000100
00000000
01100100
10011000
00000000
01100100
10011000
00000000
00000000
00000000
00000000

2A70:
00000000
00000000
00000000
00000000
01100100
10011000
00000000
01100100
10011000
00000000
11111100
00000000
11111100
00000000
00000000
00000000

2A71:
00000000
00000000
00000000
00000000
00000000
01111100
00000000
01111100
00000000
00010000
00010000
01111100
00010000
00010000
00000000
00000000

2A72:
00000000
00000000
00000000
00000000
00000000
00010000
00010000
01111100
00010000
00010000
00000000
01111100
00000000
01111100
00000000
00000000

2A73:
00000000
00000000
00000000
00000000
00000000
00000000
00000000
01111110
00000000
01111110
00000000
00110010
01001100
00000000
00000000
00000000

2A74:
0000000000000000
0000000000000000
0000000000000000
0000000000000000
0000000000000000
0000000000000000
0000000000000000
0010101111111000
0000000000000000
0000000000000000
0010101111111000
0000000000000000
0000000000000000
0000000000000000
0000000000000000
0000000000000000

2A75:
0000000000000000
0000000000000000
0000000000000000
0000000000000000
0000000000000000
0000000000000000
0000000000000000
0111111001111110
0000000000000000
0000000000000000
0000000000000000
0111111001111110
0000000000000000
0000000000000000
0000000000000000
0000000000000000

2A76:
0000000000000000
0000000000000000
0000000000000000
0000000000000000
0000000000000000
0000000000000000
0000000000000000
0111101111011110
0000000000000000
0000000000000000
0111101111011110
0000000000000000
0000000000000000
0000000000000000
0000000000000000
0000000000000000

2A77:
00000000
00000000
00000000
00000000
00000000
00000000
00100100
00000000
01111110
00000000
00000000
01111110
00000000
00100100
00000000
00000000

2A78:
0000000000000000
0000000000000000
0000000000000000
0000000000000000
0000000000000000
0001001001001000
0000000000000000
0011111111111100
0000000000000000
0011111111111100
0000000000000000
0011111111111100
0000000000000000
0000000000000000
0000000000000000
0000000000000000

2A79:
0000000000000000
0000000000000000
0000000000000000
0000000000000000
0000000000110000
0000000011000000
0000001100000000
0000110001000000
0001000010100000
0000110001000000
0000001100000000
0000000011000000
0000000000110000
0000000000000000
0000000000000000
0000000000000000

2A7A:
0000000000000000
0000000000000000
0000000000000000
0000000000000000
0001100000000000
0000011000000000
0000000110000000
0000010001100000
0000101000010000
0000010001100000
0000000110000000
0000011000000000
0001100000000000
0000000000000000
0000000000000000
0000000000000000

2A7B:
0001100000000000
0010010000000000
0000100000000000
0000100000000000
0000000000110000
0000100011000000
0000001100000000
0000110000000000
0001000000000000
0000110000000000
0000001100000000
0000000011000000
0000000000110000
0000000000000000
0000000000000000
0000000000000000

2A7C:
0000000000110000
0000000001001000
0000000000010000
0000000000010000
0001100000000000
0000011000010000
0000000110000000
0000000001100000
0000000000010000
0000000001100000
0000000110000000
0000011000000000
0001100000000000
0000000000000000
0000000000000000
0000000000000000

2A7D:
0000000000000000
0000000000000000
0000000000000000
0000000000000000
0000000000000000
0000000001100000
0000000110000000
0000011000000000
0000100000000000
0000011000000000
0000000110000000
0000100001100000
0000011000000000
0000000110000000
0000000001100000
0000000000000000

2A7E:
0000000000000000
0000000000000000
0000000000000000
0000000000000000
0000000000000000
0000110000000000
0000001100000000
0000000011000000
0000000000100000
0000000011000000
0000001100000000
0000110000100000
0000000011000000
0000001100000000
0000110000000000
0000000000000000

2A7F:
0000000000000000
0000000000000000
0000000000000000
0000000000000000
0000000000000000
0000000001100000
0000000110000000
0000011000000000
0000100001000000
0000011000000000
0000000110000000
0000100001100000
0000011000000000
0000000110000000
0000000001100000
0000000000000000

2A80:
0000000000000000
0000000000000000
0000000000000000
0000000000000000
0000000000000000
0000110000000000
0000001100000000
0000000011000000
0000100000100000
0000000011000000
0000001100000000
0000110000100000
0000000011000000
0000001100000000
0000110000000000
0000000000000000

2A81:
0000000000000000
0000000000000000
0000000000000000
0000000000000000
0000010000000000
0000000001100000
0000000110000000
0000011000000000
0000100000000000
0000011000000000
0000000110000000
0000100001100000
0000011000000000
0000000110000000
0000000001100000
0000000000000000

2A82:
0000000000000000
0000000000000000
0000000000000000
0000000000000000
0000000001000000
0000110000000000
0000001100000000
0000000011000000
0000000000100000
0000000011000000
0000001100000000
0000110000100000
0000000011000000
0000001100000000
0000110000000000
0000000000000000

2A83:
0000000000000000
0000000000000000
0000000000000000
0000000000100000
0000000000000000
0000000001100000
0000000110000000
0000011000000000
0000100000000000
0000011000000000
0000000110000000
0000100001100000
0000011000000000
0000000110000000
0000000001100000
0000000000000000

2A84:
0000000000000000
0000000000000000
0000000000000000
0000100000000000
0000000000000000
0000110000000000
0000001100000000
0000000011000000
0000000000100000
0000000011000000
0000001100000000
0000110000100000
0000000011000000
0000001100000000
0000110000000000
0000000000000000

2A85:
0000000000000000
0000000000000000
0000000000000000
0000000001100000
0000000110000000
0000011000000000
0000100000000000
0000011000000000
0000000110000000
0000000001100000
0000000000000000
0000000000000000
0000011100010000
0000100011100000
0000011100010000
0000100011100000

2A86:
0000000000000000
0000000000000000
0000000000000000
0000110000000000
0000001100000000
0000000011000000
0000000000100000
0000000011000000
0000001100000000
0000110000000000
0000000000000000
0000000000000000
0000111000100000
0001000111000000
0000111000100000
0001000111000000

2A87:
0000000000000000
0000000000000000
0000000000000000
0000000000000000
0000000001100000
0000000110000000
0000011000000000
0000100000000000
0000011000000000
0000000110000000
0000000001100000
0000000001000000
0000000010000000
0000111111100000
0000001000000000
0000010000000000

2A88:
0000000000000000
0000000000000000
0000000000000000
0000000000000000
0000110000000000
0000001100000000
0000000011000000
0000000000100000
0000000011000000
0000001100000000
0000110000000000
0000000001000000
0000000010000000
0000111111100000
0000001000000000
0000010000000000

2A89:
0000000000000000
0000000001100000
0000000110000000
0000011000000000
0000100000000000
0000011000000000
0000000110000000
0000000001100000
0000000000010000
0000000000100000
0000011101010000
0000100011100000
0000011100010000
0000101011100000
0000010000000000
0000100000000000

2A8A:
0000000000000000
0000110000000000
0000001100000000
0000000011000000
0000000000100000
0000000011000000
0000001100000000
0000110000000000
0000000000100000
0000000001000000
0000111010100000
0001000111000000
0000111000100000
0001010111000000
0000100000000000
0001000000000000

2A8B:
00000000
00011000
01100000
10000000
01100000
00011000
00000000
11111100
00000000
11111100
00000000
01100000
00011000
00000100
00011000
01100000

2A8C:
00000000
01100000
00011000
00000100
00011000
01100000
00000000
11111100
00000000
11111100
00000000
00011000
01100000
10000000
01100000
00011000

2A8D:
0000000000000000
0000000000000000
0000000000000000
0000000001100000
0000000110000000
0000011000000000
0000100000000000
0000011000000000
0000000110000000
0000000001100000
0000000000000000
0000000000000000
0000011100010000
0000100011100000
0000000000000000
0000111111110000

2A8E:
0000000000000000
0000000000000000
0000000000000000
0000110000000000
0000001100000000
0000000011000000
0000000000100000
0000000011000000
0000001100000000
0000110000000000
0000000000000000
0000000000000000
0000111000100000
0001000111000000
0000000000000000
0001111111100000

2A8F:
00000000
00000110
00011000
00100000
00011000
00000110
00000000
00110010
01001100
00000000
01100000
00011000
00000100
00011000
01100000
00000000

2A90:
00000000
01100000
00011000
00000100
00011000
01100000
00000000
00110010
01001100
00000000
00000110
00011000
00100000
00011000
00000110
00000000

2A91:
00000000
00001100
00110000
01000000
00110000
00001100
01100000
00011000
00000100
00011000
01100000
00000000
01111100
00000000
01111100
00000000

2A92:
00000000
01100000
00011000
00000100
00011000
01100000
00001100
00110000
01000000
00110000
00001100
00000000
01111100
00000000
01111100
00000000

2A93:
00000000
00001100
00110000
01000000
00110000
00001100
01000000
00110000
00001100
01100000
00011000
00000100
00011000
01100010
00001100
00110000

2A94:
00000000
00110000
00001100
00000010
00001100
00110000
00000010
00001100
00110000
00000110
00011000
00100000
00011000
01000110
00110000
00001100

2A95:
0000000000000000
0000000000000000
0000000000000000
0000000000000000
0000000000000000
0000000001100000
0000000110000000
0000011000000000
0000100001100000
0000000110000000
0000011000000000
0000100000000000
0000011000000000
0000000110000000
0000000001100000
0000000000000000

2A96:
0000000000000000
0000000000000000
0000000000000000
0000000000000000
0000000000000000
0000110000000000
0000001100000000
0000000011000000
0000110000100000
0000001100000000
0000000011000000
0000000000100000
0000000011000000
0000001100000000
0000110000000000
0000000000000000

2A97:
0000000000000000
0000000000000000
0000000000000000
0000000000000000
0000000000000000
0000000001100000
0000000110000000
0000011000000000
0000100001100000
0000000110000000
0000011000000000
0000100001000000
0000011000000000
0000000110000000
0000000001100000
0000000000000000

2A98:
0000000000000000
0000000000000000
0000000000000000
0000000000000000
0000000000000000
0000110000000000
0000001100000000
0000000011000000
0000110000100000
0000001100000000
0000000011000000
0000010000100000
0000000011000000
0000001100000000
0000110000000000
0000000000000000

2A99:
0000000000000000
0000000000000000
0000000000000000
0000000000000000
0000111111100000
0000000000000000
0000111111100000
0000000000000000
0000000001100000
0000000110000000
0000011000000000
0000100000000000
0000011000000000
0000000110000000
0000000001100000
0000000000000000

2A9A:
0000000000000000
0000000000000000
0000000000000000
0000000000000000
0000111111100000
0000000000000000
0000111111100000
0000000000000000
0000110000000000
0000001100000000
0000000011000000
0000000000100000
0000000011000000
0000001100000000
0000110000000000
0000000000000000

2A9B:
0000000000000000
0000000000000000
0000000001100000
0000000110000000
0000011000000000
0000100001100000
0000000110000000
0000011000000000
0000100001100000
0000000110000000
0000011000000000
0000100000000000
0000011000000000
0000000110000000
0000000001100000
0000000000000000

2A9C:
0000000000000000
0000000000000000
0000110000000000
0000001100000000
0000000011000000
0000110000100000
0000001100000000
0000000011000000
0000110000100000
0000001100000000
0000000011000000
0000000000100000
0000000011000000
0000001100000000
0000110000000000
0000000000000000

2A9D:
0000000000000000
0000000000000000
0000000000000000
0000000000000000
0000000000000000
0000011100010000
0000100011100000
0000000000000000
0000000000110000
0000000011000000
0000001100000000
0000010000000000
0000001100000000
0000000011000000
0000000000110000
0000000000000000

2A9E:
0000000000000000
0000000000000000
0000000000000000
0000000000000000
0000011100010000
0000100011100000
0000000000000000
0000000000000000
0000110000000000
0000001100000000
0000000011000000
0000000000100000
0000000011000000
0000001100000000
0000110000000000
0000000000000000

2A9F:
0000000000000000
0000000000000000
0000011100010000
0000100011100000
0000000000000000
0000000000110000
0000000011000000
0000001100000000
0000010000000000
0000001100000000
0000000011000000
0000000000110000
0000000000000000
0000111111110000
0000000000000000
0000111111110000

2AA0:
0000000000000000
0000000000000000
0000100011100000
0000011100010000
0000000000000000
0000110000000000
0000001100000000
0000000011000000
0000000000100000
0000000011000000
0000001100000000
0000110000000000
0000000000000000
0000111111110000
0000000000000000
0000111111110000

2AA1:
0000000000000000
0000000000000000
0000000000000000
0000000000000000
0000000000000000
0000000000110000
0000000011000000
0000001100110000
0000110011000000
0001000100000000
0000110011000000
0000001100110000
0000000011000000
0000000000110000
0000000000000000
0000000000000000

2AA2:
0000000000000000
0000000000000000
0000000000000000
0000000000000000
0000000000000000
0001100000000000
0000011000000000
0001100110000000
0000011001100000
0000000100010000
0000011001100000
0001100110000000
0000011000000000
0001100000000000
0000000000000000
0000000000000000

2AA3:
0000000000000000
0000000000000000
0000000000000000
0000000000000000
0000000110001100
0000011000110000
0001100011000000
0010000100000000
0001100011000000
0000011000110000
0000000110001100
0000000000000000
0011111111111100
0000000000000000
0000000000000000
0000000000000000

2AA4:
0000000000000000
0000000000000000
0000000000000000
0000000000000000
0000011000001100
0000000110110000
0000000011100000
0000000100010000
0000000011100000
0000000110110000
0000011000001100
0000000000000000
0000000000000000
0000000000000000
0000000000000000
0000000000000000

2AA5:
0000000000000000
0000000000000000
0000000000000000
0000000000000000
0100000000000100
0011000000011000
0000110001100000
0000001010000000
0000110001100000
0011000000011000
0100000000000100
0000000000000000
0000000000000000
0000000000000000
0000000000000000
0000000000000000

2AA6:
0000000000000000
0000000000000000
0000000000000000
0000000000000000
0000000000000000
0000000000000000
0000000000000000
0000000011000000
0000001100100000
0000110000010000
0001000000010000
0000110000010000
0000001100100000
0000000011000000
0000000000000000
0000000000000000

2AA7:
0000000000000000
0000000000000000
0000000000000000
0000000000000000
0000000000000000
0000000000000000
0000000000000000
0000011000000000
0000100110000000
0001000001100000
0001000000010000
0001000001100000
0000100110000000
0000011000000000
0000000000000000
0000000000000000

2AA8:
0000000000000000
0000000000000000
0000000000000000
0000000000000000
0000000000000000
0000000011000000
0000001100100000
0000110000010000
0001000000010000
0000110000010000
0000001100100000
0001000011000000
0000110000000000
0000001100000000
0000000011000000
0000000000000000

2AA9:
0000000000000000
0000000000000000
0000000000000000
0000000000000000
0000000000000000
0000011000000000
0000100110000000
0001000001100000
0001000000010000
0001000001100000
0000100110000000
0000011000010000
0000000001100000
0000000110000000
0000011000000000
0000000000000000

2AAA:
0000000000000000
0000000000000000
0000000000000000
0000000000000000
0000000000000000
0000000000110000
0000000011000000
0000001100000000
0000110000000000
0001111111110000
0000110000000000
0000001100000000
0000000011000000
0000000000110000
0000000000000000
0000000000000000

2AAB:
0000000000000000
0000000000000000
0000000000000000
0000000000000000
0000000000000000
0001100000000000
0000011000000000
0000000110000000
0000000001100000
0001111111110000
0000000001100000
0000000110000000
0000011000000000
0001100000000000
0000000000000000
0000000000000000

2AAC:
0000000000000000
0000000000000000
0000000000000000
0000000000110000
0000000011000000
0000001100000000
0000110000000000
0001111111110000
0000110000000000
0000001100000000
0000000011000000
0000000000110000
0000000000000000
0001111111110000
0000000000000000
0000000000000000

2AAD:
0000000000000000
0000000000000000
0000000000000000
0001100000000000
0000011000000000
0000000110000000
0000000001100000
0001111111110000
0000000001100000
0000000110000000
0000011000000000
0001100000000000
0000000000000000
0001111111110000
0000000000000000
0000000000000000

2AAE:
0000000000000000
0000000000000000
0000000000000000
0000000000000000
0000000000000000
0000000000000000
0000001110000000
0000010001000000
0011110001111000
0000000000000000
0011111111111000
0000000000000000
0011111111111000
0000000000000000
0000000000000000
0000000000000000

2AAF:
0000000000000000
0000000000000000
0000000000000000
0000000000010000
0000000000100000
0000000011000000
0000001100000000
0001110000000000
0000001100000000
0000000011000000
0000000000100000
0000000000010000
0000000000000000
0001111111110000
0000000000000000
0000000000000000

2AB0:
0000000000000000
0000000000000000
0000000000000000
0000100000000000
0000010000000000
0000001100000000
0000000011000000
0000000000111000
0000000011000000
0000001100000000
0000010000000000
0000100000000000
0000000000000000
0000111111111000
0000000000000000
0000000000000000

2AB1:
0000000000000000
0000000000000000
0000000000000000
0000000000010000
0000000000100000
0000000011000000
0000001100000000
0001110000000000
0000001100000000
0000000011000000
0000000000100000
0000000001010000
0000000010000000
0001111111110000
0000001000000000
0000010000000000

2AB2:
0000000000000000
0000000000000000
0000000000000000
0001000000000000
0000100000000000
0000011000000000
0000000110000000
0000000001110000
0000000110000000
0000011000000000
0000100000000000
0001000010000000
0000000100000000
0001111111110000
0000010000000000
0000100000000000

2AB3:
0000000000000000
0000000000010000
0000000000100000
0000000011000000
0000001100000000
0001110000000000
0000001100000000
0000000011000000
0000000000100000
0000000000010000
0000000000000000
0001111111110000
0000000000000000
0001111111110000
0000000000000000
0000000000000000

2AB4:
0000000000000000
0001000000000000
0000100000000000
0000011000000000
0000000110000000
0000000001110000
0000000110000000
0000011000000000
0000100000000000
0001000000000000
0000000000000000
0001111111110000
0000000000000000
0001111111110000
0000000000000000
0000000000000000

2AB5:
0000000000000000
0000000000010000
0000000000100000
0000000011000000
0000001100000000
0001110000000000
0000001100000000
0000000011000000
0000000000100000
0000000000110000
0000000001000000
0001111111110000
0000000100000000
0001111111110000
0000010000000000
0000100000000000

2AB6:
0000000000000000
0001000000000000
0000100000000000
0000011000000000
0000000110000000
0000000001110000
0000000110000000
0000011000000000
0000100000000000
0001000001000000
0000000010000000
0001111111110000
0000001000000000
0001111111110000
0000100000000000
0001000000000000

2AB7:
0000000000010000
0000000000100000
0000000011000000
0000001100000000
0001110000000000
0000001100000000
0000000011000000
0000000000100000
0000000000010000
0000000000000000
0000011110010000
0000100001100000
0000011100010000
0000100011100000
0000000000000000
0000000000000000

2AB8:
0001000000000000
0000100000000000
0000011000000000
0000000110000000
0000000001110000
0000000110000000
0000011000000000
0000100000000000
0001000000000000
0000000000000000
0000111000100000
0001000111000000
0000111000100000
0001000111000000
0000000000000000
0000000000000000

2AB9:
0000000000010000
0000000000100000
0000000011000000
0000001100000000
0001110000000000
0000001100000000
0000000011000000
0000000000100000
0000000001010000
0000000001000000
0000011110010000
0000100011100000
0000011100010000
0000100111100000
0000001000000000
0000001000000000

2ABA:
0001000000000000
0000100000000000
0000011000000000
0000000110000000
0000000001110000
0000000110000000
0000011000000000
0000100000000000
0001000010000000
0000000010000000
0000111100100000
0001000111000000
0000111000100000
0001001111000000
0000010000000000
0000010000000000

2ABB:
0000000000000000
0000000000000000
0000000000000000
0000000001000010
0000000010000100
0000001100011000
0000110001100000
0111001110000000
0000110001100000
0000001100011000
0000000010000100
0000000001000010
0000000000000000
0000000000000000
0000000000000000
0000000000000000

2ABC:
0000000000000000
0000000000000000
0000000000000000
0100001000000000
0010000100000000
0001100011000000
0000011000110000
0000000111001110
0000011000110000
0001100011000000
0010000100000000
0100001000000000
0000000000000000
0000000000000000
0000000000000000
0000000000000000

2ABD:
0000000000000000
0000000000000000
0000000000000000
0000000000000000
0000000000000000
0000000000000000
0000111111111000
0001000000000000
0010000000000000
0010011000000000
0010011000000000
0010000000000000
0001000000000000
0000111111111000
0000000000000000
0000000000000000

2ABE:
0000000000000000
0000000000000000
0000000000000000
0000000000000000
0000000000000000
0000000000000000
0011111111100000
0000000000010000
0000000000001000
0000000011001000
0000000011001000
0000000000001000
0000000000010000
0011111111100000
0000000000000000
0000000000000000

2ABF:
00000000
00000000
00000000
00111110
01000000
01000000
01000000
00111110
00000000
00001000
00001000
00111110
00001000
00001000
00000000
00000000

2AC0:
00000000
00000000
00000000
01111100
00000010
00000010
00000010
01111100
00000000
00010000
00010000
01111100
00010000
00010000
00000000
00000000

2AC1:
00000000
00000000
00000000
00111110
01000000
01000000
01000000
00111110
00000000
00100010
00010100
00001000
00010100
00100010
00000000
00000000

2AC2:
00000000
00000000
00000000
01111100
00000010
00000010
00000010
01111100
00000000
01000100
00101000
00010000
00101000
01000100
00000000
00000000

2AC3:
00000000
00000000
00000000
00000000
00011000
00011000
00000000
00111110
01000000
01000000
01000000
00111110
00000000
01111110
00000000
00000000

2AC4:
00000000
00000000
00000000
00000000
00110000
00110000
00000000
01111100
00000010
00000010
00000010
01111100
00000000
01111110
00000000
00000000

2AC5:
00000000
00000000
00000000
00000000
00000000
00111110
01000000
01000000
01000000
00111110
00000000
01111110
00000000
01111110
00000000
00000000

2AC6:
00000000
00000000
00000000
00000000
00000000
01111100
00000010
00000010
00000010
01111100
00000000
01111110
00000000
01111110
00000000
00000000

2AC7:
00000000
00000000
00000000
00000000
00000000
00000000
00111110
01000000
01000000
01000000
01000000
00111110
00000000
00110010
01001100
00000000

2AC8:
00000000
00000000
00000000
00000000
00000000
00000000
01111100
00000010
00000010
00000010
00000010
01111100
00000000
00110010
01001100
00000000

2AC9:
00000000
00000000
00000000
00000000
00000000
00111110
01000000
01000000
01000000
00111110
00000000
00110010
01001100
00110010
01001100
00000000

2ACA:
00000000
00000000
00000000
00000000
00000000
01111100
00000010
00000010
00000010
01111100
00000000
00110010
01001100
00110010
01001100
00000000

2ACB:
00000000
00000000
00000000
00000000
00111110
01000000
01000000
01000000
00111110
00000000
00000100
01111110
00001000
01111110
00010000
00000000

2ACC:
00000000
00000000
00000000
00000000
01111100
00000010
00000010
00000010
01111100
00000000
00000100
01111110
00001000
01111110
00010000
00000000

2ACD:
0000000000000000
0000000000000000
0000000000000000
0000000000000000
0111111111111110
0100000000000000
0100000000000000
0100000000000000
0100000000000000
0100000000000000
0100000000000000
0100000000000000
0100000000000000
0111111100000000
0000000000000000
0000000000000000

2ACE:
0000000000000000
0000000000000000
0000000000000000
0000000000000000
0111111111111110
0000000000000010
0000000000000010
0000000000000010
0000000000000010
0000000000000010
0000000000000010
0000000000000010
0000000000000010
0000000011111110
0000000000000000
0000000000000000

2ACF:
0000000000000000
0000000000000000
0000000000000000
0000000000000000
0000000000000000
0000000000000000
0000011111110000
0000100000010000
0001000000010000
0001000000010000
0001000000010000
0001000000010000
0000100000010000
0000011111110000
0000000000000000
0000000000000000

2AD0:
0000000000000000
0000000000000000
0000000000000000
0000000000000000
0000000000000000
0000000000000000
0001111111000000
0001000000100000
0001000000010000
0001000000010000
0001000000010000
0001000000010000
0001000000100000
0001111111000000
0000000000000000
0000000000000000

2AD1:
0000000000000000
0000000000000000
0000000000000000
0000000000000000
0000011111110000
0000100000010000
0001000000010000
0001000000010000
0001000000010000
0001000000010000
0000100000010000
0000011111110000
0000000000000000
0001111111110000
0000000000000000
0000000000000000

2AD2:
0000000000000000
0000000000000000
0000000000000000
0000000000000000
0001111111000000
0001000000100000
0001000000010000
0001000000010000
0001000000010000
0001000000010000
0001000000100000
0001111111000000
0000000000000000
0001111111110000
0000000000000000
0000000000000000

2AD3:
00000000
00000000
00000000
00111110
01000000
01000000
01000000
00111110
00000000
01111100
00000010
00000010
00000010
01111100
00000000
00000000

2AD4:
00000000
00000000
00000000
01111100
00000010
00000010
00000010
01111100
00000000
00111110
01000000
01000000
01000000
00111110
00000000
00000000

2AD5:
00000000
00000000
00000000
00111110
01000000
01000000
01000000
00111110
00000000
00111110
01000000
01000000
01000000
00111110
00000000
00000000

2AD6:
00000000
00000000
00000000
01111100
00000010
00000010
00000010
01111100
00000000
01111100
00000010
00000010
00000010
01111100
00000000
00000000

2AD7:
0000000000000000
0000000000000000
0000000000000000
0000000000000000
0000000000000000
0000000000000000
0000000000000000
0011111000111110
0000000101000000
0000000101000000
0000000101000000
0011111000111110
0000000000000000
0000000000000000
0000000000000000
0000000000000000

2AD8:
0000000000000000
0000000000000000
0000000000000000
0000000000000000
0000000000000000
0000000000000000
0000000000000000
0011111000111110
0000000101000000
0000011111110000
0000000101000000
0011111000111110
0000000000000000
0000000000000000
0000000000000000
0000000000000000

2AD9:
0000000000000000
0000000000000000
0000000000000000
0000000000000000
0000011111000000
0000100100100000
0001000100010000
0001000100010000
0001000100010000
0001000100010000
0001000100010000
0001000100010000
0001000100010000
0001000100010000
0000000000000000
0000000000000000

2ADA:
0000000000000000
0000000000000000
0000111111100000
0000000100000000
0000011111000000
0000100100100000
0001000100010000
0001000100010000
0001000100010000
0001000100010000
0001000100010000
0001000100010000
0001000100010000
0001000100010000
0000000000000000
0000000000000000

2ADB:
0000000000000000
0000000000000000
0000000100000000
0000000100000000
0000011111000000
0000100100100000
0001000100010000
0001000100010000
0001000100010000
0001000100010000
0001000100010000
0001000100010000
0001000100010000
0001000100010000
0000000100000000
0000000100000000

2ADC:
0000000000000000
0000000000000000
0000000000000000
0000000000000000
0000000100000000
0000000100010000
0000000100100000
0000000101000000
0000000110000000
0001000100010000
0001001100010000
0001010100010000
0000100100100000
0001011111000000
0000000000000000
0000000000000000

2ADD:
0000000000000000
0000000000000000
0000000000000000
0000000000000000
0000000100000000
0000000100000000
0000000100000000
0000000100000000
0000000100000000
0001000100010000
0001000100010000
0001000100010000
0000100100100000
0000011111000000
0000000000000000
0000000000000000

2ADE:
00000000
00000000
00000000
00000000
00000000
00000100
00000100
00000100
00000100
00111100
00000100
00000100
00000100
00000100
00000000
00000000

2ADF:
0000000000000000
0000000000000000
0000000000000000
0000000000000000
0000000000000000
0000000000000000
0000000000000000
0000000000000000
0001111111110000
0000000100000000
0000000100000000
0000000100000000
0000000000000000
0000000000000000
0000000000000000
0000000000000000

2AE0:
0000000000000000
0000000000000000
0000000000000000
0000000000000000
0000000000000000
0000000000000000
0000000000000000
0000000000000000
0000000100000000
0000000100000000
0000000100000000
0001111111110000
0000000000000000
0000000000000000
0000000000000000
0000000000000000

2AE1:
0000000000000000
0000000000000000
0000000000000000
0000000100000000
0000000100000000
0000000100111000
0000000101000000
0000000100110000
0000000100001000
0000000101110000
0000000100000000
0011111111111000
0000000000000000
0000000000000000
0000000000000000
0000000000000000

2AE2:
0000000000000000
0000000000000000
0000000000000000
0000000000000000
0000000000000000
0010000000000000
0010000000000000
0011111111110000
0010000000000000
0011111111110000
0010000000000000
0011111111110000
0010000000000000
0010000000000000
0000000000000000
0000000000000000

2AE3:
0000000000000000
0000000000000000
0000000000000000
0000000000000000
0000000000000000
0000000000010100
0000000000010100
0000000000010100
0000000000010100
0011111111110100
0000000000010100
0000000000010100
0000000000010100
0000000000010100
0000000000000000
0000000000000000

2AE4:
0000000000000000
0000000000000000
0000000000000000
0000000000000000
0000000000000000
0000000000001000
0000000000001000
0000000000001000
0001111111111000
0000000000001000
0001111111111000
0000000000001000
0000000000001000
0000000000001000
0000000000000000
0000000000000000

2AE5:
0000000000000000
0000000000000000
0000000000000000
0000000000000000
0000000000000000
0000000000010100
0000000000010100
0000000000010100
0011111111110100
0000000000010100
0011111111110100
0000000000010100
0000000000010100
0000000000010100
0000000000000000
0000000000000000

2AE6:
0000000000000000
0000000000000000
0000000000000000
0000000000000000
0000000000000000
0010100000000000
0010100000000000
0010100000000000
0010100000000000
0011111111111100
0010100000000000
0010100000000000
0010100000000000
0010100000000000
0000000000000000
0000000000000000

2AE7:
0000000000000000
0000000000000000
0000000000000000
0000000000000000
0000000000000000
0000000000000000
0001111111110000
0000000000000000
0001111111110000
0000000100000000
0000000100000000
0000000100000000
0000000000000000
0000000000000000
0000000000000000
0000000000000000

2AE8:
0000000000000000
0000000000000000
0000000000000000
0000000000000000
0000000000000000
0000000000000000
0000000100000000
0000000100000000
0000000100000000
0001111111110000
0000000000000000
0001111111110000
0000000000000000
0000000000000000
0000000000000000
0000000000000000

2AE9:
0000000000000000
0000000000000000
0000000000000000
0000000100000000
0000000100000000
0000000100000000
0001111111110000
0000000000000000
0001111111110000
0000000100000000
0000000100000000
0000000100000000
0000000000000000
0000000000000000
0000000000000000
0000000000000000

2AEA:
0000000000000000
0000000000000000
0000000000000000
0000000000000000
0001111111110000
0000001010000000
0000001010000000
0000001010000000
0000001010000000
0000001010000000
0000001010000000
0000001010000000
0000001010000000
0000001010000000
0000000000000000
0000000000000000

2AEB:
0000000000000000
0000000000000000
0000000000000000
0000000000000000
0000001010000000
0000001010000000
0000001010000000
0000001010000000
0000001010000000
0000001010000000
0000001010000000
0000001010000000
0000001010000000
0001111111110000
0000000000000000
0000000000000000

2AEC:
0000000000000000
0000000000000000
0000000000000000
0000000000000000
0000000000000000
0000000000000000
0000000000000000
0000000000000000
0001111111111000
0000000000001000
0001111111111000
0000000000001000
0000000000001000
0000000000000000
0000000000000000
0000000000000000

2AED:
0000000000000000
0000000000000000
0000000000000000
0000000000000000
0000000000000000
0000000000000000
0000000000000000
0000000000000000
0001111111111000
0001000000000000
0001111111111000
0001000000000000
0001000000000000
0000000000000000
0000000000000000
0000000000000000

2AEE:
00000000
00000000
00000000
00000000
00011000
00011000
01011000
00111000
00011000
00011000
00011100
00011010
00011000
00011000
00000000
00000000

2AEF:
00000000
00000000
00000000
00000000
00111000
01000100
01000100
00111000
00010000
00010000
00010000
00010000
00010000
00010000
00000000
00000000

2AF0:
00000000
00000000
00000000
00000000
00010000
00010000
00010000
00010000
00010000
00010000
00111000
01000100
01000100
00111000
00000000
00000000

2AF1:
00000000
00000000
00000000
00000000
01111100
00010000
00010000
00010000
00010000
00010000
00111000
01000100
01000100
00111000
00000000
00000000

2AF2:
00000000
00000000
00000000
00000000
00010100
00010100
00010100
00010100
00010100
01111111
00010100
00010100
00010100
00010100
00000000
00000000

2AF3:
0000000000000000
0000000000000000
0000000000000000
0000000000000000
0000001001000000
0000001001000000
0000001001000000
0000001001000000
0000001001000000
0000011101010000
0000101011100000
0000001001000000
0000001001000000
0000001001000000
0000000000000000
0000000000000000

2AF4:
0000000000000000
0000000000000000
0000000000000000
0000000000000000
0000100100100000
0000100100100000
0000100100100000
0000100100100000
0000100100100000
0000100100100000
0000100100100000
0000100100100000
0000100100100000
0000100100100000
0000000000000000
0000000000000000

2AF5:
0000000000000000
0000000000000000
0000000000000000
0000000000000000
0000100100100000
0000100100100000
0000100100100000
0000100100100000
0000100100100000
0011111111111000
0000100100100000
0000100100100000
0000100100100000
0000100100100000
0000000000000000
0000000000000000

2AF6:
00000000
00000000
00000000
00000000
00011000
00011000
00000000
00000000
00011000
00011000
00000000
00000000
00011000
00011000
00000000
00000000

2AF7:
0000000000000000
0000000000000000
0000000000000000
0000000000011000
0000000001100000
0000000110011000
0000011001100000
0001100110011000
0010001000100000
0001100110011000
0000011001100000
0000000110011000
0000000001100000
0000000000011000
0000000000000000
0000000000000000

2AF8:
0000000000000000
0000000000000000
0000000000000000
0011000000000000
0000110000000000
0011001100000000
0000110011000000
0011001100110000
0000100010001000
0011001100110000
0000110011000000
0011001100000000
0000110000000000
0011000000000000
0000000000000000
0000000000000000

2AF9:
0000000000000000
0000000000000000
0000000001100000
0000000110000000
0000011000000000
0000100000000000
0000011000000000
0000000110000000
0000100001100000
0000011000000000
0000000110000000
0000100001100000
0000011000000000
0000000110000000
0000000001100000
0000000000000000

2AFA:
0000000000000000
0000000000000000
0000110000000000
0000001100000000
0000000011000000
0000000000100000
0000000011000000
0000001100000000
0000110000100000
0000000011000000
0000001100000000
0000110000100000
0000000011000000
0000001100000000
0000110000000000
0000000000000000

2AFB:
0000000000000000
0000000000000000
0000000000000000
0000000000000000
0000001001001000
0000001001001000
0000010010010000
0000010010010000
0000100100100000
0000100100100000
0001001001000000
0001001001000000
0010010010000000
0010010010000000
0000000000000000
0000000000000000

2AFC:
0000000000000000
0000000000000000
0000000000000000
0000000000000000
0000100100100000
0000100100100000
0000100100100000
0000100100100000
0000100100100000
0000100100100000
0000100100100000
0000100100100000
0000100100100000
0000100100100000
0000100100100000
0000000000000000

2AFD:
0000000000000000
0000000000000000
0000000000000000
0000000000000000
0000000010010000
0000000010010000
0000000100100000
0000000100100000
0000001001000000
0000001001000000
0000010010000000
0000010010000000
0000100100000000
0000100100000000
0000000000000000
0000000000000000

2AFE:
00000000
00000000
00000000
00000000
00000000
00111000
00101000
00101000
00101000
00101000
00101000
00101000
00101000
00111000
00000000
00000000

2AFF:
00000000
00000000
00000000
00000000
00111000
00101000
00101000
00101000
00101000
00101000
00101000
00101000
00101000
00101000
00111000
00000000

2C9E:
00000000
00000000
00000000
00000000
00111000
01101100
01000100
10000010
10000010
10000010
10000010
01000100
01101100
00111000
00000000
00000000

2C9F:
00000000
00000000
00000000
00000000
00000000
00000000
00111000
01101100
01000100
10000010
10000010
01000100
01101100
00111000
00000000
00000000

2CA4:
00000000
00000000
00000000
00000000
00011100
00110110
00100010
01000000
01000000
01000000
01000000
00100010
00110110
00011100
00000000
00000000

2CA5:
00000000
00000000
00000000
00000000
00000000
00000000
00011100
00110110
00100010
01000000
01000000
00100010
00110110
00011100
00000000
00000000

2E18:
00000000
00000000
00000000
00000000
00010000
00010000
00000000
00010000
00010000
00110000
01010000
01010010
01010010
00111100
00000000
00000000

3002:
00000000
00000000
00000000
00000000
00000000
00000000
00000000
00000000
00000000
00000000
00001100
00010010
00010010
00001100
00000000
00000000

30A0:
0000000000000000
0000000000000000
0000000000000000
0000000000000000
0000000000000000
0000000000000000
0000000000000000
0000011111100000
0000000000000000
0000000000000000
0000000000000000
0000011111100000
0000000000000000
0000000000000000
0000000000000000
0000000000000000

30A1:
0000000000000000
0000000000000000
0000000000000000
0000000000000000
0000000000000000
0000000000000000
0000000000000000
0010000111100000
0001111000100000
0000001001000000
0000000110000000
0000000100000000
0000000100000000
0000001000000000
0000010000000000
0000000000000000

30A2:
0000000000000000
0000000000000000
0000000000000000
0010000111110000
0001111000010000
0000000000100000
0000001001000000
0000000110000000
0000000100000000
0000000100000000
0000000100000000
0000001000000000
0000001000000000
0000010000000000
0000100000000000
0000000000000000

30A3:
0000000000000000
0000000000000000
0000000000000000
0000000000000000
0000000000000000
0000000000100000
0000000001000000
0000000010000000
0000001110000000
0001110010000000
0000000010000000
0000000010000000
0000000010000000
0000000010000000
0000000010000000
0000000000000000

30A4:
0000000000000000
0000000000000000
0000000000100000
0000000000100000
0000000001000000
0000000010000000
0000001100000000
0000110100000000
0011000010000000
0000000010000000
0000000010000000
0000000010000000
0000000010000000
0000000010000000
0000000010000000
0000000000000000

30A5:
0000000000000000
0000000000000000
0000000000000000
0000000000000000
0000000000000000
0000001000000000
0000000100000000
0000000111100000
0001111000100000
0000100000100000
0000100001000000
0000000001000000
0000000010000000
0000000100000000
0000001000000000
0000000000000000

30A6:
0000000000000000
0000000000000000
0000001000000000
0000000100000000
0000000100000000
0000000111110000
0011111000010000
0001000000010000
0001000000100000
0000100000100000
0000100001000000
0000000001000000
0000000010000000
0000000100000000
0000001000000000
0000000000000000

30A7:
0000000000000000
0000000000000000
0000000000000000
0000000000000000
0000000000000000
0000000000000000
0000000000000000
0000000011100000
0000111100000000
0000000100000000
0000000100000000
0000000100000000
0000000111100000
0001111000010000
0000000000000000
0000000000000000

30A8:
0000000000000000
0000000000000000
0000000000000000
0000000000000000
0000000001110000
0001111110000000
0000001000000000
0000000100000000
0000000100000000
0000000100000000
0000000100000000
0000001111110000
0011110000001000
0000000000000000
0000000000000000
0000000000000000

30A9:
0000000000000000
0000000000000000
0000000000000000
0000000000000000
0000000000000000
0000000100000000
0000000010000000
0001000011100000
0000111110000000
0000000110000000
0000001010000000
0000010010000000
0000100010000000
0001000110000000
0000000010000000
0000000000000000

30AA:
0000000000000000
0000000000000000
0000000010000000
0000000001000000
0000000001000000
0010000001111000
0001111111000000
0000000011000000
0000000101000000
0000001001000000
0000010001000000
0000100001000000
0001000001000000
0000000011000000
0000000001000000
0000000000000000

30AB:
0000000000000000
0000000000000000
0000001000000000
0000000100000000
0000000100000000
0010000111110000
0001111100010000
0000001000010000
0000001000010000
0000010000100000
0000010000100000
0000100000100000
0001000101000000
0010000011000000
0000000010000000
0000000000000000

30AC:
0000000000000000
0000000000001000
0000001000100100
0000000100010100
0000000100010000
0010000111110000
0001111100010000
0000001000010000
0000001000010000
0000010000100000
0000010000100000
0000100000100000
0001000101000000
0010000011000000
0000000010000000
0000000000000000

30AD:
0000000000000000
0000000000000000
0000010000000000
0000001000000000
0000001001110000
0000001110000000
0001110100000000
0000000100000000
0000000101111000
0000001110000000
0011110010000000
0000000010000000
0000000001000000
0000000001000000
0000000001000000
0000000000000000

30AE:
0000000000000000
0000000000001000
0000010000100100
0000001000010100
0000001001110000
0000001110000000
0001110100000000
0000000100000000
0000000101111000
0000001110000000
0011110010000000
0000000010000000
0000000001000000
0000000001000000
0000000001000000
0000000000000000

30AF:
0000000000000000
0000000000000000
0000010000000000
0000001001110000
0000001110010000
0000001000100000
0000010000100000
0000010001000000
0000100001000000
0001000010000000
0000000010000000
0000000100000000
0000001000000000
0000010000000000
0000100000000000
0000000000000000

30B0:
0000000000000000
0000000000001000
0000100000100100
0000010011010100
0000011101010000
0000010001000000
0000100001000000
0000100010000000
0001000010000000
0010000100000000
0000000100000000
0000001000000000
0000010000000000
0000100000000000
0001000000000000
0000000000000000

30B1:
0000000000000000
0000000000000000
0000100000000000
0000010000000000
0000010000000000
0000010000111000
0000111111000000
0000100100000000
0001000010000000
0010000010000000
0000000010000000
0000000100000000
0000000100000000
0000001000000000
0000010000000000
0000000000000000

30B2:
0000000000000000
0000000000001000
0000100000100100
0000010000010100
0000010000010000
0000010000111000
0000111111000000
0000100100000000
0001000010000000
0010000010000000
0000000010000000
0000000100000000
0000000100000000
0000001000000000
0000010000000000
0000000000000000

30B3:
0000000000000000
0000000000000000
0000000000000000
0000000000000000
0010000111110000
0001111000010000
0000000000010000
0000000000010000
0000000000010000
0000000000100000
0000000000100000
0000001111100000
0001110000100000
0000000000000000
0000000000000000
0000000000000000

30B4:
0000000000000000
0000000000001000
0000000000100100
0000000000010100
0100001111010000
0011110001000000
0000000001000000
0000000001000000
0000000001000000
0000000010000000
0000000010000000
0000011110000000
0011100010000000
0000000000000000
0000000000000000
0000000000000000

30B5:
0000000000000000
0000000000000000
0000000010000000
0000100001000000
0000010001000000
0000010001000000
0010010011111000
0001111101000000
0000010001000000
0000010001000000
0000010001000000
0000000010000000
0000000010000000
0000000100000000
0000001000000000
0000000000000000

30B6:
0000000000000000
0000000000001000
0000000010100100
0000100001010100
0000010001010000
0000010001000000
0010010011111000
0001111101000000
0000010001000000
0000010001000000
0000010001000000
0000000010000000
0000000010000000
0000000100000000
0000001000000000
0000000000000000

30B7:
0000000000000000
0000000000000000
0000000000000000
0000110000000000
0000001000000000
0000000000000000
0001100000000000
0000010000001000
0000000000010000
0000000000100000
0000000001000000
0000000010000000
0001001100000000
0000110000000000
0000000000000000
0000000000000000

30B8:
0000000000000000
0000000000000000
0000000000001000
0000110000100100
0000001000010100
0000000000010000
0001100000000000
0000010000001000
0000000000010000
0000000000100000
0000000001000000
0000000010000000
0001001100000000
0000110000000000
0000000000000000
0000000000000000

30B9:
0000000000000000
0000000000000000
0000000000000000
0001000011100000
0000111100100000
0000000001000000
0000000001000000
0000000010000000
0000000010000000
0000000101000000
0000001000100000
0000110000010000
0011000000010000
0000000000000000
0000000000000000
0000000000000000

30BA:
0000000000000000
0000000000001000
0000000000100100
0010000111010100
0001111001010000
0000000010000000
0000000010000000
0000000100000000
0000000100000000
0000001010000000
0000010001000000
0001100000100000
0110000000100000
0000000000000000
0000000000000000
0000000000000000

30BB:
0000000000000000
0000000000000000
0000100000000000
0000010000000000
0000010000000000
0000010001111000
0000010110001000
0010011000010000
0001110000100000
0000010001000000
0000010000000000
0000010000000000
0000001000000000
0000000111110000
0000000000000000
0000000000000000

30BC:
0000000000000000
0000000000001000
0000100000100100
0000010000010100
0000010000010000
0000010001111000
0000010110001000
0010011000010000
0001110000100000
0000010001000000
0000010000000000
0000010000000000
0000001000000000
0000000111111000
0000000000000000
0000000000000000

30BD:
0000000000000000
0000000000000000
0000000000100000
0001000000010000
0000100000010000
0000010000010000
0000010000100000
0000010000100000
0000000001000000
0000000001000000
0000000010000000
0000000010000000
0000000100000000
0000001000000000
0000010000000000
0000000000000000

30BE:
0000000000000000
0000000000001000
0000000010100100
0010000001010100
0001000001010000
0000100001000000
0000100001000000
0000100001000000
0000000010000000
0000000010000000
0000000100000000
0000000100000000
0000001000000000
0000010000000000
0000100000000000
0000000000000000

30BF:
0000000000000000
0000000000000000
0000001000000000
0000000100000000
0000000111110000
0000001000010000
0000001000100000
0000010100100000
0000100011000000
0001000001000000
0000000010000000
0000000100000000
0000001000000000
0000110000000000
0011000000000000
0000000000000000

30C0:
0000000000000000
0000000000001000
0000010000100100
0000001000010100
0000001111110000
0000010000100000
0000010000100000
0000101001000000
0001000101000000
0010000010000000
0000000100000000
0000001000000000
0000010000000000
0001100000000000
0110000000000000
0000000000000000

30C1:
0000000000000000
0000000000000000
0000000001000000
0000000110000000
0001111000000000
0000000100000000
0000000011111000
0010001110000000
0001110010000000
0000000010000000
0000000010000000
0000000100000000
0000000100000000
0000001000000000
0000010000000000
0000000000000000

30C2:
0000000000000000
0000000000001000
0000000001100100
0000000110010100
0001111000010000
0000000100000000
0000000011111000
0010001110000000
0001110010000000
0000000010000000
0000000010000000
0000000100000000
0000000100000000
0000001000000000
0000010000000000
0000000000000000

30C3:
0000000000000000
0000000000000000
0000000000000000
0000000000000000
0000000000000000
0000000000000000
0000000000000000
0000010001000000
0001001000100000
0000101000100000
0000100001000000
0000000001000000
0000000010000000
0000000100000000
0000001000000000
0000000000000000

30C4:
0000000000000000
0000000000000000
0000000000000000
0000010000010000
0010001000001000
0001000100001000
0000100100010000
0000100000010000
0000000000100000
0000000000100000
0000000001000000
0000000010000000
0000000100000000
0000001000000000
0000000000000000
0000000000000000

30C5:
0000000000000000
0000000000001000
0000000000100100
0001000010010100
0000100001010000
0100010001000000
0010010001000000
0001000001000000
0001000010000000
0000000010000000
0000000100000000
0000001000000000
0000010000000000
0000100000000000
0000000000000000
0000000000000000

30C6:
0000000000000000
0000000000000000
0000000000000000
0001000111100000
0000111000000000
0000000000000000
0000000001111000
0010001110000000
0001110010000000
0000000010000000
0000000100000000
0000000100000000
0000001000000000
0000010000000000
0000100000000000
0000000000000000

30C7:
0000000000000000
0000000000001000
0000000000100100
0001000111010100
0000111000010000
0000000000000000
0010000011110000
0001111100000000
0000000010000000
0000000010000000
0000000100000000
0000000100000000
0000001000000000
0000010000000000
0000100000000000
0000000000000000

30C8:
0000000000000000
0000000000000000
0000100000000000
0000010000000000
0000010000000000
0000010000000000
0000010000000000
0000011100000000
0000010011000000
0000010000100000
0000010000000000
0000010000000000
0000010000000000
0000010000000000
0000010000000000
0000000000000000

30C9:
0000000000000000
0000000000100000
0001000010010000
0000100001010000
0000100001000000
0000100000000000
0000100000000000
0000111000000000
0000100110000000
0000100001000000
0000100000000000
0000100000000000
0000100000000000
0000100000000000
0000100000000000
0000000000000000

30CA:
0000000000000000
0000000000000000
0000000100000000
0000000010000000
0000000010000000
0010000011111000
0001111110000000
0000000010000000
0000000010000000
0000000010000000
0000000100000000
0000000100000000
0000001000000000
0000010000000000
0000100000000000
0000000000000000

30CB:
0000000000000000
0000000000000000
0000000000000000
0000000000000000
0000000011100000
0001111100000000
0000000000000000
0000000000000000
0000000000000000
0000000000000000
0000000111110000
0011111000001000
0000000000000000
0000000000000000
0000000000000000
0000000000000000

30CC:
0000000000000000
0000000000000000
0000000000000000
0001000011110000
0000111100010000
0000000000100000
0000000000100000
0000111001000000
0000000111000000
0000000011000000
0000000100100000
0000001000010000
0000110000010000
0011000000000000
0000000000000000
0000000000000000

30CD:
0000000000000000
0000000000000000
0000001000000000
0000000100000000
0000000111100000
0001111000100000
0000000001000000
0000000010000000
0000000100000000
0000001101000000
0000110100110000
0011000100001000
0000000100000000
0000000100000000
0000000100000000
0000000000000000

30CE:
0000000000000000
0000000000000000
0000000001000000
0000000000100000
0000000000100000
0000000000100000
0000000001000000
0000000001000000
0000000010000000
0000000010000000
0000000100000000
0000001000000000
0000010000000000
0000100000000000
0001000000000000
0000000000000000

30CF:
0000000000000000
0000000000000000
0000000000000000
0000000000000000
0000000000000000
0000100010000000
0000010001000000
0000010000100000
0000100000010000
0000100000010000
0001000000001000
0010000000001000
0100000000001000
0000000000000000
0000000000000000
0000000000000000

30D0:
0000000000000000
0000000000000000
0000000000001000
0000000000100100
0000000000010100
0000100010010000
0000010001000000
0000010000100000
0000100000010000
0000100000010000
0001000000001000
0010000000001000
0100000000001000
0000000000000000
0000000000000000
0000000000000000

30D1:
0000000000000000
0000000000011000
0000000000100100
0000000000100100
0000000000011000
0000100010000000
0000010001000000
0000010000100000
0000100000010000
0000100000010000
0001000000001000
0010000000001000
0100000000001000
0000000000000000
0000000000000000
0000000000000000

30D2:
0000000000000000
0000000000000000
0000000000000000
0001000000000000
0000100000000000
0000100000000000
0000100011100000
0000111100000000
0000100000000000
0000100000000000
0000100000000000
0000100000000000
0000010000000000
0000001111110000
0000000000000000
0000000000000000

30D3:
0000000000000000
0000000000000000
0000000000010000
0001000001001000
0000100000101000
0000100000100000
0000100000000000
0000100011100000
0000111100000000
0000100000000000
0000100000000000
0000100000000000
0000010000000000
0000001111110000
0000000000000000
0000000000000000

30D4:
0000000000000000
0000000000000000
0000000000110000
0001000001001000
0000100001001000
0000100000110000
0000100000000000
0000100011100000
0000111100000000
0000100000000000
0000100000000000
0000100000000000
0000010000000000
0000001111110000
0000000000000000
0000000000000000

30D5:
0000000000000000
0000000000000000
0000000000000000
0001000011110000
0000111100010000
0000000000010000
0000000000100000
0000000000100000
0000000001000000
0000000001000000
0000000010000000
0000000100000000
0000001000000000
0000010000000000
0000000000000000
0000000000000000

30D6:
0000000000000000
0000000000001000
0000000000100100
0010001111010100
0001110001010000
0000000001000000
0000000010000000
0000000010000000
0000000100000000
0000000100000000
0000001000000000
0000010000000000
0000100000000000
0001000000000000
0000000000000000
0000000000000000

30D7:
0000000000000000
0000000000011000
0000000000100100
0010001111100100
0001110001011000
0000000001000000
0000000010000000
0000000010000000
0000000100000000
0000000100000000
0000001000000000
0000010000000000
0000100000000000
0001000000000000
0000000000000000
0000000000000000

30D8:
0000000000000000
0000000000000000
0000000000000000
0000000000000000
0000000000000000
0000001000000000
0000010100000000
0100100010000000
0011000001000000
0000000000110000
0000000000001100
0000000000000000
0000000000000000
0000000000000000
0000000000000000
0000000000000000

30D9:
0000000000000000
0000000000000000
0000000000100000
0000000010010000
0000000001010000
0000001001000000
0000010100000000
0100100010000000
0011000001000000
0000000000110000
0000000000001100
0000000000000000
0000000000000000
0000000000000000
0000000000000000
0000000000000000

30DA:
0000000000000000
0000000000000000
0000000001100000
0000000010010000
0000000010010000
0000001001100000
0000010100000000
0100100010000000
0011000001000000
0000000000110000
0000000000001100
0000000000000000
0000000000000000
0000000000000000
0000000000000000
0000000000000000

30DB:
0000000000000000
0000000000000000
0000001000000000
0000000100000000
0000000100000000
0010000111110000
0001111100000000
0000000100000000
0000000101000000
0000100100100000
0000100100010000
0001000100010000
0010000100000000
0000001100000000
0000000100000000
0000000000000000

30DC:
0000000000000000
0000000000001000
0000001000100100
0000000100010100
0000000100010000
0010000111110000
0001111100000000
0000000100000000
0000000101000000
0000100100100000
0000100100010000
0001000100010000
0010000100000000
0000001100000000
0000000100000000
0000000000000000

30DD:
0000000000000000
0000000000011000
0000001000100100
0000000100100100
0000000100011000
0010000111110000
0001111100000000
0000000100000000
0000000101000000
0000100100100000
0000100100010000
0001000100010000
0010000100000000
0000001100000000
0000000100000000
0000000000000000

30DE:
0000000000000000
0000000000000000
0000000000000000
0000000000000000
0010000011110000
0001111100001000
0000000000010000
0000000000100000
0000000001000000
0000110010000000
0000001100000000
0000000010000000
0000000001000000
0000000000000000
0000000000000000
0000000000000000

30DF:
0000000000000000
0000000000000000
0000010000000000
0000001100000000
0000000011000000
0000000000100000
0000100000000000
0000011000000000
0000000110000000
0000000001000000
0001000000000000
0000110000000000
0000001100000000
0000000011000000
0000000000100000
0000000000000000

30E0:
0000000000000000
0000000000000000
0000001000000000
0000000100000000
0000000100000000
0000000100000000
0000001000000000
0000001000000000
0000001001000000
0000010000100000
0000010000110000
0010100111001000
0001111000001000
0000000000000000
0000000000000000
0000000000000000

30E1:
0000000000000000
0000000000000000
0000000001000000
0000000000100000
0000000000100000
0000000000100000
0000011000100000
0000000111000000
0000000001000000
0000000010100000
0000000010010000
0000000100000000
0000001000000000
0000110000000000
0011000000000000
0000000000000000

30E2:
0000000000000000
0000000000000000
0000000000000000
0001000011100000
0000111100000000
0000001000000000
0000001000000000
0010001111111000
0001111000000000
0000001000000000
0000001000000000
0000001000000000
0000000111110000
0000000000000000
0000000000000000
0000000000000000

30E3:
0000000000000000
0000000000000000
0000000000000000
0000000000000000
0000000000000000
0000000000000000
0000010000000000
0000001001110000
0000001110010000
0001111000100000
0000000101000000
0000000100000000
0000000010000000
0000000010000000
0000000010000000
0000000000000000

30E4:
0000000000000000
0000000000000000
0000100000000000
0000010000000000
0000010001111000
0000001110001000
0010011000010000
0001101000100000
0000000101000000
0000000100000000
0000000100000000
0000000010000000
0000000010000000
0000000010000000
0000000000000000
0000000000000000

30E5:
0000000000000000
0000000000000000
0000000000000000
0000000000000000
0000000000000000
0000000000000000
0000000000000000
0000000111000000
0000111001000000
0000000001000000
0000000010000000
0000000111100000
0001111000010000
0000000000000000
0000000000000000
0000000000000000

30E6:
0000000000000000
0000000000000000
0000000000000000
0000000000000000
0000000000000000
0001000111000000
0000111001000000
0000000001000000
0000000010000000
0000000010000000
0000000111110000
0011111000001000
0000000000000000
0000000000000000
0000000000000000
0000000000000000

30E7:
0000000000000000
0000000000000000
0000000000000000
0000000000000000
0000000000000000
0000000000000000
0000000111100000
0000111000100000
0000000000100000
0000000111100000
0000111001000000
0000000001000000
0000000111000000
0000111000100000
0000000000000000
0000000000000000

30E8:
0000000000000000
0000000000000000
0000000000000000
0000000111110000
0001111000010000
0000000000010000
0000000000010000
0000000111100000
0000111000100000
0000000000100000
0000000000100000
0000000000100000
0000000111100000
0000111000010000
0000000000000000
0000000000000000

30E9:
0000000000000000
0000000000000000
0000000000000000
0001000111000000
0000111000000000
0000000001110000
0010001110010000
0001110000010000
0000000000010000
0000000000100000
0000000000100000
0000000001000000
0000000010000000
0000001100000000
0000110000000000
0000000000000000

30EA:
0000000000000000
0000000000000000
0000000001000000
0000100000100000
0000010000100000
0000010000100000
0000010000100000
0000010000100000
0000010000100000
0000010000100000
0000000001000000
0000000001000000
0000000010000000
0000000100000000
0000001000000000
0000000000000000

30EB:
0000000000000000
0000000000000000
0000000000000000
0000000100000000
0000100010000000
0000010010000000
0000010010000000
0000010010001000
0000010010001000
0000010010010000
0000100010010000
0000100010100000
0001000011000000
0010000010000000
0000000000000000
0000000000000000

30EC:
0000000000000000
0000000000000000
0001000000000000
0000100000000000
0000100000000000
0000100000000000
0000100000000000
0000100000000000
0000100000010000
0000100000100000
0000100001000000
0000100010000000
0000101100000000
0000110000000000
0000000000000000
0000000000000000

30ED:
0000000000000000
0000000000000000
0000000000000000
0000000000000000
0010000111110000
0001111000010000
0001000000010000
0001000000010000
0000100000100000
0000100000100000
0000100111100000
0000111000010000
0000100000000000
0000000000000000
0000000000000000
0000000000000000

30EE:
0000000000000000
0000000000000000
0000000000000000
0000000000000000
0000000000000000
0000000000000000
0000000000000000
0001000011110000
0000111100010000
0000100000100000
0000010000100000
0000010001000000
0000000001000000
0000000010000000
0000000100000000
0000000000000000

30EF:
0000000000000000
0000000000000000
0000000000000000
0010000111110000
0001111000010000
0001000000010000
0000100000010000
0000100000100000
0000100000100000
0000000001000000
0000000001000000
0000000010000000
0000000100000000
0000001000000000
0000010000000000
0000000000000000

30F0:
0000000000000000
0000000000000000
0000000100000000
0000000010000000
0000000010000000
0000000111110000
0001111010000000
0000100010000000
0000010010000000
0000010111110000
0011111010001000
0000000010000000
0000000010000000
0000000010000000
0000000010000000
0000000000000000

30F1:
0000000000000000
0000000000000000
0000000000000000
0000000000000000
0000000111100000
0001111000100000
0000001001000000
0000000110000000
0000000100000000
0000000100000000
0000000111110000
0011111000001000
0000000000000000
0000000000000000
0000000000000000
0000000000000000

30F2:
0000000000000000
0000000000000000
0000000000000000
0000000111110000
0001111000010000
0000000000010000
0000000000100000
0000000111100000
0000111000100000
0000000001000000
0000000001000000
0000000010000000
0000000100000000
0000011000000000
0001100000000000
0000000000000000

30F3:
0000000000000000
0000000000000000
0000000000000000
0000000000000000
0001100000000000
0000010000001000
0000001000001000
0000000000010000
0000000000010000
0000000000100000
0000000001000000
0000000010000000
0001001100000000
0000110000000000
0000000000000000
0000000000000000

30F4:
0000000000000000
0000000000001000
0000010000100100
0000001000010100
0000001000010000
0100001111100000
0011110000100000
0010000000100000
0001000001000000
0001000001000000
0000000010000000
0000000010000000
0000000100000000
0000001000000000
0000010000000000
0000000000000000

30F5:
0000000000000000
0000000000000000
0000000000000000
0000000000000000
0000000000000000
0000000000000000
0000001000000000
0000000100000000
0001000111100000
0000111000100000
0000001000100000
0000001000100000
0000010000100000
0000100011000000
0001000001000000
0000000000000000

30F6:
0000000000000000
0000000000000000
0000000000000000
0000000000000000
0000000000000000
0000000000000000
0000100000000000
0000010000000000
0000010001100000
0000011110000000
0000100010000000
0001000010000000
0000000100000000
0000001000000000
0000010000000000
0000000000000000

30F7:
0000000000000100
0000000000010010
0000000000001000
0010000111110000
0001111000010000
0001000000010000
0000100000010000
0000100000100000
0000100000100000
0000000001000000
0000000001000000
0000000010000000
0000000100000000
0000001000000000
0000010000000000
0000000000000000

30F8:
0000000000000000
0000000000001000
0000000100000100
0000000010010000
0000000010001000
0000000111110000
0001111010000000
0000100010000000
0000010010000000
0000010111110000
0011111010001000
0000000010000000
0000000010000000
0000000010000000
0000000010000000
0000000000000000

30F9:
0000000000000000
0000000000001000
0000000000000100
0000000000010000
0000000111101000
0001111000100000
0000001001000000
0000000110000000
0000000100000000
0000000100000000
0000000111110000
0011111000001000
0000000000000000
0000000000000000
0000000000000000
0000000000000000

30FA:
0000000000000100
0000000000000010
0000000000001000
0000000111110100
0001111000010000
0000000000010000
0000000000100000
0000000111100000
0000111000100000
0000000001000000
0000000001000000
0000000010000000
0000000100000000
0000011000000000
0001100000000000
0000000000000000

30FB:
0000000000000000
0000000000000000
0000000000000000
0000000000000000
0000000000000000
0000000000000000
0000001100000000
0000011110000000
0000011110000000
0000001100000000
0000000000000000
0000000000000000
0000000000000000
0000000000000000
0000000000000000
0000000000000000

30FC:
0000000000000000
0000000000000000
0000000000000000
0000000000000000
0000000000000000
0000000000000000
0000000000000000
0100000011111000
0011111100000000
0000000000000000
0000000000000000
0000000000000000
0000000000000000
0000000000000000
0000000000000000
0000000000000000

30FD:
0000000000000000
0000000000000000
0000000000000000
0000000000000000
0000000000000000
0000110000000000
0000001100000000
0000000010000000
0000000001000000
0000000000100000
0000000000000000
0000000000000000
0000000000000000
0000000000000000
0000000000000000
0000000000000000

30FE:
0000000000000000
0000000000000000
0000000000000000
0000000000100000
0000000010010000
0000110001000000
0000001100000000
0000000010000000
0000000001000000
0000000000100000
0000000000000000
0000000000000000
0000000000000000
0000000000000000
0000000000000000
0000000000000000

30FF:
0000000000000000
0000000000000000
0010000111100000
0001111000010000
0000000000010000
0000000000010000
0000000000010000
0000000000010000
0000000000010000
0000000000010000
0000000000010000
0000000000010000
0000000000010000
0000000000010000
0000000000010000
0000000000000000

FE0F:
1010101010101010
0000000000000001
1000000000000000
0010001000111101
1010001001000000
0010001000111001
1001010000000100
0000100001111001
1000000000000000
0000100000111001
1001100001000000
0010100001110001
1000100001001000
0011111000110001
1000000000000000
0101010101010101

FF00:
0000000000000000
0111111111111110
0110000110000110
0110111110111110
0110001110001110
0110111110111110
0110111110111110
0111111111111110
0111111111111110
0111001111001110
0110110110110110
0110110110110110
0110110110110110
0111001111001110
0111111111111110
0000000000000000

FF01:
00000000
00000000
00000010
00000111
00000111
00000111
00000111
00000010
00000010
00000010
00000000
00000000
00000010
00000010
00000000
00000000

FF02:
0000000000000000
0000001001000000
0000001001000000
0000001001000000
0000001001000000
0000001001000000
0000000000000000
0000000000000000
0000000000000000
0000000000000000
0000000000000000
0000000000000000
0000000000000000
0000000000000000
0000000000000000
0000000000000000

FF03:
0000000000000000
0000000000000000
0000000000000000
0000001000100000
0000001000100000
0000001000100000
0001111111111000
0000010001000000
0000010001000000
0000010001000000
0000010001000000
0011111111110000
0000100010000000
0000100010000000
0000100010000000
0000100010000000

FF04:
0000000000000000
0000000000000000
0000000000000000
0000000100000000
0000011111000000
0000100100100000
0001000100010000
0001000100010000
0000110100000000
0000001110000000
0000000101100000
0001000100010000
0001000100010000
0000100100100000
0000011111000000
0000000100000000

FF05:
0000000000000000
0000000000000000
0000000000000000
0000111000000100
0001000100001000
0001000100010000
0001000100100000
0000111001000000
0000000010000000
0000000100000000
0000001001110000
0000010010001000
0000100010001000
0001000010001000
0010000001110000
0000000000000000

FF06:
0000000000000000
0000000000000000
0000000000000000
0000111000000000
0001000100000000
0001000100000000
0001000100000000
0000101000000000
0000010000111000
0000101000010000
0001000100100000
0010000011000000
0010000011000000
0001000100100000
0000111000011000
0000000000000000

FF07:
00000000
00000001
00000001
00000001
00000001
00000001
00000000
00000000
00000000
00000000
00000000
00000000
00000000
00000000
00000000
00000000

FF08:
0000000000000000
0000000000010000
0000000000100000
0000000001000000
0000000010000000
0000000010000000
0000000100000000
0000000100000000
0000000100000000
0000000100000000
0000000010000000
0000000010000000
0000000001000000
0000000000100000
0000000000010000
0000000000000000

FF09:
00000000
00010000
00001000
00000100
00000010
00000010
00000001
00000001
00000001
00000001
00000010
00000010
00000100
00001000
00010000
00000000

FF0A:
0000000000000000
0000000000000000
0000000000000000
0000000000000000
0000000100000000
0001000100010000
0000100100100000
0000010101000000
0000001110000000
0000001110000000
0000010101000000
0000100100100000
0001000100010000
0000000100000000
0000000000000000
0000000000000000

FF0B:
0000000000000000
0000000000000000
0000000000000000
0000000100000000
0000000100000000
0000000100000000
0000000100000000
0000000100000000
0011111111111000
0000000100000000
0000000100000000
0000000100000000
0000000100000000
0000000100000000
0000000000000000
0000000000000000

FF0C:
00000000
00000000
00000000
00000000
00000000
00000000
00000000
00000000
00000000
00000000
00001100
00001100
00000100
00000100
00001000
00000000

FF0D:
0000000000000000
0000000000000000
0000000000000000
0000000000000000
0000000000000000
0000000000000000
0000000000000000
0000000000000000
0011111111111000
0000000000000000
0000000000000000
0000000000000000
0000000000000000
0000000000000000
0000000000000000
0000000000000000

FF0E:
00000000
00000000
00000000
00000000
00000000
00000000
00000000
00000000
00000000
00000000
00000000
00000000
00001100
00001100
00000000
00000000

FF0F:
0000000000000000
0000000000000010
0000000000000100
0000000000001000
0000000000010000
0000000000100000
0000000001000000
0000000010000000
0000000100000000
0000001000000000
0000010000000000
0000100000000000
0001000000000000
0010000000000000
0100000000000000
0000000000000000

FF10:
0000000000000000
0000000000000000
0000000000000000
0000001110000000
0000010001000000
0000100000100000
0000100001100000
0000100010100000
0000100100100000
0000101000100000
0000110000100000
0000100000100000
0000010001000000
0000001110000000
0000000000000000
0000000000000000

FF11:
0000000000000000
0000000000000000
0000000000000000
0000000100000000
0000001100000000
0000010100000000
0000100100000000
0000000100000000
0000000100000000
0000000100000000
0000000100000000
0000000100000000
0000000100000000
0000111111100000
0000000000000000
0000000000000000

FF12:
0000000000000000
0000000000000000
0000000000000000
0000001111000000
0000010000100000
0000100000010000
0000100000010000
0000000000100000
0000000001000000
0000000110000000
0000001000000000
0000010000000000
0000100000000000
0000111111110000
0000000000000000
0000000000000000

FF13:
0000000000000000
0000000000000000
0000000000000000
0000001111000000
0000010000100000
0000100000010000
0000000000010000
0000000000100000
0000000111000000
0000000000100000
0000100000010000
0000100000010000
0000010000100000
0000001111000000
0000000000000000
0000000000000000

FF14:
0000000000000000
0000000000000000
0000000000000000
0000000001000000
0000000011000000
0000000101000000
0000001001000000
0000010001000000
0000100001000000
0001000001000000
0001111111110000
0000000001000000
0000000001000000
0000000011100000
0000000000000000
0000000000000000

FF15:
0000000000000000
0000000000000000
0000000000000000
0000111111110000
0000100000000000
0000100000000000
0000100000000000
0000101111000000
0000110000100000
0000000000010000
0000000000010000
0000000000010000
0000100000100000
0000011111000000
0000000000000000
0000000000000000

FF16:
0000000000000000
0000000000000000
0000000000000000
0000001111000000
0000010000100000
0000100000000000
0000100000000000
0001001111000000
0001010000100000
0001100000010000
0001000000010000
0000100000010000
0000010000100000
0000001111000000
0000000000000000
0000000000000000

FF17:
0000000000000000
0000000000000000
0000000000000000
0000111111110000
0000100000100000
0001000001000000
0000000010000000
0000000010000000
0000000100000000
0000000100000000
0000000100000000
0000000100000000
0000000100000000
0000000100000000
0000000000000000
0000000000000000

FF18:
0000000000000000
0000000000000000
0000000000000000
0000001111000000
0000010000100000
0000100000010000
0000100000010000
0000010000100000
0000001111000000
0000010000100000
0000100000010000
0000100000010000
0000010000100000
0000001111000000
0000000000000000
0000000000000000

FF19:
0000000000000000
0000000000000000
0000000000000000
0000001111000000
0000010000100000
0000100000010000
0000100000010000
0000100000010000
0000010000110000
0000001111010000
0000000000010000
0000100000010000
0000010000100000
0000001111000000
0000000000000000
0000000000000000

FF1A:
00000000
00000000
00000000
00000000
00000000
00000110
00000110
00000000
00000000
00000000
00000110
00000110
00000000
00000000
00000000
00000000

FF1B:
00000000
00000000
00000000
00000000
00000000
00000110
00000110
00000000
00000000
00000000
00000110
00000110
00000010
00000010
00000100
00000000

FF1C:
0000000000000000
0000000000000000
0000000000001000
0000000000110000
0000000001000000
0000000110000000
0000001000000000
0000110000000000
0001000000000000
0000110000000000
0000001000000000
0000000110000000
0000000001000000
0000000000110000
0000000000001000
0000000000000000

FF1D:
0000000000000000
0000000000000000
0000000000000000
0000000000000000
0000000000000000
0000000000000000
0011111111111000
0000000000000000
0000000000000000
0000000000000000
0011111111111000
0000000000000000
0000000000000000
0000000000000000
0000000000000000
0000000000000000

FF1E:
0000000000000000
0000000000000000
0001000000000000
0000110000000000
0000001000000000
0000000110000000
0000000001000000
0000000000110000
0000000000001000
0000000000110000
0000000001000000
0000000110000000
0000001000000000
0000110000000000
0001000000000000
0000000000000000

FF1F:
0000000000000000
0000000000000000
0000011111000000
0000100000100000
0001000000010000
0000000000010000
0000000000100000
0000000011000000
0000000100000000
0000000100000000
0000000000000000
0000000000000000
0000000100000000
0000000100000000
0000000000000000
0000000000000000

FF20:
0000000000000000
0000000000000000
0000000000000000
0000001111000000
0000110000110000
0001000000001000
0010000111000100
0010001001000100
0010010001000100
0010010001000100
0010010011001000
0001001100110000
0001000000000100
0000110000011000
0000001111100000
0000000000000000

FF21:
0000000000000000
0000000000000000
0000000000000000
0000000100000000
0000000100000000
0000001010000000
0000001010000000
0000010001000000
0000010001000000
0000100000100000
0000111111100000
0001000000010000
0001000000010000
0011100000111000
0000000000000000
0000000000000000

FF22:
0000000000000000
0000000000000000
0000000000000000
0001111111000000
0000100000100000
0000100000010000
0000100000010000
0000100000100000
0000111111100000
0000100000010000
0000100000001000
0000100000001000
0000100000010000
0001111111100000
0000000000000000
0000000000000000

FF23:
0000000000000000
0000000000000000
0000000000000000
0000001111101000
0000010000011000
0000100000001000
0001000000000000
0001000000000000
0001000000000000
0001000000000000
0001000000000000
0000100000001000
0000010000010000
0000001111100000
0000000000000000
0000000000000000

FF24:
0000000000000000
0000000000000000
0000000000000000
0001111110000000
0000100001100000
0000100000010000
0000100000001000
0000100000001000
0000100000001000
0000100000001000
0000100000001000
0000100000010000
0000100001100000
0001111110000000
0000000000000000
0000000000000000

FF25:
0000000000000000
0000000000000000
0000000000000000
0001111111110000
0000100000010000
0000100000000000
0000100000000000
0000100000100000
0000111111100000
0000100000100000
0000100000000000
0000100000000000
0000100000010000
0001111111110000
0000000000000000
0000000000000000

FF26:
0000000000000000
0000000000000000
0000000000000000
0001111111110000
0000100000010000
0000100000000000
0000100000000000
0000100001000000
0000111111000000
0000100001000000
0000100000000000
0000100000000000
0000100000000000
0001110000000000
0000000000000000
0000000000000000

FF27:
0000000000000000
0000000000000000
0000000000000000
0000001111010000
0000010000110000
0000100000010000
0001000000000000
0001000000000000
0001000001111100
0001000000010000
0001000000010000
0000100000010000
0000010000110000
0000001111010000
0000000000000000
0000000000000000

FF28:
0000000000000000
0000000000000000
0000000000000000
0001110000111000
0000100000010000
0000100000010000
0000100000010000
0000100000010000
0000111111110000
0000100000010000
0000100000010000
0000100000010000
0000100000010000
0001110000111000
0000000000000000
0000000000000000

FF29:
0000000000000000
0000000000000000
0000000000000000
0000011111000000
0000000100000000
0000000100000000
0000000100000000
0000000100000000
0000000100000000
0000000100000000
0000000100000000
0000000100000000
0000000100000000
0000011111000000
0000000000000000
0000000000000000

FF2A:
0000000000000000
0000000000000000
0000000000000000
0000000011111000
0000000000100000
0000000000100000
0000000000100000
0000000000100000
0000000000100000
0000000000100000
0000000000100000
0000100000100000
0000100001000000
0000011110000000
0000000000000000
0000000000000000

FF2B:
0000000000000000
0000000000000000
0000000000000000
0001110001110000
0000100000100000
0000100001000000
0000100010000000
0000101100000000
0000110100000000
0000100010000000
0000100001000000
0000100000100000
0000100000010000
0001110000111000
0000000000000000
0000000000000000

FF2C:
0000000000000000
0000000000000000
0000000000000000
0001110000000000
0000100000000000
0000100000000000
0000100000000000
0000100000000000
0000100000000000
0000100000000000
0000100000000000
0000100000000000
0000100000010000
0001111111110000
0000000000000000
0000000000000000

FF2D:
0000000000000000
0000000000000000
0000000000000000
0011000000001100
0001100000011000
0001100000101000
0001010000101000
0001010001001000
0001001001001000
0001001010001000
0001000100001000
0001000100001000
0001000000001000
0011100000011100
0000000000000000
0000000000000000

FF2E:
0000000000000000
0000000000000000
0000000000000000
0001100000111000
0000110000010000
0000110000010000
0000101000010000
0000100100010000
0000100010010000
0000100010010000
0000100001010000
0000100000110000
0000100000110000
0001110000010000
0000000000000000
0000000000000000

FF2F:
0000000000000000
0000000000000000
0000000000000000
0000001111000000
0000010000100000
0000100000010000
0001000000001000
0001000000001000
0001000000001000
0001000000001000
0001000000001000
0000100000010000
0000010000100000
0000001111000000
0000000000000000
0000000000000000

FF30:
0000000000000000
0000000000000000
0000000000000000
0001111111000000
0000100000100000
0000100000010000
0000100000010000
0000100000100000
0000111111000000
0000100000000000
0000100000000000
0000100000000000
0000100000000000
0001110000000000
0000000000000000
0000000000000000

FF31:
0000000000000000
0000000000000000
0000000000000000
0000001111000000
0000010000100000
0000100000010000
0001000000001000
0001000000001000
0001000000001000
0001000000001000
0001011100001000
0000100010010000
0000010001100000
0000001111100000
0000000000011000
0000000000000000

FF32:
0000000000000000
0000000000000000
0000000000000000
0001111111000000
0000100000100000
0000100000010000
0000100000010000
0000100000100000
0000111111000000
0000100010000000
0000100001000000
0000100000100000
0000100000010000
0001110000111000
0000000000000000
0000000000000000

FF33:
0000000000000000
0000000000000000
0000000000000000
0000001111010000
0000010000110000
0000100000010000
0000010000000000
0000001100000000
0000000011000000
0000000000110000
0000100000001000
0000100000001000
0000110000010000
0000101111100000
0000000000000000
0000000000000000

FF34:
0000000000000000
0000000000000000
0000000000000000
0011111111111000
0010000100001000
0010000100001000
0000000100000000
0000000100000000
0000000100000000
0000000100000000
0000000100000000
0000000100000000
0000000100000000
0000001110000000
0000000000000000
0000000000000000

FF35:
0000000000000000
0000000000000000
0000000000000000
0001110000111000
0000100000010000
0000100000010000
0000100000010000
0000100000010000
0000100000010000
0000100000010000
0000100000010000
0000100000010000
0000010000100000
0000001111000000
0000000000000000
0000000000000000

FF36:
0000000000000000
0000000000000000
0000000000000000
0011100000111000
0001000000010000
0001000000010000
0000100000100000
0000100000100000
0000010001000000
0000010001000000
0000001010000000
0000001010000000
0000000100000000
0000000100000000
0000000000000000
0000000000000000

FF37:
0000000000000000
0000000000000000
0000000000000000
0111000100011100
0010000100001000
0010000100001000
0010000100001000
0001001010010000
0001001010010000
0001010001010000
0001010001010000
0000110001100000
0000100000100000
0000100000100000
0000000000000000
0000000000000000

FF38:
0000000000000000
0000000000000000
0000000000000000
0011100000111000
0001000000010000
0000100000100000
0000010001000000
0000001010000000
0000000100000000
0000001010000000
0000010001000000
0000100000100000
0001000000010000
0011100000111000
0000000000000000
0000000000000000

FF39:
0000000000000000
0000000000000000
0000000000000000
0011100000111000
0001000000010000
0000100000100000
0000010001000000
0000001010000000
0000000100000000
0000000100000000
0000000100000000
0000000100000000
0000000100000000
0000001110000000
0000000000000000
0000000000000000

FF3A:
0000000000000000
0000000000000000
0000000000000000
0001111111111000
0001000000010000
0001000000100000
0000000001000000
0000000010000000
0000000100000000
0000001000000000
0000010000000000
0000100000001000
0001000000001000
0001111111111000
0000000000000000
0000000000000000

FF3B:
0000000000000000
0000000111110000
0000000100000000
0000000100000000
0000000100000000
0000000100000000
0000000100000000
0000000100000000
0000000100000000
0000000100000000
0000000100000000
0000000100000000
0000000100000000
0000000100000000
0000000111110000
0000000000000000

FF3C:
0000000000000000
0100000000000000
0010000000000000
0001000000000000
0000100000000000
0000010000000000
0000001000000000
0000000100000000
0000000010000000
0000000001000000
0000000000100000
0000000000010000
0000000000001000
0000000000000100
0000000000000010
0000000000000000

FF3D:
00000000
00011111
00000001
00000001
00000001
00000001
00000001
00000001
00000001
00000001
00000001
00000001
00000001
00000001
00011111
00000000

FF3E:
0000000000000000
0000000100000000
0000011011000000
0001100000110000
0000000000000000
0000000000000000
0000000000000000
0000000000000000
0000000000000000
0000000000000000
0000000000000000
0000000000000000
0000000000000000
0000000000000000
0000000000000000
0000000000000000

FF3F:
0000000000000000
0000000000000000
0000000000000000
0000000000000000
0000000000000000
0000000000000000
0000000000000000
0000000000000000
0000000000000000
0000000000000000
0000000000000000
0000000000000000
0000000000000000
0000000000000000
1111111111111111
0000000000000000

FF40:
0000000000000000
0000001000000000
0000000100000000
0000000010000000
0000000001000000
0000000000000000
0000000000000000
0000000000000000
0000000000000000
0000000000000000
0000000000000000
0000000000000000
0000000000000000
0000000000000000
0000000000000000
0000000000000000

FF41:
0000000000000000
0000000000000000
0000000000000000
0000000000000000
0000000000000000
0000000000000000
0000001111000000
0000010000100000
0000010000100000
0000000111100000
0000011000100000
0000100000100000
0000100001100000
0000011110010000
0000000000000000
0000000000000000

FF42:
0000000000000000
0000000000000000
0000000000000000
0001100000000000
0000100000000000
0000100000000000
0000100111000000
0000101000100000
0000110000010000
0000100000010000
0000100000010000
0000100000010000
0000110000100000
0001101111000000
0000000000000000
0000000000000000

FF43:
0000000000000000
0000000000000000
0000000000000000
0000000000000000
0000000000000000
0000000000000000
0000001111000000
0000010000100000
0000100000010000
0000100000000000
0000100000000000
0000100000000000
0000010000010000
0000001111100000
0000000000000000
0000000000000000

FF44:
0000000000000000
0000000000000000
0000000000000000
0000000000011000
0000000000010000
0000000000010000
0000001110010000
0000010001010000
0000100000110000
0000100000010000
0000100000010000
0000100000010000
0000010000110000
0000001111011000
0000000000000000
0000000000000000

FF45:
0000000000000000
0000000000000000
0000000000000000
0000000000000000
0000000000000000
0000000000000000
0000001111000000
0000010000100000
0000100000010000
0000111111110000
0000100000000000
0000100000000000
0000010000010000
0000001111100000
0000000000000000
0000000000000000

FF46:
0000000000000000
0000000000000000
0000000000000000
0000001111100000
0000010000010000
0000010000000000
0000010000000000
0001111111000000
0000010000000000
0000010000000000
0000010000000000
0000010000000000
0000010000000000
0000111000000000
0000000000000000
0000000000000000

FF47:
0000000000000000
0000000000000000
0000000000000000
0000000000000000
0000000000000000
0000000000000000
0000001110010000
0000010001100000
0000010000100000
0000010001000000
0000001110000000
0000010000000000
0000011111100000
0000100000010000
0000100000010000
0000011111100000

FF48:
0000000000000000
0000000000000000
0000000000000000
0001100000000000
0000100000000000
0000100000000000
0000100111000000
0000101000100000
0000110000010000
0000100000010000
0000100000010000
0000100000010000
0000100000010000
0001110000111000
0000000000000000
0000000000000000

FF49:
0000000000000000
0000000000000000
0000000100000000
0000000100000000
0000000000000000
0000000000000000
0000001100000000
0000000100000000
0000000100000000
0000000100000000
0000000100000000
0000000100000000
0000000100000000
0000011111000000
0000000000000000
0000000000000000

FF4A:
0000000000000000
0000000000000000
0000000000100000
0000000000100000
0000000000000000
0000000000000000
0000000001100000
0000000000100000
0000000000100000
0000000000100000
0000000000100000
0000000000100000
0000000000100000
0000100000100000
0000100001000000
0000011110000000

FF4B:
0000000000000000
0000000000000000
0000000000000000
0001110000000000
0000100000000000
0000100001110000
0000100001000000
0000100010000000
0000100100000000
0000101100000000
0000110010000000
0000100001000000
0000100000100000
0001110001110000
0000000000000000
0000000000000000

FF4C:
0000000000000000
0000000000000000
0000000000000000
0000001100000000
0000000100000000
0000000100000000
0000000100000000
0000000100000000
0000000100000000
0000000100000000
0000000100000000
0000000100000000
0000000100000000
0000011111000000
0000000000000000
0000000000000000

FF4D:
0000000000000000
0000000000000000
0000000000000000
0000000000000000
0000000000000000
0000000000000000
0011011001100000
0001100110010000
0001000100010000
0001000100010000
0001000100010000
0001000100010000
0001000100010000
0011101110111000
0000000000000000
0000000000000000

FF4E:
0000000000000000
0000000000000000
0000000000000000
0000000000000000
0000000000000000
0000000000000000
0001100111000000
0000101000100000
0000110000100000
0000100000100000
0000100000100000
0000100000100000
0000100000100000
0001110001110000
0000000000000000
0000000000000000

FF4F:
0000000000000000
0000000000000000
0000000000000000
0000000000000000
0000000000000000
0000000000000000
0000001111000000
0000010000100000
0000100000010000
0000100000010000
0000100000010000
0000100000010000
0000010000100000
0000001111000000
0000000000000000
0000000000000000

FF50:
0000000000000000
0000000000000000
0000000000000000
0000000000000000
0000000000000000
0000000000000000
0000101110000000
0000110001000000
0000100000100000
0000100000100000
0000100000100000
0000100000100000
0000110001000000
0000101110000000
0000100000000000
0001110000000000

FF51:
0000000000000000
0000000000000000
0000000000000000
0000000000000000
0000000000000000
0000000000000000
0000001110100000
0000010001100000
0000100000100000
0000100000100000
0000100000100000
0000100000100000
0000010001100000
0000001110100000
0000000000100000
0000000001110000

FF52:
0000000000000000
0000000000000000
0000000000000000
0000000000000000
0000000000000000
0000000000000000
0001100111000000
0000101000100000
0000110000100000
0000100000000000
0000100000000000
0000100000000000
0000100000000000
0001110000000000
0000000000000000
0000000000000000

FF53:
0000000000000000
0000000000000000
0000000000000000
0000000000000000
0000000000000000
0000000000000000
0000011111010000
0000100000110000
0000100000000000
0000011100000000
0000000011100000
0000000000010000
0000110000010000
0000101111100000
0000000000000000
0000000000000000

FF54:
0000000000000000
0000000000000000
0000000000000000
0000000000000000
0000010000000000
0000010000000000
0000010000000000
0001111111100000
0000010000000000
0000010000000000
0000010000000000
0000010000100000
0000010000100000
0000001111000000
0000000000000000
0000000000000000

FF55:
0000000000000000
0000000000000000
0000000000000000
0000000000000000
0000000000000000
0000000000000000
0001110001110000
0000100000100000
0000100000100000
0000100000100000
0000100000100000
0000100000100000
0000010001100000
0000001110110000
0000000000000000
0000000000000000

FF56:
0000000000000000
0000000000000000
0000000000000000
0000000000000000
0000000000000000
0000000000000000
0001110000111000
0000100000010000
0000010000100000
0000010000100000
0000001001000000
0000001001000000
0000000110000000
0000000110000000
0000000000000000
0000000000000000

FF57:
0000000000000000
0000000000000000
0000000000000000
0000000000000000
0000000000000000
0000000000000000
0011100000111000
0001000100010000
0001000100010000
0000101010010000
0000101010100000
0000101010100000
0000010001000000
0000010001000000
0000000000000000
0000000000000000

FF58:
0000000000000000
0000000000000000
0000000000000000
0000000000000000
0000000000000000
0000000000000000
0000110000110000
0000010000100000
0000001001000000
0000000110000000
0000000110000000
0000001001000000
0000010000100000
0000110000110000
0000000000000000
0000000000000000

FF59:
0000000000000000
0000000000000000
0000000000000000
0000000000000000
0000000000000000
0000000000000000
0001110001110000
0000100000100000
0000010001000000
0000010001000000
0000001010000000
0000001010000000
0000000100000000
0000000100000000
0000000100000000
0000111000000000

FF5A:
0000000000000000
0000000000000000
0000000000000000
0000000000000000
0000000000000000
0000000000000000
0000111111100000
0000100001000000
0000000010000000
0000000100000000
0000001000000000
0000010000000000
0000100000100000
0000111111100000
0000000000000000
0000000000000000

FF5B:
0000000000000000
0000000000110000
0000000001000000
0000000010000000
0000000010000000
0000000010000000
0000000010000000
0000001100000000
0000000010000000
0000000010000000
0000000010000000
0000000010000000
0000000010000000
0000000001000000
0000000000110000
0000000000000000

FF5C:
00000000
00000001
00000001
00000001
00000001
00000001
00000001
00000001
00000001
00000001
00000001
00000001
00000001
00000001
00000001
00000000

FF5D:
0000000000000000
0001100000000000
0000010000000000
0000001000000000
0000001000000000
0000001000000000
0000001000000000
0000000110000000
0000001000000000
0000001000000000
0000001000000000
0000001000000000
0000001000000000
0000010000000000
0001100000000000
0000000000000000

FF5E:
0000000000000000
0000000000000000
0000000000000000
0000000000000000
0000000000000000
0000000000000000
0000000000000000
0011111000000000
0100000110000100
0000000001111000
0000000000000000
0000000000000000
0000000000000000
0000000000000000
0000000000000000
0000000000000000

FF5F:
0000000000000000
0000000000000000
0000000010001000
0000000100010000
0000001000100000
0000010001000000
0000010001000000
0000100010000000
0000100010000000
0000100010000000
0000100010000000
0000010001000000
0000010001000000
0000001000100000
0000000100010000
0000000010001000

FF60:
0000000000000000
0000000000000000
0010001000000000
0001000100000000
0000100010000000
0000010001000000
0000010001000000
0000001000100000
0000001000100000
0000001000100000
0000001000100000
0000010001000000
0000010001000000
0000100010000000
0001000100000000
0010001000000000

FF61:
00000000
00000000
00000000
00000000
00000000
00000000
00000000
00000000
00000000
00000000
00110000
01001000
01001000
00110000
00000000
00000000

FF62:
00111110
00100000
00100000
00100000
00100000
00100000
00100000
00100000
00100000
00100000
00100000
00000000
00000000
00000000
00000000
00000000

FF63:
00000000
00000000
00000000
00000000
00000000
00000010
00000010
00000010
00000010
00000010
00000010
00000010
00000010
00000010
00000010
00111110

FF64:
00000000
00000000
00000000
00000000
00000000
00000000
00000000
00000000
00000000
00000000
01000000
00110000
00011000
00001000
00000000
00000000

FF65:
00000000
00000000
00000000
00000000
00000000
00000000
00000000
00011000
00011000
00000000
00000000
00000000
00000000
00000000
00000000
00000000

FF66:
00000000
00000000
01111110
00000010
00000010
00000010
01111110
00000010
00000010
00000010
00000100
00000100
00001000
00010000
01100000
00000000

FF67:
00000000
00000000
00000000
00000000
00000000
01111110
00000010
00000100
00010100
00001000
00001000
00001000
00010000
00010000
00100000
00000000

FF68:
00000000
00000000
00000000
00000000
00000000
00000010
00000100
00001000
00011000
01101000
00001000
00001000
00001000
00001000
00001000
00000000

FF69:
00000000
00000000
00000000
00000000
00001000
00001000
00001000
01111111
01000001
01000001
00000001
00000010
00000010
00000100
00011000
00000000

FF6A:
00000000
00000000
00000000
00000000
00000000
00000000
00000000
00111110
00001000
00001000
00001000
00001000
00001000
00001000
01111111
00000000

FF6B:
00000000
00000000
00000000
00000000
00000000
00000100
00000100
01111111
00000100
00001100
00010100
00100100
01000100
00000100
00001100
00000000

FF6C:
00000000
00000000
00000000
00000000
00100000
00100000
00100000
01111111
00010001
00010010
00010000
00001000
00001000
00001000
00001000
00000000

FF6D:
00000000
00000000
00000000
00000000
00000000
00000000
00000000
00111100
00000100
00000100
00000100
00000100
01111111
00000000
00000000
00000000

FF6E:
00000000
00000000
00000000
00000000
00000000
00000000
01111110
00000010
00000010
01111110
00000010
00000010
01111110
00000000
00000000
00000000

FF6F:
00000000
00000000
00000000
00000000
00000000
00000000
00000000
00101001
00101001
00101001
00000010
00000010
00000100
00001000
00110000
00000000

FF70:
00000000
00000000
00000000
00000000
00000000
00000000
01000000
00111111
00000000
00000000
00000000
00000000
00000000
00000000
00000000
00000000

FF71:
00000000
00000000
01111111
00000001
00001001
00001010
00001010
00001000
00001000
00001000
00001000
00010000
00010000
00100000
00100000
00000000

FF72:
00000000
00000001
00000001
00000001
00000010
00000010
00000100
00001100
00010100
01100100
00000100
00000100
00000100
00000100
00000100
00000000

FF73:
00000000
00001000
00001000
00001000
01111111
01000001
01000001
01000001
00000001
00000001
00000001
00000010
00000010
00000100
00011000
00000000

FF74:
00000000
00000000
00000000
00111110
00001000
00001000
00001000
00001000
00001000
00001000
00001000
00001000
00001000
01111111
00000000
00000000

FF75:
00000000
00000100
00000100
01111111
00000100
00001100
00001100
00010100
00010100
00010100
00100100
00100100
01000100
00000100
00001100
00000000

FF76:
00000000
00001000
00001000
00001000
01111111
00001001
00001001
00001001
00001001
00010001
00010001
00010010
00100010
00100010
01000100
00000000

FF77:
00000000
00010000
00010000
00010000
00011110
01110000
00001000
00001000
00001111
01111000
00001000
00001000
00000100
00000100
00000100
00000000

FF78:
00000000
00001000
00001000
00001111
00010001
00010001
00100001
01000001
00000010
00000010
00000100
00000100
00001000
00010000
01100000
00000000

FF79:
00000000
00100000
00100000
00100000
00111111
00100100
00100100
01000100
00000100
00000100
00000100
00001000
00001000
00010000
00100000
00000000

FF7A:
00000000
00000000
00000000
01111110
00000010
00000010
00000010
00000010
00000010
00000010
00000010
00000010
00000010
01111110
00000000
00000000

FF7B:
00000000
00010010
00010010
00010010
01111111
00010010
00010010
00010010
00010010
00000100
00000100
00000100
00001000
00001000
00010000
00000000

FF7C:
00000000
00000000
00111000
00000000
00000000
00000000
01110001
00000001
00000001
00000010
00000010
00000100
00001000
00010000
01100000
00000000

FF7D:
00000000
00000000
00000000
01111110
00000010
00000100
00000100
00000100
00001000
00001000
00010100
00010010
00100010
00100001
01000001
00000000

FF7E:
00000000
00010000
00010000
00010000
00010000
00010111
01111001
00010001
00010010
00010010
00010000
00010000
00010000
00001000
00000111
00000000

FF7F:
00000000
00000001
01000001
01000001
00100001
00000001
00000010
00000010
00000010
00000100
00000100
00001000
00001000
00010000
00100000
00000000

FF80:
00000000
00001000
00001000
00001111
00010001
00010001
00101001
01000101
00000010
00000010
00000100
00000100
00001000
00010000
01100000
00000000

FF81:
00000000
00000010
00001100
00111000
01001000
00001000
00001000
01111111
00001000
00001000
00001000
00001000
00010000
00010000
01100000
00000000

FF82:
00000000
00000000
01010010
01010010
01010010
01000010
00000010
00000100
00000100
00000100
00001000
00001000
00010000
00100000
01000000
00000000

FF83:
00000000
00000000
00111110
00000000
00000000
00000000
01111111
00001000
00001000
00001000
00001000
00001000
00010000
00010000
00100000
00000000

FF84:
00000000
00100000
00100000
00100000
00100000
00100000
00111000
00100100
00100010
00100000
00100000
00100000
00100000
00100000
00100000
00000000

FF85:
00000000
00001000
00001000
00001000
00001000
01111111
00001000
00001000
00001000
00001000
00001000
00010000
00010000
00100000
01000000
00000000

FF86:
00000000
00000000
00000000
00111110
00000000
00000000
00000000
00000000
00000000
00000000
00000000
00000000
00000000
01111111
00000000
00000000

FF87:
00000000
00000000
01111111
00000001
00000001
00000001
00100010
00011010
00000100
00000110
00001010
00001001
00010001
00100001
01000000
00000000

FF88:
00000000
00001000
00001000
00001000
01111111
00000010
00000100
00000100
00001010
00011001
00101001
01001000
00001000
00001000
00001000
00000000

FF89:
00000000
00000000
00000010
00000010
00000010
00000010
00000010
00000100
00000100
00000100
00001000
00001000
00010000
00100000
01000000
00000000

FF8A:
00000000
00000000
00010010
00010010
00010010
00010010
00010010
00010001
00010001
00100001
00100001
00100001
00100001
01000001
01000000
00000000

FF8B:
00000000
01000000
01000000
01000000
01000000
01000000
01000110
01111000
01000000
01000000
01000000
01000000
01000000
00100000
00011110
00000000

FF8C:
00000000
00000000
01111111
00000001
00000001
00000001
00000010
00000010
00000010
00000100
00000100
00001000
00001000
00010000
00100000
00000000

FF8D:
00000000
00000000
00010000
00101000
00101000
01000100
01000100
00000100
00000010
00000010
00000010
00000001
00000001
00000001
00000000
00000000

FF8E:
00000000
00001000
00001000
00001000
01111111
00001000
00001000
00101010
00101010
00101010
01001001
01001001
01001001
00001000
00001000
00000000

FF8F:
00000000
00000000
01111110
00000010
00000010
00000010
00000100
00100100
00100100
00011000
00011000
00010000
00001000
00001000
00001000
00000000

FF90:
00000000
00000000
00111000
00000110
00000001
00000000
00110000
00001100
00000010
00000000
01110000
00001100
00000010
00000001
00000000
00000000

FF91:
00000000
00001000
00001000
00001000
00001000
00001000
00010000
00010000
00010000
00010010
00100010
00100001
00100111
00111001
01000001
00000000

FF92:
00000000
00000001
00000001
00000001
00000010
00110010
00001010
00000100
00000110
00001010
00001001
00010001
00010001
00100000
01000000
00000000

FF93:
00000000
00000000
00111110
00001000
00001000
00001000
00001000
01111111
00001000
00001000
00001000
00001000
00001000
00001000
00000111
00000000

FF94:
00000000
00100000
00100000
00100000
00100111
01111001
00100001
00010010
00010010
00010000
00010000
00001000
00001000
00001000
00001000
00000000

FF95:
00000000
00000000
00000000
00000000
00111100
00000100
00000100
00000100
00000100
00000100
00000100
00000100
00000100
01111111
00000000
00000000

FF96:
00000000
00000000
00000000
01111110
00000010
00000010
00000010
00000010
01111110
00000010
00000010
00000010
00000010
00000010
01111110
00000000

FF97:
00000000
00000000
00111100
00000000
00000000
00000000
01111110
00000010
00000010
00000010
00000100
00000100
00001000
00010000
00100000
00000000

FF98:
00000000
00000010
00100010
00100010
00100010
00100010
00100010
00100010
00000010
00000100
00000100
00000100
00001000
00001000
00010000
00000000

FF99:
00000000
00000000
00001000
00101000
00101000
00101000
00101000
00101001
00101001
00101001
00101010
00101010
01001100
01001100
01001000
00000000

FF9A:
00000000
00000000
01000000
01000000
01000000
01000000
01000000
01000010
01000010
01000010
01000100
01000100
01001000
01010000
01100000
00000000

FF9B:
00000000
00000000
00000000
01111110
01000010
01000010
01000010
01000010
01000010
01000010
01000010
01000010
01111110
01000010
00000000
00000000

FF9C:
00000000
00000000
01111110
01000010
01000010
01000010
01000010
00000010
00000100
00000100
00000100
00001000
00001000
00010000
00100000
00000000

FF9D:
00000000
00000000
01100000
00010000
00000000
00000001
00000001
00000001
00000001
00000010
00000010
00000100
00001000
00010000
01100000
00000000

FF9E:
00000000
00000000
00010000
01001000
00100100
00010000
00000000
00000000
00000000
00000000
00000000
00000000
00000000
00000000
00000000
00000000

FF9F:
00000000
00000000
00110000
01001000
01001000
00110000
00000000
00000000
00000000
00000000
00000000
00000000
00000000
00000000
00000000
00000000

FFA0:
00000000
00000000
00000000
00000000
00000000
00000000
00000000
00000000
00000000
00000000
00000000
00000000
00000000
00000000
00000000
00000000

FFA1:
00000000
00000000
00000000
00000000
00000000
00000000
00000000
00000000
00000000
01111110
00000010
00000010
00000010
00000010
00000000
00000000

FFA2:
00000000
00000000
00000000
00000000
00000000
00000000
00000000
00000000
00000000
01101100
00100100
00100100
00100100
00100100
00000000
00000000

FFA3:
00000000
00000000
00000000
00000000
00000000
00000000
00000000
00000000
01110100
00010100
00010100
00011010
00010001
00000000
00000000
00000000

FFA4:
00000000
00000000
00000000
00000000
00000000
00000000
00000000
00000000
00000000
01000000
01000000
01000000
01000000
01111110
00000000
00000000

FFA5:
00000000
00000000
00000000
00000000
00000000
00000000
00000000
00000000
00000000
00100100
00100100
00100100
00101010
00111001
00000000
00000000

FFA6:
00000000
00000000
00000000
00000000
00000000
00000000
00000000
00000000
00000000
00100010
00100111
00100010
00100101
00111010
00000000
00000000

FFA7:
00000000
00000000
00000000
00000000
00000000
00000000
00000000
00000000
00000000
01111110
01000000
01000000
01000000
01111110
00000000
00000000

FFA8:
00000000
00000000
00000000
00000000
00000000
00000000
00000000
00000000
00000000
01101100
01001000
01001000
01001000
01101100
00000000
00000000

FFA9:
00000000
00000000
00000000
00000000
00000000
00000000
00000000
00000000
00000000
00111100
00000100
00111100
00100000
00111100
00000000
00000000

FFAA:
00000000
00000000
00000000
00000000
00000000
00000000
00000000
00000000
00000000
01110110
00010010
01110010
01000010
01110010
00000000
00000000

FFAB:
00000000
00000000
00000000
00000000
00000000
00000000
00000000
00000000
00000000
11101110
00101010
11101010
10001010
11101110
00000000
00000000

FFAC:
00000000
00000000
00000000
00000000
00000000
00000000
00000000
00000000
00000000
11101010
00101010
11101110
10001010
11101110
00000000
00000000

FFAD:
00000000
00000000
00000000
00000000
00000000
00000000
00000000
00000000
00000000
11100100
00100100
11100100
10001010
11101010
00000000
00000000

FFAE:
00000000
00000000
00000000
00000000
00000000
00000000
00000000
00000000
00000000
11101110
00101000
11101110
10001000
11101110
00000000
00000000

FFAF:
00000000
00000000
00000000
00000000
00000000
00000000
00000000
00000000
00000000
11111111
00101010
11101010
10001010
11111111
00000000
00000000

FFB0:
00000000
00000000
00000000
00000000
00000000
00000000
00000000
00000000
00000000
11100100
00101110
11100100
10001010
11100100
00000000
00000000

FFB1:
00000000
00000000
00000000
00000000
00000000
00000000
00000000
00000000
00000000
01111100
01000100
01000100
01000100
01111100
00000000
00000000

FFB2:
00000000
00000000
00000000
00000000
00000000
00000000
00000000
00000000
00000000
01000010
01000010
01111110
01000010
01111110
00000000
00000000

FFB3:
00000000
00000000
00000000
00000000
00000000
00000000
00000000
00000000
00000000
10101010
10101010
11101110
10101010
11101110
00000000
00000000

FFB4:
00000000
00000000
00000000
00000000
00000000
00000000
00000000
00000000
00000000
01010100
01010100
01110100
01011010
01110001
00000000
00000000

FFB5:
00000000
00000000
00000000
00000000
00000000
00000000
00000000
00000000
00000000
00010000
00010000
00010000
00101000
01000100
00000000
00000000

FFB6:
00000000
00000000
00000000
00000000
00000000
00000000
00000000
00000000
00000000
00100100
00100100
00100100
01011010
10010001
00000000
00000000

FFB7:
00000000
00000000
00000000
00000000
00000000
00000000
00000000
00010000
00010000
00111000
01000100
01000100
01000100
00111000
00000000
00000000

FFB8:
00000000
00000000
00000000
00000000
00000000
00000000
00000000
00000000
00000000
01111100
00010000
00010000
00101000
01000100
00000000
00000000

FFB9:
00000000
00000000
00000000
00000000
00000000
00000000
00000000
00000000
00000000
01111110
00100100
00100100
01011010
10010001
00000000
00000000

FFBA:
00000000
00000000
00000000
00000000
00000000
00000000
00000000
00000000
00111000
00000000
01111100
00010000
00101000
01000100
00000000
00000000

FFBB:
00000000
00000000
00000000
00000000
00000000
00000000
00000000
00000000
00000000
01111110
00000010
01111110
00000010
00000010
00000000
00000000

FFBC:
00000000
00000000
00000000
00000000
00000000
00000000
00000000
00000000
00000000
01111110
01000000
01111110
01000000
01111110
00000000
00000000

FFBD:
00000000
00000000
00000000
00000000
00000000
00000000
00000000
00000000
00000000
01111110
00100100
00100100
00100100
01111110
00000000
00000000

FFBE:
00000000
00000000
00000000
00000000
00000000
00000000
00000000
00000000
00000000
00111000
11111110
00111000
01000100
00111000
00000000
00000000

FFBF:
0000000000000000
0111111111111110
0110000110000110
0110111110111110
0110001110001110
0110111110111110
0110111110111110
0111111111111110
0111111111111110
0110001110000110
0110110110111110
0110001110001110
0110110110111110
0110001110111110
0111111111111110
0000000000000000

FFC0:
0000000000000000
0111111111111110
0110000110000110
0110111110111110
0110001110001110
0110111110111110
0110111110111110
0111111111111110
0111111111111110
0111000111001110
0110111110110110
0110111110110110
0110111110110110
0111000111001110
0111111111111110
0000000000000000

FFC1:
0000000000000000
0111111111111110
0110000110000110
0110111110111110
0110001110001110
0110111110111110
0110111110111110
0111111111111110
0111111111111110
0111000111101110
0110111111001110
0110111111101110
0110111111101110
0111000111000110
0111111111111110
0000000000000000

FFC2:
00000000
00000000
00000000
00000000
00000000
00000000
00000000
00000000
00000000
00100000
00100000
00111000
00100000
00100000
00000000
00000000

FFC3:
00000000
00000000
00000000
00000000
00000000
00000000
00000000
00000000
00000000
00101000
00101000
00111000
00101000
00101000
00000000
00000000

FFC4:
00000000
00000000
00000000
00000000
00000000
00000000
00000000
00000000
00000000
00100000
00111000
00100000
00111000
00100000
00000000
00000000

FFC5:
00000000
00000000
00000000
00000000
00000000
00000000
00000000
00000000
00000000
00101000
00111000
00101000
00111000
00101000
00000000
00000000

FFC6:
00000000
00000000
00000000
00000000
00000000
00000000
00000000
00000000
00000000
00001000
00001000
00111000
00001000
00001000
00000000
00000000

FFC7:
00000000
00000000
00000000
00000000
00000000
00000000
00000000
00000000
00000000
00010100
00010100
01110100
00010100
00010100
00000000
00000000

FFC8:
0000000000000000
0111111111111110
0110000110000110
0110111110111110
0110001110001110
0110111110111110
0110111110111110
0111111111111110
0111111111111110
0111000111001110
0110111110110110
0110111111001110
0110111110110110
0111000111001110
0111111111111110
0000000000000000

FFC9:
0000000000000000
0111111111111110
0110000110000110
0110111110111110
0110001110001110
0110111110111110
0110111110111110
0111111111111110
0111111111111110
0111000111001110
0110111110110110
0110111111000110
0110111111110110
0111000111001110
0111111111111110
0000000000000000

FFCA:
00000000
00000000
00000000
00000000
00000000
00000000
00000000
00000000
00000000
00001000
00111000
00001000
00111000
00001000
00000000
00000000

FFCB:
00000000
00000000
00000000
00000000
00000000
00000000
00000000
00000000
00000000
00010100
01110100
00010100
01110100
00010100
00000000
00000000

FFCC:
00000000
00000000
00000000
00000000
00000000
00000000
00000000
00000000
00000000
00010000
00010000
00010000
00010000
01111100
00000000
00000000

FFCD:
00000000
00000000
00000000
00000000
00000000
00000000
00000000
00000000
00000000
00000100
00000100
00010100
00010100
01111110
00000000
00000000

FFCE:
00000000
00000000
00000000
00000000
00000000
00000000
00000000
00000000
00000000
00001010
00001010
00101010
00101010
11111110
00000000
00000000

FFCF:
00000000
00000000
00000000
00000000
00000000
00000000
00000000
00000000
00000000
00000100
00000100
00010100
00010100
01111100
00000000
00000000

FFD0:
0000000000000000
0111111111111110
0110000110000110
0110111110111110
0110001110001110
0110111110111110
0110111110111110
0111111111111110
0111111111111110
0110001111001110
0110110110110110
0110110110110110
0110110110110110
0110001111001110
0111111111111110
0000000000000000

FFD1:
0000000000000000
0111111111111110
0110000110000110
0110111110111110
0110001110001110
0110111110111110
0110111110111110
0111111111111110
0111111111111110
0110001111101110
0110110111001110
0110110111101110
0110110111101110
0110001111000110
0111111111111110
0000000000000000

FFD2:
00000000
00000000
00000000
00000000
00000000
00000000
00000000
00000000
00000000
00101000
00101000
00101000
00101000
01111100
00000000
00000000

FFD3:
00000000
00000000
00000000
00000000
00000000
00000000
00000000
00000000
00000000
01111100
00010000
00010000
00010000
00010000
00000000
00000000

FFD4:
00000000
00000000
00000000
00000000
00000000
00000000
00000000
00000100
00000100
00111100
00010100
00011100
00010100
00010100
00000000
00000000

FFD5:
00000000
00000000
00000000
00000000
00000000
00000000
00000000
00001010
00001010
01111010
00101010
00111010
00101010
00101010
00000000
00000000

FFD6:
00000000
00000000
00000000
00000000
00000000
00000000
00000000
00000100
00000100
00111100
00010100
00010100
00010100
00010100
00000000
00000000

FFD7:
00000000
00000000
00000000
00000000
00000000
00000000
00000000
00000000
00000000
01111100
00101000
00101000
00101000
00101000
00000000
00000000

FFD8:
0000000000000000
0111111111111110
0110000110000110
0110111110111110
0110001110001110
0110111110111110
0110111110111110
0111111111111110
0111111111111110
0110001111001110
0110110110110110
0110110111001110
0110110110110110
0110001111001110
0111111111111110
0000000000000000

FFD9:
0000000000000000
0111111111111110
0110000110000110
0110111110111110
0110001110001110
0110111110111110
0110111110111110
0111111111111110
0111111111111110
0110001111001110
0110110110110110
0110110111000110
0110110111110110
0110001111001110
0111111111111110
0000000000000000

FFDA:
00000000
00000000
00000000
00000000
00000000
00000000
00000000
00000000
00000000
00000000
00000000
01111110
00000000
00000000
00000000
00000000

FFDB:
00000000
00000000
00000000
00000000
00000000
00000000
00000000
00000000
00000000
00001000
00001000
00011000
00101000
00001000
00000000
00000000

FFDC:
00000000
00000000
00000000
00000000
00000000
00000000
00000000
00000000
00000000
00001000
00001000
00001000
00001000
00001000
00000000
00000000

FFDD:
0000000000000000
0111111111111110
0110000110000110
0110111110111110
0110001110001110
0110111110111110
0110111110111110
0111111111111110
0111111111111110
0110001110001110
0110110110110110
0110110110110110
0110110110110110
0110001110001110
0111111111111110
0000000000000000

FFDE:
0000000000000000
0111111111111110
0110000110000110
0110111110111110
0110001110001110
0110111110111110
0110111110111110
0111111111111110
0111111111111110
0110001110000110
0110110110111110
0110110110001110
0110110110111110
0110001110000110
0111111111111110
0000000000000000

FFDF:
0000000000000000
0111111111111110
0110000110000110
0110111110111110
0110001110001110
0110111110111110
0110111110111110
0111111111111110
0111111111111110
0110001110000110
0110110110111110
0110110110001110
0110110110111110
0110001110111110
0111111111111110
0000000000000000

FFE0:
0000000000000000
0000000000000000
0000000000000000
0000000000010000
0000001110100000
0000010001100000
0000100001010000
0000100010010000
0000100010000000
0000100100000000
0000100100000000
0000011000010000
0000001000100000
0000010111000000
0000100000000000
0000000000000000

FFE1:
0000000000000000
0000000000000000
0000000011110000
0000000100001000
0000001000001000
0000001000001000
0000001000000000
0000001000000000
0011111111110000
0000000100000000
0001110100000000
0010001100000100
0010001011000100
0001110000111000
0000000000000000
0000000000000000

FFE2:
0000000000000000
0000000000000000
0000000000000000
0000000000000000
0000000000000000
0000000000000000
0000000000000000
0000000000000000
0011111111111000
0000000000001000
0000000000001000
0000000000001000
0000000000001000
0000000000000000
0000000000000000
0000000000000000

FFE3:
0000000000000000
0111111111111110
0000000000000000
0000000000000000
0000000000000000
0000000000000000
0000000000000000
0000000000000000
0000000000000000
0000000000000000
0000000000000000
0000000000000000
0000000000000000
0000000000000000
0000000000000000
0000000000000000

FFE4:
00000000
00000000
00000000
00000001
00000001
00000001
00000001
00000001
00000000
00000000
00000001
00000001
00000001
00000001
00000001
00000000

FFE5:
0000000000000000
0000000000000000
0011100000111000
0001000000010000
0000100000100000
0011111111111000
0000010001000000
0000001010000000
0011111111111000
0000000100000000
0000000100000000
0000000100000000
0000000100000000
0000001110000000
0000000000000000
0000000000000000

FFE6:
0000000000000000
0000000000000000
0111000100011100
0010000100001000
0010000100001000
0111111111111100
0010000100001000
0001001010010000
0111111111111100
0001010001010000
0001010001010000
0000110001100000
0000100000100000
0000100000100000
0000000000000000
0000000000000000

FFE7:
0000000000000000
0111111111111110
0110000110000110
0110111110111110
0110001110001110
0110111110111110
0110111110111110
0111111111111110
0111111111111110
0110000110000110
0110111111110110
0110001111101110
0110111111011110
0110000111011110
0111111111111110
0000000000000000

FFE8:
00001000
00001000
00001000
00001000
00001000
00001000
00001000
00001000
00001000
00001000
00001000
00001000
00001000
00001000
00001000
00001000

FFE9:
00000000
00000000
00000000
00000000
00000000
00010000
00100000
01111110
00100000
00010000
00000000
00000000
00000000
00000000
00000000
00000000

FFEA:
00000000
00000000
00000000
00000000
00000000
00001000
00011100
00101010
00001000
00001000
00001000
00000000
00000000
00000000
00000000
00000000

FFEB:
00000000
00000000
00000000
00000000
00000000
00000000
00001000
00000100
01111110
00000100
00001000
00000000
00000000
00000000
00000000
00000000

FFEC:
00000000
00000000
00000000
00000000
00000000
00001000
00001000
00001000
00101010
00011100
00001000
00000000
00000000
00000000
00000000
00000000

FFED:
00000000
00000000
00000000
00000000
00000000
00000000
00000000
01111110
01111110
01111110
01111110
01111110
01111110
00000000
00000000
00000000

FFEE:
00000000
00000000
00000000
00000000
00000000
00000000
00011000
00100100
01000010
01000010
00100100
00011000
00000000
00000000
00000000
00000000

FFEF:
0000000000000000
0111111111111110
0110000110000110
0110111110111110
0110001110001110
0110111110111110
0110111110111110
0111111111111110
0111111111111110
0110000110000110
0110111110111110
0110001110001110
0110111110111110
0110000110111110
0111111111111110
0000000000000000

FFFD:
00000000
00000000
00000000
01111110
01100110
01011010
01011010
01111010
01110110
01110110
01111110
01110110
01110110
01111110
00000000
00000000
